--
-- MySQL database dump
-- Created by DbManage class, Power By yanue. 
-- My 662 Database Project 
--
-- Host: mysql1.cs.clemson.edu
-- generated date: 12 / 02 / 2015 /  21:59
-- MySQL Version: 5.5.41-0ubuntu0.12.04.1
-- PHP Version: 5.3.10-1ubuntu3.21

--
-- database: `My662Project`
--

-- -------------------------------------------------------

--
-- structureapplication
--

DROP TABLE IF EXISTS `application`;
CREATE TABLE `application` (
  `timeid` int(11) NOT NULL,
  `userid` char(9) NOT NULL,
  `reason` text NOT NULL,
  `state` enum('Y','N') DEFAULT NULL,
  PRIMARY KEY (`timeid`,`userid`),
  KEY `userid` (`userid`),
  CONSTRAINT `application_ibfk_3` FOREIGN KEY (`timeid`) REFERENCES `time_info` (`timeid`) ON DELETE CASCADE ON UPDATE CASCADE,
  CONSTRAINT `application_ibfk_2` FOREIGN KEY (`userid`) REFERENCES `user_info` (`userid`) ON DELETE CASCADE ON UPDATE CASCADE
) ENGINE=InnoDB DEFAULT CHARSET=latin1;

--
-- resave the result of table application
--

REPLACE INTO `application` VALUES('112','C00001004','Want to go to Disney.','');
REPLACE INTO `application` VALUES('119','C00000010','','');
REPLACE INTO `application` VALUES('132','C00001004','','');
REPLACE INTO `application` VALUES('184','C00000003','','Y');
--
-- structureevaluation
--

DROP TABLE IF EXISTS `evaluation`;
CREATE TABLE `evaluation` (
  `eid` int(11) NOT NULL AUTO_INCREMENT,
  `userid` char(9) NOT NULL,
  `evale` int(2) NOT NULL DEFAULT '10',
  `time` datetime NOT NULL,
  `userid2` char(9) NOT NULL,
  PRIMARY KEY (`eid`),
  KEY `userid` (`userid`),
  KEY `userid2` (`userid2`),
  CONSTRAINT `evaluation_ibfk_1` FOREIGN KEY (`userid`) REFERENCES `user_info` (`userid`) ON DELETE CASCADE ON UPDATE CASCADE,
  CONSTRAINT `evaluation_ibfk_2` FOREIGN KEY (`userid2`) REFERENCES `user_info` (`userid`) ON DELETE CASCADE ON UPDATE CASCADE
) ENGINE=InnoDB AUTO_INCREMENT=101 DEFAULT CHARSET=latin1;

--
-- resave the result of table evaluation
--

REPLACE INTO `evaluation` VALUES('1','C00000010','2','2015-11-25 04:12:26','C00000003');
REPLACE INTO `evaluation` VALUES('2','C00000003','10','2015-11-25 08:27:50','C00001002');
REPLACE INTO `evaluation` VALUES('3','C00000010','8','2015-11-25 08:28:40','C00001002');
REPLACE INTO `evaluation` VALUES('4','C00001004','5','2015-11-29 05:11:25','C00001018');
REPLACE INTO `evaluation` VALUES('5','C00000003','7','2015-11-29 03:59:58','C00001018');
REPLACE INTO `evaluation` VALUES('6','C00000010','7','2015-11-29 04:00:02','C00001018');
REPLACE INTO `evaluation` VALUES('7','C00001002','9','2015-11-29 05:11:28','C00001018');
REPLACE INTO `evaluation` VALUES('8','C00000003','10','2015-11-29 04:29:35','C00001009');
REPLACE INTO `evaluation` VALUES('9','C00001007','8','2015-11-29 05:11:32','C00001018');
REPLACE INTO `evaluation` VALUES('10','C00000010','8','2015-11-29 04:30:02','C00001009');
REPLACE INTO `evaluation` VALUES('11','C00001002','7','2015-11-29 04:31:21','C00001009');
REPLACE INTO `evaluation` VALUES('12','C00001007','8','2015-11-29 04:32:04','C00001009');
REPLACE INTO `evaluation` VALUES('13','C00001018','9','2015-11-29 04:32:13','C00001009');
REPLACE INTO `evaluation` VALUES('14','C00001003','7','2015-11-29 05:11:08','C00001018');
REPLACE INTO `evaluation` VALUES('15','C00001006','7','2015-11-29 05:11:12','C00001018');
REPLACE INTO `evaluation` VALUES('16','C00001008','5','2015-11-29 05:11:16','C00001018');
REPLACE INTO `evaluation` VALUES('17','C00001009','7','2015-11-29 05:11:19','C00001018');
REPLACE INTO `evaluation` VALUES('18','C00001005','7','2015-11-29 05:11:22','C00001018');
REPLACE INTO `evaluation` VALUES('19','C00001008','10','2015-11-29 05:49:39','C00000003');
REPLACE INTO `evaluation` VALUES('20','C00001009','8','2015-11-29 05:49:44','C00000003');
REPLACE INTO `evaluation` VALUES('21','C00001002','10','2015-11-29 05:49:47','C00000003');
REPLACE INTO `evaluation` VALUES('22','C00001003','9','2015-11-29 05:49:51','C00000003');
REPLACE INTO `evaluation` VALUES('23','C00001018','9','2015-11-29 05:49:54','C00000003');
REPLACE INTO `evaluation` VALUES('24','C00001004','7','2015-11-29 07:15:28','C00000003');
REPLACE INTO `evaluation` VALUES('25','C00001006','5','2015-11-29 07:15:31','C00000003');
REPLACE INTO `evaluation` VALUES('26','C00001007','10','2015-11-29 07:15:34','C00000003');
REPLACE INTO `evaluation` VALUES('27','C00001005','10','2015-11-29 07:15:37','C00000003');
REPLACE INTO `evaluation` VALUES('28','C00001003','7','2015-11-29 07:20:50','C00001009');
REPLACE INTO `evaluation` VALUES('29','C00001005','10','2015-11-29 07:20:53','C00001009');
REPLACE INTO `evaluation` VALUES('30','C00001004','10','2015-11-29 07:22:01','C00001009');
REPLACE INTO `evaluation` VALUES('31','C00001006','8','2015-11-29 07:22:04','C00001009');
REPLACE INTO `evaluation` VALUES('32','C00001008','9','2015-11-29 07:22:08','C00001009');
REPLACE INTO `evaluation` VALUES('33','C00000003','10','2015-11-29 07:23:03','C00001008');
REPLACE INTO `evaluation` VALUES('34','C00000010','10','2015-11-29 07:23:06','C00001008');
REPLACE INTO `evaluation` VALUES('35','C00001003','8','2015-11-29 07:23:09','C00001008');
REPLACE INTO `evaluation` VALUES('36','C00001006','7','2015-11-29 07:23:12','C00001008');
REPLACE INTO `evaluation` VALUES('37','C00001002','8','2015-11-29 07:23:15','C00001008');
REPLACE INTO `evaluation` VALUES('38','C00001005','7','2015-11-29 07:23:18','C00001008');
REPLACE INTO `evaluation` VALUES('39','C00001004','6','2015-11-29 07:23:20','C00001008');
REPLACE INTO `evaluation` VALUES('40','C00001009','7','2015-11-29 07:23:23','C00001008');
REPLACE INTO `evaluation` VALUES('41','C00001018','8','2015-11-29 07:23:26','C00001008');
REPLACE INTO `evaluation` VALUES('42','C00001007','7','2015-11-29 07:23:29','C00001008');
REPLACE INTO `evaluation` VALUES('43','C00000003','8','2015-11-29 07:24:16','C00001007');
REPLACE INTO `evaluation` VALUES('44','C00000010','8','2015-11-29 07:24:19','C00001007');
REPLACE INTO `evaluation` VALUES('45','C00001002','10','2015-11-29 07:24:22','C00001007');
REPLACE INTO `evaluation` VALUES('46','C00001003','8','2015-11-29 07:24:25','C00001007');
REPLACE INTO `evaluation` VALUES('47','C00001004','8','2015-11-29 07:24:28','C00001007');
REPLACE INTO `evaluation` VALUES('48','C00001005','7','2015-11-29 07:24:29','C00001007');
REPLACE INTO `evaluation` VALUES('49','C00001008','10','2015-11-29 07:24:32','C00001007');
REPLACE INTO `evaluation` VALUES('50','C00001006','10','2015-11-29 07:24:33','C00001007');
REPLACE INTO `evaluation` VALUES('51','C00001018','8','2015-11-29 07:24:35','C00001007');
REPLACE INTO `evaluation` VALUES('52','C00001009','9','2015-11-29 07:24:37','C00001007');
REPLACE INTO `evaluation` VALUES('53','C00000003','8','2015-11-29 07:25:08','C00001006');
REPLACE INTO `evaluation` VALUES('54','C00000010','10','2015-11-29 07:25:10','C00001006');
REPLACE INTO `evaluation` VALUES('55','C00001002','9','2015-11-29 07:25:11','C00001006');
REPLACE INTO `evaluation` VALUES('56','C00001003','9','2015-11-29 07:25:13','C00001006');
REPLACE INTO `evaluation` VALUES('57','C00001004','10','2015-11-29 07:25:15','C00001006');
REPLACE INTO `evaluation` VALUES('58','C00001005','8','2015-11-29 07:25:17','C00001006');
REPLACE INTO `evaluation` VALUES('59','C00001007','8','2015-11-29 07:25:18','C00001006');
REPLACE INTO `evaluation` VALUES('60','C00001008','9','2015-11-29 07:25:20','C00001006');
REPLACE INTO `evaluation` VALUES('61','C00001009','10','2015-11-29 07:25:22','C00001006');
REPLACE INTO `evaluation` VALUES('62','C00001018','9','2015-11-29 07:25:23','C00001006');
REPLACE INTO `evaluation` VALUES('63','C00000003','7','2015-11-29 07:26:10','C00001004');
REPLACE INTO `evaluation` VALUES('64','C00000010','8','2015-11-29 07:26:11','C00001004');
REPLACE INTO `evaluation` VALUES('65','C00001002','9','2015-11-29 07:26:13','C00001004');
REPLACE INTO `evaluation` VALUES('66','C00001003','10','2015-11-29 07:26:15','C00001004');
REPLACE INTO `evaluation` VALUES('67','C00001005','10','2015-11-29 07:26:16','C00001004');
REPLACE INTO `evaluation` VALUES('68','C00001006','6','2015-11-29 07:26:19','C00001004');
REPLACE INTO `evaluation` VALUES('69','C00001007','6','2015-11-29 07:26:20','C00001004');
REPLACE INTO `evaluation` VALUES('70','C00001008','10','2015-11-29 07:26:24','C00001004');
REPLACE INTO `evaluation` VALUES('71','C00001009','6','2015-11-29 07:26:28','C00001004');
REPLACE INTO `evaluation` VALUES('72','C00001018','10','2015-11-29 07:26:30','C00001004');
REPLACE INTO `evaluation` VALUES('73','C00000003','7','2015-11-29 07:39:15','C00001003');
REPLACE INTO `evaluation` VALUES('74','C00000010','8','2015-11-29 07:39:17','C00001003');
REPLACE INTO `evaluation` VALUES('75','C00001002','8','2015-11-29 07:39:19','C00001003');
REPLACE INTO `evaluation` VALUES('76','C00001004','9','2015-11-29 07:39:21','C00001003');
REPLACE INTO `evaluation` VALUES('77','C00001005','10','2015-11-29 07:39:23','C00001003');
REPLACE INTO `evaluation` VALUES('78','C00001006','9','2015-11-29 07:39:25','C00001003');
REPLACE INTO `evaluation` VALUES('79','C00001007','8','2015-11-29 07:39:26','C00001003');
REPLACE INTO `evaluation` VALUES('80','C00001008','10','2015-11-29 07:39:28','C00001003');
REPLACE INTO `evaluation` VALUES('81','C00001009','7','2015-11-29 07:39:30','C00001003');
REPLACE INTO `evaluation` VALUES('82','C00001018','10','2015-11-29 07:39:32','C00001003');
REPLACE INTO `evaluation` VALUES('83','C00001003','8','2015-11-29 07:40:08','C00001002');
REPLACE INTO `evaluation` VALUES('84','C00001004','10','2015-11-29 07:40:10','C00001002');
REPLACE INTO `evaluation` VALUES('85','C00001005','9','2015-11-29 07:40:11','C00001002');
REPLACE INTO `evaluation` VALUES('86','C00001006','10','2015-11-29 07:40:13','C00001002');
REPLACE INTO `evaluation` VALUES('87','C00001007','8','2015-11-29 07:40:15','C00001002');
REPLACE INTO `evaluation` VALUES('88','C00001008','9','2015-11-29 07:40:17','C00001002');
REPLACE INTO `evaluation` VALUES('89','C00001009','7','2015-11-29 07:40:18','C00001002');
REPLACE INTO `evaluation` VALUES('90','C00001018','9','2015-11-29 07:40:20','C00001002');
REPLACE INTO `evaluation` VALUES('91','C00000003','9','2015-12-02 09:57:43','C00001004');
REPLACE INTO `evaluation` VALUES('92','C00000010','8','2015-12-02 09:57:44','C00001004');
REPLACE INTO `evaluation` VALUES('93','C00001002','9','2015-12-02 09:57:46','C00001004');
REPLACE INTO `evaluation` VALUES('94','C00001003','8','2015-12-02 09:57:47','C00001004');
REPLACE INTO `evaluation` VALUES('95','C00001005','10','2015-12-02 09:57:49','C00001004');
REPLACE INTO `evaluation` VALUES('96','C00001006','8','2015-12-02 09:57:50','C00001004');
REPLACE INTO `evaluation` VALUES('97','C00001007','9','2015-12-02 09:57:52','C00001004');
REPLACE INTO `evaluation` VALUES('98','C00001008','8','2015-12-02 09:57:53','C00001004');
REPLACE INTO `evaluation` VALUES('99','C00001009','9','2015-12-02 09:57:55','C00001004');
REPLACE INTO `evaluation` VALUES('100','C00001018','8','2015-12-02 09:57:58','C00001004');
--
-- structuregroup_info
--

DROP TABLE IF EXISTS `group_info`;
CREATE TABLE `group_info` (
  `groupid` int(11) NOT NULL AUTO_INCREMENT,
  `gname` varchar(20) NOT NULL,
  `leaderid` char(9) DEFAULT NULL,
  `membernumber` int(11) NOT NULL,
  PRIMARY KEY (`groupid`),
  KEY `leader` (`leaderid`),
  CONSTRAINT `group_info_ibfk_1` FOREIGN KEY (`leaderid`) REFERENCES `user_info` (`userid`) ON DELETE SET NULL ON UPDATE CASCADE
) ENGINE=InnoDB AUTO_INCREMENT=40 DEFAULT CHARSET=latin1;

--
-- resave the result of table group_info
--

REPLACE INTO `group_info` VALUES('0','special_group','','9');
REPLACE INTO `group_info` VALUES('1','group1','','11');
REPLACE INTO `group_info` VALUES('2','group2','','10');
REPLACE INTO `group_info` VALUES('3','group3','','10');
REPLACE INTO `group_info` VALUES('4','group4','','10');
REPLACE INTO `group_info` VALUES('5','group5','','12');
REPLACE INTO `group_info` VALUES('6','testgroup','','1');
REPLACE INTO `group_info` VALUES('7','testgroup2','','6');
REPLACE INTO `group_info` VALUES('8','testgroup3','','0');
--
-- structuregroup_time
--

DROP TABLE IF EXISTS `group_time`;
CREATE TABLE `group_time` (
  `groupid` int(11) NOT NULL,
  `timeid` int(11) NOT NULL,
  `positionvalue` int(11) NOT NULL DEFAULT '0',
  `requestvalue` int(11) NOT NULL DEFAULT '0',
  PRIMARY KEY (`groupid`,`timeid`),
  KEY `timeid` (`timeid`),
  CONSTRAINT `group_time_ibfk_3` FOREIGN KEY (`timeid`) REFERENCES `time_info` (`timeid`),
  CONSTRAINT `group_time_ibfk_2` FOREIGN KEY (`groupid`) REFERENCES `group_info` (`groupid`)
) ENGINE=InnoDB DEFAULT CHARSET=latin1;

--
-- resave the result of table group_time
--

REPLACE INTO `group_time` VALUES('0','2','3','0');
REPLACE INTO `group_time` VALUES('0','3','1','0');
REPLACE INTO `group_time` VALUES('0','4','4','0');
REPLACE INTO `group_time` VALUES('0','6','3','0');
REPLACE INTO `group_time` VALUES('0','7','1','0');
REPLACE INTO `group_time` VALUES('0','8','4','0');
REPLACE INTO `group_time` VALUES('0','10','3','0');
REPLACE INTO `group_time` VALUES('0','11','1','0');
REPLACE INTO `group_time` VALUES('0','12','4','0');
REPLACE INTO `group_time` VALUES('0','14','3','0');
REPLACE INTO `group_time` VALUES('0','15','1','0');
REPLACE INTO `group_time` VALUES('0','16','4','0');
REPLACE INTO `group_time` VALUES('0','18','3','0');
REPLACE INTO `group_time` VALUES('0','19','1','0');
REPLACE INTO `group_time` VALUES('0','20','4','0');
REPLACE INTO `group_time` VALUES('0','22','3','0');
REPLACE INTO `group_time` VALUES('0','23','1','0');
REPLACE INTO `group_time` VALUES('0','24','4','0');
REPLACE INTO `group_time` VALUES('0','26','3','0');
REPLACE INTO `group_time` VALUES('0','27','1','0');
REPLACE INTO `group_time` VALUES('0','28','4','0');
REPLACE INTO `group_time` VALUES('0','30','3','0');
REPLACE INTO `group_time` VALUES('0','31','1','0');
REPLACE INTO `group_time` VALUES('0','32','4','0');
REPLACE INTO `group_time` VALUES('0','34','3','0');
REPLACE INTO `group_time` VALUES('0','35','1','0');
REPLACE INTO `group_time` VALUES('0','36','4','0');
REPLACE INTO `group_time` VALUES('0','38','3','0');
REPLACE INTO `group_time` VALUES('0','39','1','0');
REPLACE INTO `group_time` VALUES('0','40','4','0');
REPLACE INTO `group_time` VALUES('0','42','3','0');
REPLACE INTO `group_time` VALUES('0','43','1','0');
REPLACE INTO `group_time` VALUES('0','44','4','0');
REPLACE INTO `group_time` VALUES('0','46','3','0');
REPLACE INTO `group_time` VALUES('0','47','1','0');
REPLACE INTO `group_time` VALUES('0','48','4','0');
REPLACE INTO `group_time` VALUES('0','50','3','0');
REPLACE INTO `group_time` VALUES('0','51','1','0');
REPLACE INTO `group_time` VALUES('0','52','4','0');
REPLACE INTO `group_time` VALUES('0','54','3','0');
REPLACE INTO `group_time` VALUES('0','55','1','0');
REPLACE INTO `group_time` VALUES('0','56','4','0');
REPLACE INTO `group_time` VALUES('0','58','3','0');
REPLACE INTO `group_time` VALUES('0','59','1','0');
REPLACE INTO `group_time` VALUES('0','60','4','0');
REPLACE INTO `group_time` VALUES('0','62','3','0');
REPLACE INTO `group_time` VALUES('0','63','1','0');
REPLACE INTO `group_time` VALUES('0','64','4','0');
REPLACE INTO `group_time` VALUES('0','66','3','0');
REPLACE INTO `group_time` VALUES('0','67','1','0');
REPLACE INTO `group_time` VALUES('0','68','4','0');
REPLACE INTO `group_time` VALUES('0','70','3','0');
REPLACE INTO `group_time` VALUES('0','71','1','0');
REPLACE INTO `group_time` VALUES('0','72','4','0');
REPLACE INTO `group_time` VALUES('0','74','3','0');
REPLACE INTO `group_time` VALUES('0','75','1','0');
REPLACE INTO `group_time` VALUES('0','76','4','0');
REPLACE INTO `group_time` VALUES('0','78','3','0');
REPLACE INTO `group_time` VALUES('0','79','1','0');
REPLACE INTO `group_time` VALUES('0','80','4','0');
REPLACE INTO `group_time` VALUES('0','82','3','0');
REPLACE INTO `group_time` VALUES('0','83','1','0');
REPLACE INTO `group_time` VALUES('0','84','4','0');
REPLACE INTO `group_time` VALUES('0','86','3','0');
REPLACE INTO `group_time` VALUES('0','87','1','0');
REPLACE INTO `group_time` VALUES('0','88','4','0');
REPLACE INTO `group_time` VALUES('0','90','3','0');
REPLACE INTO `group_time` VALUES('0','91','1','0');
REPLACE INTO `group_time` VALUES('0','92','4','0');
REPLACE INTO `group_time` VALUES('0','94','3','0');
REPLACE INTO `group_time` VALUES('0','95','1','0');
REPLACE INTO `group_time` VALUES('0','96','4','0');
REPLACE INTO `group_time` VALUES('0','98','3','0');
REPLACE INTO `group_time` VALUES('0','99','1','0');
REPLACE INTO `group_time` VALUES('0','100','4','0');
REPLACE INTO `group_time` VALUES('0','102','3','0');
REPLACE INTO `group_time` VALUES('0','103','1','0');
REPLACE INTO `group_time` VALUES('0','104','4','0');
REPLACE INTO `group_time` VALUES('0','106','3','0');
REPLACE INTO `group_time` VALUES('0','107','1','0');
REPLACE INTO `group_time` VALUES('0','108','4','0');
REPLACE INTO `group_time` VALUES('0','110','3','0');
REPLACE INTO `group_time` VALUES('0','111','1','0');
REPLACE INTO `group_time` VALUES('0','112','4','0');
REPLACE INTO `group_time` VALUES('0','114','3','0');
REPLACE INTO `group_time` VALUES('0','115','1','0');
REPLACE INTO `group_time` VALUES('0','116','4','0');
REPLACE INTO `group_time` VALUES('0','118','3','0');
REPLACE INTO `group_time` VALUES('0','119','1','0');
REPLACE INTO `group_time` VALUES('0','120','4','0');
REPLACE INTO `group_time` VALUES('0','122','3','0');
REPLACE INTO `group_time` VALUES('0','123','1','0');
REPLACE INTO `group_time` VALUES('0','124','4','0');
REPLACE INTO `group_time` VALUES('0','126','3','0');
REPLACE INTO `group_time` VALUES('0','127','1','0');
REPLACE INTO `group_time` VALUES('0','128','4','0');
REPLACE INTO `group_time` VALUES('0','130','3','0');
REPLACE INTO `group_time` VALUES('0','131','1','0');
REPLACE INTO `group_time` VALUES('0','132','4','0');
REPLACE INTO `group_time` VALUES('0','134','3','0');
REPLACE INTO `group_time` VALUES('0','135','1','0');
REPLACE INTO `group_time` VALUES('0','136','4','0');
REPLACE INTO `group_time` VALUES('0','138','3','0');
REPLACE INTO `group_time` VALUES('0','139','1','0');
REPLACE INTO `group_time` VALUES('0','140','4','0');
REPLACE INTO `group_time` VALUES('0','142','3','0');
REPLACE INTO `group_time` VALUES('0','143','1','0');
REPLACE INTO `group_time` VALUES('0','144','4','0');
REPLACE INTO `group_time` VALUES('0','146','3','0');
REPLACE INTO `group_time` VALUES('0','147','1','0');
REPLACE INTO `group_time` VALUES('0','148','4','0');
REPLACE INTO `group_time` VALUES('0','150','3','0');
REPLACE INTO `group_time` VALUES('0','151','1','0');
REPLACE INTO `group_time` VALUES('0','152','4','0');
REPLACE INTO `group_time` VALUES('0','154','3','0');
REPLACE INTO `group_time` VALUES('0','155','1','0');
REPLACE INTO `group_time` VALUES('0','156','4','0');
REPLACE INTO `group_time` VALUES('0','158','3','0');
REPLACE INTO `group_time` VALUES('0','159','1','0');
REPLACE INTO `group_time` VALUES('0','160','4','0');
REPLACE INTO `group_time` VALUES('0','162','3','0');
REPLACE INTO `group_time` VALUES('0','163','1','0');
REPLACE INTO `group_time` VALUES('0','164','4','0');
REPLACE INTO `group_time` VALUES('0','166','3','0');
REPLACE INTO `group_time` VALUES('0','167','1','0');
REPLACE INTO `group_time` VALUES('0','168','4','0');
REPLACE INTO `group_time` VALUES('0','170','3','0');
REPLACE INTO `group_time` VALUES('0','171','1','0');
REPLACE INTO `group_time` VALUES('0','172','4','0');
REPLACE INTO `group_time` VALUES('0','174','3','0');
REPLACE INTO `group_time` VALUES('0','175','1','0');
REPLACE INTO `group_time` VALUES('0','176','4','0');
REPLACE INTO `group_time` VALUES('0','178','3','0');
REPLACE INTO `group_time` VALUES('0','179','1','0');
REPLACE INTO `group_time` VALUES('0','180','4','0');
REPLACE INTO `group_time` VALUES('0','182','3','0');
REPLACE INTO `group_time` VALUES('0','183','1','0');
REPLACE INTO `group_time` VALUES('0','184','4','0');
REPLACE INTO `group_time` VALUES('0','186','3','0');
REPLACE INTO `group_time` VALUES('0','187','1','0');
REPLACE INTO `group_time` VALUES('0','188','4','0');
REPLACE INTO `group_time` VALUES('0','190','3','0');
REPLACE INTO `group_time` VALUES('0','191','1','0');
REPLACE INTO `group_time` VALUES('0','192','4','0');
REPLACE INTO `group_time` VALUES('0','194','3','0');
REPLACE INTO `group_time` VALUES('0','195','1','0');
REPLACE INTO `group_time` VALUES('0','196','4','0');
REPLACE INTO `group_time` VALUES('0','198','3','0');
REPLACE INTO `group_time` VALUES('0','199','1','0');
REPLACE INTO `group_time` VALUES('0','200','4','0');
REPLACE INTO `group_time` VALUES('0','202','3','0');
REPLACE INTO `group_time` VALUES('0','203','1','0');
REPLACE INTO `group_time` VALUES('0','204','4','0');
REPLACE INTO `group_time` VALUES('0','206','3','0');
REPLACE INTO `group_time` VALUES('0','207','1','0');
REPLACE INTO `group_time` VALUES('0','208','4','0');
REPLACE INTO `group_time` VALUES('0','210','3','0');
REPLACE INTO `group_time` VALUES('0','211','1','0');
REPLACE INTO `group_time` VALUES('0','212','4','0');
REPLACE INTO `group_time` VALUES('0','214','3','0');
REPLACE INTO `group_time` VALUES('0','215','1','0');
REPLACE INTO `group_time` VALUES('0','216','4','0');
REPLACE INTO `group_time` VALUES('0','218','3','0');
REPLACE INTO `group_time` VALUES('0','219','1','0');
REPLACE INTO `group_time` VALUES('0','220','4','0');
REPLACE INTO `group_time` VALUES('0','222','3','0');
REPLACE INTO `group_time` VALUES('0','223','1','0');
REPLACE INTO `group_time` VALUES('0','224','4','0');
REPLACE INTO `group_time` VALUES('0','226','3','0');
REPLACE INTO `group_time` VALUES('0','227','1','0');
REPLACE INTO `group_time` VALUES('0','228','4','0');
REPLACE INTO `group_time` VALUES('0','230','3','0');
REPLACE INTO `group_time` VALUES('0','231','1','0');
REPLACE INTO `group_time` VALUES('0','232','4','0');
REPLACE INTO `group_time` VALUES('0','234','3','0');
REPLACE INTO `group_time` VALUES('0','235','1','0');
REPLACE INTO `group_time` VALUES('0','236','4','0');
REPLACE INTO `group_time` VALUES('0','238','3','0');
REPLACE INTO `group_time` VALUES('0','239','1','0');
REPLACE INTO `group_time` VALUES('0','240','4','0');
REPLACE INTO `group_time` VALUES('0','242','3','0');
REPLACE INTO `group_time` VALUES('0','243','1','0');
REPLACE INTO `group_time` VALUES('0','244','4','0');
REPLACE INTO `group_time` VALUES('0','246','3','0');
REPLACE INTO `group_time` VALUES('0','247','1','0');
REPLACE INTO `group_time` VALUES('0','248','4','0');
REPLACE INTO `group_time` VALUES('0','250','3','0');
REPLACE INTO `group_time` VALUES('0','251','1','0');
REPLACE INTO `group_time` VALUES('0','252','4','0');
REPLACE INTO `group_time` VALUES('0','254','3','0');
REPLACE INTO `group_time` VALUES('0','255','1','0');
REPLACE INTO `group_time` VALUES('0','256','4','0');
REPLACE INTO `group_time` VALUES('0','258','3','0');
REPLACE INTO `group_time` VALUES('0','259','1','0');
REPLACE INTO `group_time` VALUES('0','260','4','0');
REPLACE INTO `group_time` VALUES('0','262','3','0');
REPLACE INTO `group_time` VALUES('0','263','1','0');
REPLACE INTO `group_time` VALUES('0','264','4','0');
REPLACE INTO `group_time` VALUES('0','266','3','0');
REPLACE INTO `group_time` VALUES('0','267','1','0');
REPLACE INTO `group_time` VALUES('0','268','4','0');
REPLACE INTO `group_time` VALUES('0','270','3','0');
REPLACE INTO `group_time` VALUES('1','1','2','0');
REPLACE INTO `group_time` VALUES('1','2','5','0');
REPLACE INTO `group_time` VALUES('1','3','2','0');
REPLACE INTO `group_time` VALUES('1','4','3','0');
REPLACE INTO `group_time` VALUES('1','5','2','0');
REPLACE INTO `group_time` VALUES('1','6','5','0');
REPLACE INTO `group_time` VALUES('1','7','2','0');
REPLACE INTO `group_time` VALUES('1','8','3','0');
REPLACE INTO `group_time` VALUES('1','9','2','0');
REPLACE INTO `group_time` VALUES('1','10','5','0');
REPLACE INTO `group_time` VALUES('1','11','2','0');
REPLACE INTO `group_time` VALUES('1','12','3','0');
REPLACE INTO `group_time` VALUES('1','13','2','0');
REPLACE INTO `group_time` VALUES('1','14','5','0');
REPLACE INTO `group_time` VALUES('1','15','2','0');
REPLACE INTO `group_time` VALUES('1','16','3','0');
REPLACE INTO `group_time` VALUES('1','17','2','0');
REPLACE INTO `group_time` VALUES('1','18','5','0');
REPLACE INTO `group_time` VALUES('1','19','2','0');
REPLACE INTO `group_time` VALUES('1','20','3','0');
REPLACE INTO `group_time` VALUES('1','21','2','0');
REPLACE INTO `group_time` VALUES('1','22','5','0');
REPLACE INTO `group_time` VALUES('1','23','2','0');
REPLACE INTO `group_time` VALUES('1','24','3','0');
REPLACE INTO `group_time` VALUES('1','25','2','0');
REPLACE INTO `group_time` VALUES('1','26','5','0');
REPLACE INTO `group_time` VALUES('1','27','2','0');
REPLACE INTO `group_time` VALUES('1','28','3','0');
REPLACE INTO `group_time` VALUES('1','29','2','0');
REPLACE INTO `group_time` VALUES('1','30','5','0');
REPLACE INTO `group_time` VALUES('1','31','2','0');
REPLACE INTO `group_time` VALUES('1','32','3','0');
REPLACE INTO `group_time` VALUES('1','33','2','0');
REPLACE INTO `group_time` VALUES('1','34','5','0');
REPLACE INTO `group_time` VALUES('1','35','2','0');
REPLACE INTO `group_time` VALUES('1','36','3','0');
REPLACE INTO `group_time` VALUES('1','37','2','0');
REPLACE INTO `group_time` VALUES('1','38','5','0');
REPLACE INTO `group_time` VALUES('1','39','2','0');
REPLACE INTO `group_time` VALUES('1','40','3','0');
REPLACE INTO `group_time` VALUES('1','41','2','0');
REPLACE INTO `group_time` VALUES('1','42','5','0');
REPLACE INTO `group_time` VALUES('1','43','2','0');
REPLACE INTO `group_time` VALUES('1','44','3','0');
REPLACE INTO `group_time` VALUES('1','45','2','0');
REPLACE INTO `group_time` VALUES('1','46','5','0');
REPLACE INTO `group_time` VALUES('1','47','2','0');
REPLACE INTO `group_time` VALUES('1','48','3','0');
REPLACE INTO `group_time` VALUES('1','49','2','0');
REPLACE INTO `group_time` VALUES('1','50','5','0');
REPLACE INTO `group_time` VALUES('1','51','2','0');
REPLACE INTO `group_time` VALUES('1','52','3','0');
REPLACE INTO `group_time` VALUES('1','53','2','0');
REPLACE INTO `group_time` VALUES('1','54','5','0');
REPLACE INTO `group_time` VALUES('1','55','2','0');
REPLACE INTO `group_time` VALUES('1','56','3','0');
REPLACE INTO `group_time` VALUES('1','57','2','0');
REPLACE INTO `group_time` VALUES('1','58','5','0');
REPLACE INTO `group_time` VALUES('1','59','2','0');
REPLACE INTO `group_time` VALUES('1','60','3','0');
REPLACE INTO `group_time` VALUES('1','61','2','0');
REPLACE INTO `group_time` VALUES('1','62','5','0');
REPLACE INTO `group_time` VALUES('1','63','2','0');
REPLACE INTO `group_time` VALUES('1','64','3','0');
REPLACE INTO `group_time` VALUES('1','65','2','0');
REPLACE INTO `group_time` VALUES('1','66','5','0');
REPLACE INTO `group_time` VALUES('1','67','2','0');
REPLACE INTO `group_time` VALUES('1','68','3','0');
REPLACE INTO `group_time` VALUES('1','69','2','0');
REPLACE INTO `group_time` VALUES('1','70','5','0');
REPLACE INTO `group_time` VALUES('1','71','2','0');
REPLACE INTO `group_time` VALUES('1','72','3','0');
REPLACE INTO `group_time` VALUES('1','73','2','0');
REPLACE INTO `group_time` VALUES('1','74','5','0');
REPLACE INTO `group_time` VALUES('1','75','2','0');
REPLACE INTO `group_time` VALUES('1','76','3','0');
REPLACE INTO `group_time` VALUES('1','77','2','0');
REPLACE INTO `group_time` VALUES('1','78','5','0');
REPLACE INTO `group_time` VALUES('1','79','2','0');
REPLACE INTO `group_time` VALUES('1','80','3','0');
REPLACE INTO `group_time` VALUES('1','81','2','0');
REPLACE INTO `group_time` VALUES('1','82','5','0');
REPLACE INTO `group_time` VALUES('1','83','2','0');
REPLACE INTO `group_time` VALUES('1','84','3','0');
REPLACE INTO `group_time` VALUES('1','85','2','0');
REPLACE INTO `group_time` VALUES('1','86','5','0');
REPLACE INTO `group_time` VALUES('1','87','2','0');
REPLACE INTO `group_time` VALUES('1','88','3','0');
REPLACE INTO `group_time` VALUES('1','89','2','0');
REPLACE INTO `group_time` VALUES('1','90','5','0');
REPLACE INTO `group_time` VALUES('1','91','2','0');
REPLACE INTO `group_time` VALUES('1','92','3','0');
REPLACE INTO `group_time` VALUES('1','93','2','0');
REPLACE INTO `group_time` VALUES('1','94','5','0');
REPLACE INTO `group_time` VALUES('1','95','2','0');
REPLACE INTO `group_time` VALUES('1','96','3','0');
REPLACE INTO `group_time` VALUES('1','97','2','0');
REPLACE INTO `group_time` VALUES('1','98','5','0');
REPLACE INTO `group_time` VALUES('1','99','2','0');
REPLACE INTO `group_time` VALUES('1','100','3','0');
REPLACE INTO `group_time` VALUES('1','101','2','0');
REPLACE INTO `group_time` VALUES('1','102','5','0');
REPLACE INTO `group_time` VALUES('1','103','2','0');
REPLACE INTO `group_time` VALUES('1','104','3','0');
REPLACE INTO `group_time` VALUES('1','105','2','0');
REPLACE INTO `group_time` VALUES('1','106','5','0');
REPLACE INTO `group_time` VALUES('1','107','2','0');
REPLACE INTO `group_time` VALUES('1','108','3','0');
REPLACE INTO `group_time` VALUES('1','109','2','0');
REPLACE INTO `group_time` VALUES('1','110','5','0');
REPLACE INTO `group_time` VALUES('1','111','2','0');
REPLACE INTO `group_time` VALUES('1','112','3','0');
REPLACE INTO `group_time` VALUES('1','113','2','0');
REPLACE INTO `group_time` VALUES('1','114','5','0');
REPLACE INTO `group_time` VALUES('1','115','2','0');
REPLACE INTO `group_time` VALUES('1','116','3','0');
REPLACE INTO `group_time` VALUES('1','117','2','0');
REPLACE INTO `group_time` VALUES('1','118','5','0');
REPLACE INTO `group_time` VALUES('1','119','2','0');
REPLACE INTO `group_time` VALUES('1','120','3','0');
REPLACE INTO `group_time` VALUES('1','121','2','0');
REPLACE INTO `group_time` VALUES('1','122','5','0');
REPLACE INTO `group_time` VALUES('1','123','2','0');
REPLACE INTO `group_time` VALUES('1','124','3','0');
REPLACE INTO `group_time` VALUES('1','125','2','0');
REPLACE INTO `group_time` VALUES('1','126','5','0');
REPLACE INTO `group_time` VALUES('1','127','2','0');
REPLACE INTO `group_time` VALUES('1','128','3','0');
REPLACE INTO `group_time` VALUES('1','129','2','0');
REPLACE INTO `group_time` VALUES('1','130','5','0');
REPLACE INTO `group_time` VALUES('1','131','2','0');
REPLACE INTO `group_time` VALUES('1','132','3','0');
REPLACE INTO `group_time` VALUES('1','133','2','0');
REPLACE INTO `group_time` VALUES('1','134','5','0');
REPLACE INTO `group_time` VALUES('1','135','2','0');
REPLACE INTO `group_time` VALUES('1','136','3','0');
REPLACE INTO `group_time` VALUES('1','137','2','0');
REPLACE INTO `group_time` VALUES('1','138','5','0');
REPLACE INTO `group_time` VALUES('1','139','2','0');
REPLACE INTO `group_time` VALUES('1','140','3','0');
REPLACE INTO `group_time` VALUES('1','141','2','0');
REPLACE INTO `group_time` VALUES('1','142','5','0');
REPLACE INTO `group_time` VALUES('1','143','2','0');
REPLACE INTO `group_time` VALUES('1','144','3','0');
REPLACE INTO `group_time` VALUES('1','145','2','0');
REPLACE INTO `group_time` VALUES('1','146','5','0');
REPLACE INTO `group_time` VALUES('1','147','2','0');
REPLACE INTO `group_time` VALUES('1','148','3','0');
REPLACE INTO `group_time` VALUES('1','149','2','0');
REPLACE INTO `group_time` VALUES('1','150','5','0');
REPLACE INTO `group_time` VALUES('1','151','2','0');
REPLACE INTO `group_time` VALUES('1','152','3','0');
REPLACE INTO `group_time` VALUES('1','153','2','0');
REPLACE INTO `group_time` VALUES('1','154','5','0');
REPLACE INTO `group_time` VALUES('1','155','2','0');
REPLACE INTO `group_time` VALUES('1','156','3','0');
REPLACE INTO `group_time` VALUES('1','157','2','0');
REPLACE INTO `group_time` VALUES('1','158','5','0');
REPLACE INTO `group_time` VALUES('1','159','2','0');
REPLACE INTO `group_time` VALUES('1','160','3','0');
REPLACE INTO `group_time` VALUES('1','161','2','0');
REPLACE INTO `group_time` VALUES('1','162','5','0');
REPLACE INTO `group_time` VALUES('1','163','2','0');
REPLACE INTO `group_time` VALUES('1','164','3','0');
REPLACE INTO `group_time` VALUES('1','165','2','0');
REPLACE INTO `group_time` VALUES('1','166','5','0');
REPLACE INTO `group_time` VALUES('1','167','2','0');
REPLACE INTO `group_time` VALUES('1','168','3','0');
REPLACE INTO `group_time` VALUES('1','169','2','0');
REPLACE INTO `group_time` VALUES('1','170','5','0');
REPLACE INTO `group_time` VALUES('1','171','2','0');
REPLACE INTO `group_time` VALUES('1','172','3','0');
REPLACE INTO `group_time` VALUES('1','173','2','0');
REPLACE INTO `group_time` VALUES('1','174','5','0');
REPLACE INTO `group_time` VALUES('1','175','2','0');
REPLACE INTO `group_time` VALUES('1','176','3','0');
REPLACE INTO `group_time` VALUES('1','177','2','0');
REPLACE INTO `group_time` VALUES('1','178','5','0');
REPLACE INTO `group_time` VALUES('1','179','2','0');
REPLACE INTO `group_time` VALUES('1','180','3','0');
REPLACE INTO `group_time` VALUES('1','181','2','0');
REPLACE INTO `group_time` VALUES('1','182','5','0');
REPLACE INTO `group_time` VALUES('1','183','2','0');
REPLACE INTO `group_time` VALUES('1','184','3','0');
REPLACE INTO `group_time` VALUES('1','185','2','0');
REPLACE INTO `group_time` VALUES('1','186','5','0');
REPLACE INTO `group_time` VALUES('1','187','2','0');
REPLACE INTO `group_time` VALUES('1','188','3','0');
REPLACE INTO `group_time` VALUES('1','189','2','0');
REPLACE INTO `group_time` VALUES('1','190','5','0');
REPLACE INTO `group_time` VALUES('1','191','2','0');
REPLACE INTO `group_time` VALUES('1','192','3','0');
REPLACE INTO `group_time` VALUES('1','193','2','0');
REPLACE INTO `group_time` VALUES('1','194','5','0');
REPLACE INTO `group_time` VALUES('1','195','2','0');
REPLACE INTO `group_time` VALUES('1','196','3','0');
REPLACE INTO `group_time` VALUES('1','197','2','0');
REPLACE INTO `group_time` VALUES('1','198','5','0');
REPLACE INTO `group_time` VALUES('1','199','2','0');
REPLACE INTO `group_time` VALUES('1','200','3','0');
REPLACE INTO `group_time` VALUES('1','201','2','0');
REPLACE INTO `group_time` VALUES('1','202','5','0');
REPLACE INTO `group_time` VALUES('1','203','2','0');
REPLACE INTO `group_time` VALUES('1','204','3','0');
REPLACE INTO `group_time` VALUES('1','205','2','0');
REPLACE INTO `group_time` VALUES('1','206','5','0');
REPLACE INTO `group_time` VALUES('1','207','2','0');
REPLACE INTO `group_time` VALUES('1','208','3','0');
REPLACE INTO `group_time` VALUES('1','209','2','0');
REPLACE INTO `group_time` VALUES('1','210','5','0');
REPLACE INTO `group_time` VALUES('1','211','2','0');
REPLACE INTO `group_time` VALUES('1','212','3','0');
REPLACE INTO `group_time` VALUES('1','213','2','0');
REPLACE INTO `group_time` VALUES('1','214','5','0');
REPLACE INTO `group_time` VALUES('1','215','2','0');
REPLACE INTO `group_time` VALUES('1','216','3','0');
REPLACE INTO `group_time` VALUES('1','217','2','0');
REPLACE INTO `group_time` VALUES('1','218','5','0');
REPLACE INTO `group_time` VALUES('1','219','2','0');
REPLACE INTO `group_time` VALUES('1','220','3','0');
REPLACE INTO `group_time` VALUES('1','221','2','0');
REPLACE INTO `group_time` VALUES('1','222','5','0');
REPLACE INTO `group_time` VALUES('1','223','2','0');
REPLACE INTO `group_time` VALUES('1','224','3','0');
REPLACE INTO `group_time` VALUES('1','225','2','0');
REPLACE INTO `group_time` VALUES('1','226','5','0');
REPLACE INTO `group_time` VALUES('1','227','2','0');
REPLACE INTO `group_time` VALUES('1','228','3','0');
REPLACE INTO `group_time` VALUES('1','229','2','0');
REPLACE INTO `group_time` VALUES('1','230','5','0');
REPLACE INTO `group_time` VALUES('1','231','2','0');
REPLACE INTO `group_time` VALUES('1','232','3','0');
REPLACE INTO `group_time` VALUES('1','233','2','0');
REPLACE INTO `group_time` VALUES('1','234','5','0');
REPLACE INTO `group_time` VALUES('1','235','2','0');
REPLACE INTO `group_time` VALUES('1','236','3','0');
REPLACE INTO `group_time` VALUES('1','237','2','0');
REPLACE INTO `group_time` VALUES('1','238','5','0');
REPLACE INTO `group_time` VALUES('1','239','2','0');
REPLACE INTO `group_time` VALUES('1','240','3','0');
REPLACE INTO `group_time` VALUES('1','241','2','0');
REPLACE INTO `group_time` VALUES('1','242','5','0');
REPLACE INTO `group_time` VALUES('1','243','2','0');
REPLACE INTO `group_time` VALUES('1','244','3','0');
REPLACE INTO `group_time` VALUES('1','245','2','0');
REPLACE INTO `group_time` VALUES('1','246','5','0');
REPLACE INTO `group_time` VALUES('1','247','2','0');
REPLACE INTO `group_time` VALUES('1','248','3','0');
REPLACE INTO `group_time` VALUES('1','249','2','0');
REPLACE INTO `group_time` VALUES('1','250','5','0');
REPLACE INTO `group_time` VALUES('1','251','2','0');
REPLACE INTO `group_time` VALUES('1','252','3','0');
REPLACE INTO `group_time` VALUES('1','253','2','0');
REPLACE INTO `group_time` VALUES('1','254','5','0');
REPLACE INTO `group_time` VALUES('1','255','2','0');
REPLACE INTO `group_time` VALUES('1','256','3','0');
REPLACE INTO `group_time` VALUES('1','257','2','0');
REPLACE INTO `group_time` VALUES('1','258','5','0');
REPLACE INTO `group_time` VALUES('1','259','2','0');
REPLACE INTO `group_time` VALUES('1','260','3','0');
REPLACE INTO `group_time` VALUES('1','261','2','0');
REPLACE INTO `group_time` VALUES('1','262','5','0');
REPLACE INTO `group_time` VALUES('1','263','2','0');
REPLACE INTO `group_time` VALUES('1','264','3','0');
REPLACE INTO `group_time` VALUES('1','265','2','0');
REPLACE INTO `group_time` VALUES('1','266','5','0');
REPLACE INTO `group_time` VALUES('1','267','2','0');
REPLACE INTO `group_time` VALUES('1','268','3','0');
REPLACE INTO `group_time` VALUES('1','269','2','0');
REPLACE INTO `group_time` VALUES('1','270','5','0');
REPLACE INTO `group_time` VALUES('2','1','3','0');
REPLACE INTO `group_time` VALUES('2','2','2','0');
REPLACE INTO `group_time` VALUES('2','3','3','0');
REPLACE INTO `group_time` VALUES('2','4','2','0');
REPLACE INTO `group_time` VALUES('2','5','3','0');
REPLACE INTO `group_time` VALUES('2','6','2','0');
REPLACE INTO `group_time` VALUES('2','7','3','0');
REPLACE INTO `group_time` VALUES('2','8','2','0');
REPLACE INTO `group_time` VALUES('2','9','3','0');
REPLACE INTO `group_time` VALUES('2','10','2','0');
REPLACE INTO `group_time` VALUES('2','11','3','0');
REPLACE INTO `group_time` VALUES('2','12','2','0');
REPLACE INTO `group_time` VALUES('2','13','3','0');
REPLACE INTO `group_time` VALUES('2','14','2','0');
REPLACE INTO `group_time` VALUES('2','15','3','0');
REPLACE INTO `group_time` VALUES('2','16','2','0');
REPLACE INTO `group_time` VALUES('2','17','3','0');
REPLACE INTO `group_time` VALUES('2','18','2','0');
REPLACE INTO `group_time` VALUES('2','19','3','0');
REPLACE INTO `group_time` VALUES('2','20','2','0');
REPLACE INTO `group_time` VALUES('2','21','3','0');
REPLACE INTO `group_time` VALUES('2','22','2','0');
REPLACE INTO `group_time` VALUES('2','23','3','0');
REPLACE INTO `group_time` VALUES('2','24','2','0');
REPLACE INTO `group_time` VALUES('2','25','3','0');
REPLACE INTO `group_time` VALUES('2','26','2','0');
REPLACE INTO `group_time` VALUES('2','27','3','0');
REPLACE INTO `group_time` VALUES('2','28','2','0');
REPLACE INTO `group_time` VALUES('2','29','3','0');
REPLACE INTO `group_time` VALUES('2','30','2','0');
REPLACE INTO `group_time` VALUES('2','31','3','0');
REPLACE INTO `group_time` VALUES('2','32','2','0');
REPLACE INTO `group_time` VALUES('2','33','3','0');
REPLACE INTO `group_time` VALUES('2','34','2','0');
REPLACE INTO `group_time` VALUES('2','35','3','0');
REPLACE INTO `group_time` VALUES('2','36','2','0');
REPLACE INTO `group_time` VALUES('2','37','3','0');
REPLACE INTO `group_time` VALUES('2','38','2','0');
REPLACE INTO `group_time` VALUES('2','39','3','0');
REPLACE INTO `group_time` VALUES('2','40','2','0');
REPLACE INTO `group_time` VALUES('2','41','3','0');
REPLACE INTO `group_time` VALUES('2','42','2','0');
REPLACE INTO `group_time` VALUES('2','43','3','0');
REPLACE INTO `group_time` VALUES('2','44','2','0');
REPLACE INTO `group_time` VALUES('2','45','3','0');
REPLACE INTO `group_time` VALUES('2','46','2','0');
REPLACE INTO `group_time` VALUES('2','47','3','0');
REPLACE INTO `group_time` VALUES('2','48','2','0');
REPLACE INTO `group_time` VALUES('2','49','3','0');
REPLACE INTO `group_time` VALUES('2','50','2','0');
REPLACE INTO `group_time` VALUES('2','51','3','0');
REPLACE INTO `group_time` VALUES('2','52','2','0');
REPLACE INTO `group_time` VALUES('2','53','3','0');
REPLACE INTO `group_time` VALUES('2','54','2','0');
REPLACE INTO `group_time` VALUES('2','55','3','0');
REPLACE INTO `group_time` VALUES('2','56','2','0');
REPLACE INTO `group_time` VALUES('2','57','3','0');
REPLACE INTO `group_time` VALUES('2','58','2','0');
REPLACE INTO `group_time` VALUES('2','59','3','0');
REPLACE INTO `group_time` VALUES('2','60','2','0');
REPLACE INTO `group_time` VALUES('2','61','3','0');
REPLACE INTO `group_time` VALUES('2','62','2','0');
REPLACE INTO `group_time` VALUES('2','63','3','0');
REPLACE INTO `group_time` VALUES('2','64','2','0');
REPLACE INTO `group_time` VALUES('2','65','3','0');
REPLACE INTO `group_time` VALUES('2','66','2','0');
REPLACE INTO `group_time` VALUES('2','67','3','0');
REPLACE INTO `group_time` VALUES('2','68','2','0');
REPLACE INTO `group_time` VALUES('2','69','3','0');
REPLACE INTO `group_time` VALUES('2','70','2','0');
REPLACE INTO `group_time` VALUES('2','71','3','0');
REPLACE INTO `group_time` VALUES('2','72','2','0');
REPLACE INTO `group_time` VALUES('2','73','3','0');
REPLACE INTO `group_time` VALUES('2','74','2','0');
REPLACE INTO `group_time` VALUES('2','75','3','0');
REPLACE INTO `group_time` VALUES('2','76','2','0');
REPLACE INTO `group_time` VALUES('2','77','3','0');
REPLACE INTO `group_time` VALUES('2','78','2','0');
REPLACE INTO `group_time` VALUES('2','79','3','0');
REPLACE INTO `group_time` VALUES('2','80','2','0');
REPLACE INTO `group_time` VALUES('2','81','3','0');
REPLACE INTO `group_time` VALUES('2','82','2','0');
REPLACE INTO `group_time` VALUES('2','83','3','0');
REPLACE INTO `group_time` VALUES('2','84','2','0');
REPLACE INTO `group_time` VALUES('2','85','3','0');
REPLACE INTO `group_time` VALUES('2','86','2','0');
REPLACE INTO `group_time` VALUES('2','87','3','0');
REPLACE INTO `group_time` VALUES('2','88','2','0');
REPLACE INTO `group_time` VALUES('2','89','3','0');
REPLACE INTO `group_time` VALUES('2','90','2','0');
REPLACE INTO `group_time` VALUES('2','91','3','0');
REPLACE INTO `group_time` VALUES('2','92','2','0');
REPLACE INTO `group_time` VALUES('2','93','3','0');
REPLACE INTO `group_time` VALUES('2','94','2','0');
REPLACE INTO `group_time` VALUES('2','95','3','0');
REPLACE INTO `group_time` VALUES('2','96','2','0');
REPLACE INTO `group_time` VALUES('2','97','3','0');
REPLACE INTO `group_time` VALUES('2','98','2','0');
REPLACE INTO `group_time` VALUES('2','99','3','0');
REPLACE INTO `group_time` VALUES('2','100','2','0');
REPLACE INTO `group_time` VALUES('2','101','3','0');
REPLACE INTO `group_time` VALUES('2','102','2','0');
REPLACE INTO `group_time` VALUES('2','103','3','0');
REPLACE INTO `group_time` VALUES('2','104','2','0');
REPLACE INTO `group_time` VALUES('2','105','3','0');
REPLACE INTO `group_time` VALUES('2','106','2','0');
REPLACE INTO `group_time` VALUES('2','107','3','0');
REPLACE INTO `group_time` VALUES('2','108','2','0');
REPLACE INTO `group_time` VALUES('2','109','3','0');
REPLACE INTO `group_time` VALUES('2','110','2','0');
REPLACE INTO `group_time` VALUES('2','111','3','0');
REPLACE INTO `group_time` VALUES('2','112','2','0');
REPLACE INTO `group_time` VALUES('2','113','3','0');
REPLACE INTO `group_time` VALUES('2','114','2','0');
REPLACE INTO `group_time` VALUES('2','115','3','0');
REPLACE INTO `group_time` VALUES('2','116','2','0');
REPLACE INTO `group_time` VALUES('2','117','3','0');
REPLACE INTO `group_time` VALUES('2','118','2','0');
REPLACE INTO `group_time` VALUES('2','119','3','0');
REPLACE INTO `group_time` VALUES('2','120','2','0');
REPLACE INTO `group_time` VALUES('2','121','3','0');
REPLACE INTO `group_time` VALUES('2','122','2','0');
REPLACE INTO `group_time` VALUES('2','123','3','0');
REPLACE INTO `group_time` VALUES('2','124','2','0');
REPLACE INTO `group_time` VALUES('2','125','3','0');
REPLACE INTO `group_time` VALUES('2','126','2','0');
REPLACE INTO `group_time` VALUES('2','127','3','0');
REPLACE INTO `group_time` VALUES('2','128','2','0');
REPLACE INTO `group_time` VALUES('2','129','3','0');
REPLACE INTO `group_time` VALUES('2','130','2','0');
REPLACE INTO `group_time` VALUES('2','131','3','0');
REPLACE INTO `group_time` VALUES('2','132','2','0');
REPLACE INTO `group_time` VALUES('2','133','3','0');
REPLACE INTO `group_time` VALUES('2','134','2','0');
REPLACE INTO `group_time` VALUES('2','135','3','0');
REPLACE INTO `group_time` VALUES('2','136','2','0');
REPLACE INTO `group_time` VALUES('2','137','3','0');
REPLACE INTO `group_time` VALUES('2','138','2','0');
REPLACE INTO `group_time` VALUES('2','139','3','0');
REPLACE INTO `group_time` VALUES('2','140','2','0');
REPLACE INTO `group_time` VALUES('2','141','3','0');
REPLACE INTO `group_time` VALUES('2','142','2','0');
REPLACE INTO `group_time` VALUES('2','143','3','0');
REPLACE INTO `group_time` VALUES('2','144','2','0');
REPLACE INTO `group_time` VALUES('2','145','3','0');
REPLACE INTO `group_time` VALUES('2','146','2','0');
REPLACE INTO `group_time` VALUES('2','147','3','0');
REPLACE INTO `group_time` VALUES('2','148','2','0');
REPLACE INTO `group_time` VALUES('2','149','3','0');
REPLACE INTO `group_time` VALUES('2','150','2','0');
REPLACE INTO `group_time` VALUES('2','151','3','0');
REPLACE INTO `group_time` VALUES('2','152','2','0');
REPLACE INTO `group_time` VALUES('2','153','3','0');
REPLACE INTO `group_time` VALUES('2','154','2','0');
REPLACE INTO `group_time` VALUES('2','155','3','0');
REPLACE INTO `group_time` VALUES('2','156','2','0');
REPLACE INTO `group_time` VALUES('2','157','3','0');
REPLACE INTO `group_time` VALUES('2','158','2','0');
REPLACE INTO `group_time` VALUES('2','159','3','0');
REPLACE INTO `group_time` VALUES('2','160','2','0');
REPLACE INTO `group_time` VALUES('2','161','3','0');
REPLACE INTO `group_time` VALUES('2','162','2','0');
REPLACE INTO `group_time` VALUES('2','163','3','0');
REPLACE INTO `group_time` VALUES('2','164','2','0');
REPLACE INTO `group_time` VALUES('2','165','3','0');
REPLACE INTO `group_time` VALUES('2','166','2','0');
REPLACE INTO `group_time` VALUES('2','167','3','0');
REPLACE INTO `group_time` VALUES('2','168','2','0');
REPLACE INTO `group_time` VALUES('2','169','3','0');
REPLACE INTO `group_time` VALUES('2','170','2','0');
REPLACE INTO `group_time` VALUES('2','171','3','0');
REPLACE INTO `group_time` VALUES('2','172','2','0');
REPLACE INTO `group_time` VALUES('2','173','3','0');
REPLACE INTO `group_time` VALUES('2','174','2','0');
REPLACE INTO `group_time` VALUES('2','175','3','0');
REPLACE INTO `group_time` VALUES('2','176','2','0');
REPLACE INTO `group_time` VALUES('2','177','3','0');
REPLACE INTO `group_time` VALUES('2','178','2','0');
REPLACE INTO `group_time` VALUES('2','179','3','0');
REPLACE INTO `group_time` VALUES('2','180','2','0');
REPLACE INTO `group_time` VALUES('2','181','3','0');
REPLACE INTO `group_time` VALUES('2','182','2','0');
REPLACE INTO `group_time` VALUES('2','183','3','0');
REPLACE INTO `group_time` VALUES('2','184','2','0');
REPLACE INTO `group_time` VALUES('2','185','3','0');
REPLACE INTO `group_time` VALUES('2','186','2','0');
REPLACE INTO `group_time` VALUES('2','187','3','0');
REPLACE INTO `group_time` VALUES('2','188','2','0');
REPLACE INTO `group_time` VALUES('2','189','3','0');
REPLACE INTO `group_time` VALUES('2','190','2','0');
REPLACE INTO `group_time` VALUES('2','191','3','0');
REPLACE INTO `group_time` VALUES('2','192','2','0');
REPLACE INTO `group_time` VALUES('2','193','3','0');
REPLACE INTO `group_time` VALUES('2','194','2','0');
REPLACE INTO `group_time` VALUES('2','195','3','0');
REPLACE INTO `group_time` VALUES('2','196','2','0');
REPLACE INTO `group_time` VALUES('2','197','3','0');
REPLACE INTO `group_time` VALUES('2','198','2','0');
REPLACE INTO `group_time` VALUES('2','199','3','0');
REPLACE INTO `group_time` VALUES('2','200','2','0');
REPLACE INTO `group_time` VALUES('2','201','3','0');
REPLACE INTO `group_time` VALUES('2','202','2','0');
REPLACE INTO `group_time` VALUES('2','203','3','0');
REPLACE INTO `group_time` VALUES('2','204','2','0');
REPLACE INTO `group_time` VALUES('2','205','3','0');
REPLACE INTO `group_time` VALUES('2','206','2','0');
REPLACE INTO `group_time` VALUES('2','207','3','0');
REPLACE INTO `group_time` VALUES('2','208','2','0');
REPLACE INTO `group_time` VALUES('2','209','3','0');
REPLACE INTO `group_time` VALUES('2','210','2','0');
REPLACE INTO `group_time` VALUES('2','211','3','0');
REPLACE INTO `group_time` VALUES('2','212','2','0');
REPLACE INTO `group_time` VALUES('2','213','3','0');
REPLACE INTO `group_time` VALUES('2','214','2','0');
REPLACE INTO `group_time` VALUES('2','215','3','0');
REPLACE INTO `group_time` VALUES('2','216','2','0');
REPLACE INTO `group_time` VALUES('2','217','3','0');
REPLACE INTO `group_time` VALUES('2','218','2','0');
REPLACE INTO `group_time` VALUES('2','219','3','0');
REPLACE INTO `group_time` VALUES('2','220','2','0');
REPLACE INTO `group_time` VALUES('2','221','3','0');
REPLACE INTO `group_time` VALUES('2','222','2','0');
REPLACE INTO `group_time` VALUES('2','223','3','0');
REPLACE INTO `group_time` VALUES('2','224','2','0');
REPLACE INTO `group_time` VALUES('2','225','3','0');
REPLACE INTO `group_time` VALUES('2','226','2','0');
REPLACE INTO `group_time` VALUES('2','227','3','0');
REPLACE INTO `group_time` VALUES('2','228','2','0');
REPLACE INTO `group_time` VALUES('2','229','3','0');
REPLACE INTO `group_time` VALUES('2','230','2','0');
REPLACE INTO `group_time` VALUES('2','231','3','0');
REPLACE INTO `group_time` VALUES('2','232','2','0');
REPLACE INTO `group_time` VALUES('2','233','3','0');
REPLACE INTO `group_time` VALUES('2','234','2','0');
REPLACE INTO `group_time` VALUES('2','235','3','0');
REPLACE INTO `group_time` VALUES('2','236','2','0');
REPLACE INTO `group_time` VALUES('2','237','3','0');
REPLACE INTO `group_time` VALUES('2','238','2','0');
REPLACE INTO `group_time` VALUES('2','239','3','0');
REPLACE INTO `group_time` VALUES('2','240','2','0');
REPLACE INTO `group_time` VALUES('2','241','3','0');
REPLACE INTO `group_time` VALUES('2','242','2','0');
REPLACE INTO `group_time` VALUES('2','243','3','0');
REPLACE INTO `group_time` VALUES('2','244','2','0');
REPLACE INTO `group_time` VALUES('2','245','3','0');
REPLACE INTO `group_time` VALUES('2','246','2','0');
REPLACE INTO `group_time` VALUES('2','247','3','0');
REPLACE INTO `group_time` VALUES('2','248','2','0');
REPLACE INTO `group_time` VALUES('2','249','3','0');
REPLACE INTO `group_time` VALUES('2','250','2','0');
REPLACE INTO `group_time` VALUES('2','251','3','0');
REPLACE INTO `group_time` VALUES('2','252','2','0');
REPLACE INTO `group_time` VALUES('2','253','3','0');
REPLACE INTO `group_time` VALUES('2','254','2','0');
REPLACE INTO `group_time` VALUES('2','255','3','0');
REPLACE INTO `group_time` VALUES('2','256','2','0');
REPLACE INTO `group_time` VALUES('2','257','3','0');
REPLACE INTO `group_time` VALUES('2','258','2','0');
REPLACE INTO `group_time` VALUES('2','259','3','0');
REPLACE INTO `group_time` VALUES('2','260','2','0');
REPLACE INTO `group_time` VALUES('2','261','3','0');
REPLACE INTO `group_time` VALUES('2','262','2','0');
REPLACE INTO `group_time` VALUES('2','263','3','0');
REPLACE INTO `group_time` VALUES('2','264','2','0');
REPLACE INTO `group_time` VALUES('2','265','3','0');
REPLACE INTO `group_time` VALUES('2','266','2','0');
REPLACE INTO `group_time` VALUES('2','267','3','0');
REPLACE INTO `group_time` VALUES('2','268','2','0');
REPLACE INTO `group_time` VALUES('2','269','3','0');
REPLACE INTO `group_time` VALUES('2','270','2','0');
REPLACE INTO `group_time` VALUES('3','1','2','0');
REPLACE INTO `group_time` VALUES('3','2','4','0');
REPLACE INTO `group_time` VALUES('3','3','2','0');
REPLACE INTO `group_time` VALUES('3','4','2','0');
REPLACE INTO `group_time` VALUES('3','5','2','0');
REPLACE INTO `group_time` VALUES('3','6','4','0');
REPLACE INTO `group_time` VALUES('3','7','2','0');
REPLACE INTO `group_time` VALUES('3','8','2','0');
REPLACE INTO `group_time` VALUES('3','9','2','0');
REPLACE INTO `group_time` VALUES('3','10','4','0');
REPLACE INTO `group_time` VALUES('3','11','2','0');
REPLACE INTO `group_time` VALUES('3','12','2','0');
REPLACE INTO `group_time` VALUES('3','13','2','0');
REPLACE INTO `group_time` VALUES('3','14','4','0');
REPLACE INTO `group_time` VALUES('3','15','2','0');
REPLACE INTO `group_time` VALUES('3','16','2','0');
REPLACE INTO `group_time` VALUES('3','17','2','0');
REPLACE INTO `group_time` VALUES('3','18','4','0');
REPLACE INTO `group_time` VALUES('3','19','2','0');
REPLACE INTO `group_time` VALUES('3','20','2','0');
REPLACE INTO `group_time` VALUES('3','21','2','0');
REPLACE INTO `group_time` VALUES('3','22','4','0');
REPLACE INTO `group_time` VALUES('3','23','2','0');
REPLACE INTO `group_time` VALUES('3','24','2','0');
REPLACE INTO `group_time` VALUES('3','25','2','0');
REPLACE INTO `group_time` VALUES('3','26','4','0');
REPLACE INTO `group_time` VALUES('3','27','2','0');
REPLACE INTO `group_time` VALUES('3','28','2','0');
REPLACE INTO `group_time` VALUES('3','29','2','0');
REPLACE INTO `group_time` VALUES('3','30','4','0');
REPLACE INTO `group_time` VALUES('3','31','2','0');
REPLACE INTO `group_time` VALUES('3','32','2','0');
REPLACE INTO `group_time` VALUES('3','33','2','0');
REPLACE INTO `group_time` VALUES('3','34','4','0');
REPLACE INTO `group_time` VALUES('3','35','2','0');
REPLACE INTO `group_time` VALUES('3','36','2','0');
REPLACE INTO `group_time` VALUES('3','37','2','0');
REPLACE INTO `group_time` VALUES('3','38','4','0');
REPLACE INTO `group_time` VALUES('3','39','2','0');
REPLACE INTO `group_time` VALUES('3','40','2','0');
REPLACE INTO `group_time` VALUES('3','41','2','0');
REPLACE INTO `group_time` VALUES('3','42','4','0');
REPLACE INTO `group_time` VALUES('3','43','2','0');
REPLACE INTO `group_time` VALUES('3','44','2','0');
REPLACE INTO `group_time` VALUES('3','45','2','0');
REPLACE INTO `group_time` VALUES('3','46','4','0');
REPLACE INTO `group_time` VALUES('3','47','2','0');
REPLACE INTO `group_time` VALUES('3','48','2','0');
REPLACE INTO `group_time` VALUES('3','49','2','0');
REPLACE INTO `group_time` VALUES('3','50','4','0');
REPLACE INTO `group_time` VALUES('3','51','2','0');
REPLACE INTO `group_time` VALUES('3','52','2','0');
REPLACE INTO `group_time` VALUES('3','53','2','0');
REPLACE INTO `group_time` VALUES('3','54','4','0');
REPLACE INTO `group_time` VALUES('3','55','2','0');
REPLACE INTO `group_time` VALUES('3','56','2','0');
REPLACE INTO `group_time` VALUES('3','57','2','0');
REPLACE INTO `group_time` VALUES('3','58','4','0');
REPLACE INTO `group_time` VALUES('3','59','2','0');
REPLACE INTO `group_time` VALUES('3','60','2','0');
REPLACE INTO `group_time` VALUES('3','61','2','0');
REPLACE INTO `group_time` VALUES('3','62','4','0');
REPLACE INTO `group_time` VALUES('3','63','2','0');
REPLACE INTO `group_time` VALUES('3','64','2','0');
REPLACE INTO `group_time` VALUES('3','65','2','0');
REPLACE INTO `group_time` VALUES('3','66','4','0');
REPLACE INTO `group_time` VALUES('3','67','2','0');
REPLACE INTO `group_time` VALUES('3','68','2','0');
REPLACE INTO `group_time` VALUES('3','69','2','0');
REPLACE INTO `group_time` VALUES('3','70','4','0');
REPLACE INTO `group_time` VALUES('3','71','2','0');
REPLACE INTO `group_time` VALUES('3','72','2','0');
REPLACE INTO `group_time` VALUES('3','73','2','0');
REPLACE INTO `group_time` VALUES('3','74','4','0');
REPLACE INTO `group_time` VALUES('3','75','2','0');
REPLACE INTO `group_time` VALUES('3','76','2','0');
REPLACE INTO `group_time` VALUES('3','77','2','0');
REPLACE INTO `group_time` VALUES('3','78','4','0');
REPLACE INTO `group_time` VALUES('3','79','2','0');
REPLACE INTO `group_time` VALUES('3','80','2','0');
REPLACE INTO `group_time` VALUES('3','81','2','0');
REPLACE INTO `group_time` VALUES('3','82','4','0');
REPLACE INTO `group_time` VALUES('3','83','2','0');
REPLACE INTO `group_time` VALUES('3','84','2','0');
REPLACE INTO `group_time` VALUES('3','85','2','0');
REPLACE INTO `group_time` VALUES('3','86','4','0');
REPLACE INTO `group_time` VALUES('3','87','2','0');
REPLACE INTO `group_time` VALUES('3','88','2','0');
REPLACE INTO `group_time` VALUES('3','89','2','0');
REPLACE INTO `group_time` VALUES('3','90','4','0');
REPLACE INTO `group_time` VALUES('3','91','2','0');
REPLACE INTO `group_time` VALUES('3','92','2','0');
REPLACE INTO `group_time` VALUES('3','93','2','0');
REPLACE INTO `group_time` VALUES('3','94','4','0');
REPLACE INTO `group_time` VALUES('3','95','2','0');
REPLACE INTO `group_time` VALUES('3','96','2','0');
REPLACE INTO `group_time` VALUES('3','97','2','0');
REPLACE INTO `group_time` VALUES('3','98','4','0');
REPLACE INTO `group_time` VALUES('3','99','2','0');
REPLACE INTO `group_time` VALUES('3','100','2','0');
REPLACE INTO `group_time` VALUES('3','101','2','0');
REPLACE INTO `group_time` VALUES('3','102','4','0');
REPLACE INTO `group_time` VALUES('3','103','2','0');
REPLACE INTO `group_time` VALUES('3','104','2','0');
REPLACE INTO `group_time` VALUES('3','105','2','0');
REPLACE INTO `group_time` VALUES('3','106','4','0');
REPLACE INTO `group_time` VALUES('3','107','2','0');
REPLACE INTO `group_time` VALUES('3','108','2','0');
REPLACE INTO `group_time` VALUES('3','109','2','0');
REPLACE INTO `group_time` VALUES('3','110','4','0');
REPLACE INTO `group_time` VALUES('3','111','2','0');
REPLACE INTO `group_time` VALUES('3','112','2','0');
REPLACE INTO `group_time` VALUES('3','113','2','0');
REPLACE INTO `group_time` VALUES('3','114','4','0');
REPLACE INTO `group_time` VALUES('3','115','2','0');
REPLACE INTO `group_time` VALUES('3','116','2','0');
REPLACE INTO `group_time` VALUES('3','117','2','0');
REPLACE INTO `group_time` VALUES('3','118','4','0');
REPLACE INTO `group_time` VALUES('3','119','2','0');
REPLACE INTO `group_time` VALUES('3','120','2','0');
REPLACE INTO `group_time` VALUES('3','121','2','0');
REPLACE INTO `group_time` VALUES('3','122','4','0');
REPLACE INTO `group_time` VALUES('3','123','2','0');
REPLACE INTO `group_time` VALUES('3','124','2','0');
REPLACE INTO `group_time` VALUES('3','125','2','0');
REPLACE INTO `group_time` VALUES('3','126','4','0');
REPLACE INTO `group_time` VALUES('3','127','2','0');
REPLACE INTO `group_time` VALUES('3','128','2','0');
REPLACE INTO `group_time` VALUES('3','129','2','0');
REPLACE INTO `group_time` VALUES('3','130','4','0');
REPLACE INTO `group_time` VALUES('3','131','2','0');
REPLACE INTO `group_time` VALUES('3','132','2','0');
REPLACE INTO `group_time` VALUES('3','133','2','0');
REPLACE INTO `group_time` VALUES('3','134','4','0');
REPLACE INTO `group_time` VALUES('3','135','2','0');
REPLACE INTO `group_time` VALUES('3','136','2','0');
REPLACE INTO `group_time` VALUES('3','137','2','0');
REPLACE INTO `group_time` VALUES('3','138','4','0');
REPLACE INTO `group_time` VALUES('3','139','2','0');
REPLACE INTO `group_time` VALUES('3','140','2','0');
REPLACE INTO `group_time` VALUES('3','141','2','0');
REPLACE INTO `group_time` VALUES('3','142','4','0');
REPLACE INTO `group_time` VALUES('3','143','2','0');
REPLACE INTO `group_time` VALUES('3','144','2','0');
REPLACE INTO `group_time` VALUES('3','145','2','0');
REPLACE INTO `group_time` VALUES('3','146','4','0');
REPLACE INTO `group_time` VALUES('3','147','2','0');
REPLACE INTO `group_time` VALUES('3','148','2','0');
REPLACE INTO `group_time` VALUES('3','149','2','0');
REPLACE INTO `group_time` VALUES('3','150','4','0');
REPLACE INTO `group_time` VALUES('3','151','2','0');
REPLACE INTO `group_time` VALUES('3','152','2','0');
REPLACE INTO `group_time` VALUES('3','153','2','0');
REPLACE INTO `group_time` VALUES('3','154','4','0');
REPLACE INTO `group_time` VALUES('3','155','2','0');
REPLACE INTO `group_time` VALUES('3','156','2','0');
REPLACE INTO `group_time` VALUES('3','157','2','0');
REPLACE INTO `group_time` VALUES('3','158','4','0');
REPLACE INTO `group_time` VALUES('3','159','2','0');
REPLACE INTO `group_time` VALUES('3','160','2','0');
REPLACE INTO `group_time` VALUES('3','161','2','0');
REPLACE INTO `group_time` VALUES('3','162','4','0');
REPLACE INTO `group_time` VALUES('3','163','2','0');
REPLACE INTO `group_time` VALUES('3','164','2','0');
REPLACE INTO `group_time` VALUES('3','165','2','0');
REPLACE INTO `group_time` VALUES('3','166','4','0');
REPLACE INTO `group_time` VALUES('3','167','2','0');
REPLACE INTO `group_time` VALUES('3','168','2','0');
REPLACE INTO `group_time` VALUES('3','169','2','0');
REPLACE INTO `group_time` VALUES('3','170','4','0');
REPLACE INTO `group_time` VALUES('3','171','2','0');
REPLACE INTO `group_time` VALUES('3','172','2','0');
REPLACE INTO `group_time` VALUES('3','173','2','0');
REPLACE INTO `group_time` VALUES('3','174','4','0');
REPLACE INTO `group_time` VALUES('3','175','2','0');
REPLACE INTO `group_time` VALUES('3','176','2','0');
REPLACE INTO `group_time` VALUES('3','177','2','0');
REPLACE INTO `group_time` VALUES('3','178','4','0');
REPLACE INTO `group_time` VALUES('3','179','2','0');
REPLACE INTO `group_time` VALUES('3','180','2','0');
REPLACE INTO `group_time` VALUES('3','181','2','0');
REPLACE INTO `group_time` VALUES('3','182','4','0');
REPLACE INTO `group_time` VALUES('3','183','2','0');
REPLACE INTO `group_time` VALUES('3','184','2','0');
REPLACE INTO `group_time` VALUES('3','185','2','0');
REPLACE INTO `group_time` VALUES('3','186','4','0');
REPLACE INTO `group_time` VALUES('3','187','2','0');
REPLACE INTO `group_time` VALUES('3','188','2','0');
REPLACE INTO `group_time` VALUES('3','189','2','0');
REPLACE INTO `group_time` VALUES('3','190','4','0');
REPLACE INTO `group_time` VALUES('3','191','2','0');
REPLACE INTO `group_time` VALUES('3','192','2','0');
REPLACE INTO `group_time` VALUES('3','193','2','0');
REPLACE INTO `group_time` VALUES('3','194','4','0');
REPLACE INTO `group_time` VALUES('3','195','2','0');
REPLACE INTO `group_time` VALUES('3','196','2','0');
REPLACE INTO `group_time` VALUES('3','197','2','0');
REPLACE INTO `group_time` VALUES('3','198','4','0');
REPLACE INTO `group_time` VALUES('3','199','2','0');
REPLACE INTO `group_time` VALUES('3','200','2','0');
REPLACE INTO `group_time` VALUES('3','201','2','0');
REPLACE INTO `group_time` VALUES('3','202','4','0');
REPLACE INTO `group_time` VALUES('3','203','2','0');
REPLACE INTO `group_time` VALUES('3','204','2','0');
REPLACE INTO `group_time` VALUES('3','205','2','0');
REPLACE INTO `group_time` VALUES('3','206','4','0');
REPLACE INTO `group_time` VALUES('3','207','2','0');
REPLACE INTO `group_time` VALUES('3','208','2','0');
REPLACE INTO `group_time` VALUES('3','209','2','0');
REPLACE INTO `group_time` VALUES('3','210','4','0');
REPLACE INTO `group_time` VALUES('3','211','2','0');
REPLACE INTO `group_time` VALUES('3','212','2','0');
REPLACE INTO `group_time` VALUES('3','213','2','0');
REPLACE INTO `group_time` VALUES('3','214','4','0');
REPLACE INTO `group_time` VALUES('3','215','2','0');
REPLACE INTO `group_time` VALUES('3','216','2','0');
REPLACE INTO `group_time` VALUES('3','217','2','0');
REPLACE INTO `group_time` VALUES('3','218','4','0');
REPLACE INTO `group_time` VALUES('3','219','2','0');
REPLACE INTO `group_time` VALUES('3','220','2','0');
REPLACE INTO `group_time` VALUES('3','221','2','0');
REPLACE INTO `group_time` VALUES('3','222','4','0');
REPLACE INTO `group_time` VALUES('3','223','2','0');
REPLACE INTO `group_time` VALUES('3','224','2','0');
REPLACE INTO `group_time` VALUES('3','225','2','0');
REPLACE INTO `group_time` VALUES('3','226','4','0');
REPLACE INTO `group_time` VALUES('3','227','2','0');
REPLACE INTO `group_time` VALUES('3','228','2','0');
REPLACE INTO `group_time` VALUES('3','229','2','0');
REPLACE INTO `group_time` VALUES('3','230','4','0');
REPLACE INTO `group_time` VALUES('3','231','2','0');
REPLACE INTO `group_time` VALUES('3','232','2','0');
REPLACE INTO `group_time` VALUES('3','233','2','0');
REPLACE INTO `group_time` VALUES('3','234','4','0');
REPLACE INTO `group_time` VALUES('3','235','2','0');
REPLACE INTO `group_time` VALUES('3','236','2','0');
REPLACE INTO `group_time` VALUES('3','237','2','0');
REPLACE INTO `group_time` VALUES('3','238','4','0');
REPLACE INTO `group_time` VALUES('3','239','2','0');
REPLACE INTO `group_time` VALUES('3','240','2','0');
REPLACE INTO `group_time` VALUES('3','241','2','0');
REPLACE INTO `group_time` VALUES('3','242','4','0');
REPLACE INTO `group_time` VALUES('3','243','2','0');
REPLACE INTO `group_time` VALUES('3','244','2','0');
REPLACE INTO `group_time` VALUES('3','245','2','0');
REPLACE INTO `group_time` VALUES('3','246','4','0');
REPLACE INTO `group_time` VALUES('3','247','2','0');
REPLACE INTO `group_time` VALUES('3','248','2','0');
REPLACE INTO `group_time` VALUES('3','249','2','0');
REPLACE INTO `group_time` VALUES('3','250','4','0');
REPLACE INTO `group_time` VALUES('3','251','2','0');
REPLACE INTO `group_time` VALUES('3','252','2','0');
REPLACE INTO `group_time` VALUES('3','253','2','0');
REPLACE INTO `group_time` VALUES('3','254','4','0');
REPLACE INTO `group_time` VALUES('3','255','2','0');
REPLACE INTO `group_time` VALUES('3','256','2','0');
REPLACE INTO `group_time` VALUES('3','257','2','0');
REPLACE INTO `group_time` VALUES('3','258','4','0');
REPLACE INTO `group_time` VALUES('3','259','2','0');
REPLACE INTO `group_time` VALUES('3','260','2','0');
REPLACE INTO `group_time` VALUES('3','261','2','0');
REPLACE INTO `group_time` VALUES('3','262','4','0');
REPLACE INTO `group_time` VALUES('3','263','2','0');
REPLACE INTO `group_time` VALUES('3','264','2','0');
REPLACE INTO `group_time` VALUES('3','265','2','0');
REPLACE INTO `group_time` VALUES('3','266','4','0');
REPLACE INTO `group_time` VALUES('3','267','2','0');
REPLACE INTO `group_time` VALUES('3','268','2','0');
REPLACE INTO `group_time` VALUES('3','269','2','0');
REPLACE INTO `group_time` VALUES('3','270','4','0');
REPLACE INTO `group_time` VALUES('4','1','3','0');
REPLACE INTO `group_time` VALUES('4','2','2','0');
REPLACE INTO `group_time` VALUES('4','3','3','0');
REPLACE INTO `group_time` VALUES('4','4','2','0');
REPLACE INTO `group_time` VALUES('4','5','3','0');
REPLACE INTO `group_time` VALUES('4','6','2','0');
REPLACE INTO `group_time` VALUES('4','7','3','0');
REPLACE INTO `group_time` VALUES('4','8','2','0');
REPLACE INTO `group_time` VALUES('4','9','3','0');
REPLACE INTO `group_time` VALUES('4','10','2','0');
REPLACE INTO `group_time` VALUES('4','11','3','0');
REPLACE INTO `group_time` VALUES('4','12','2','0');
REPLACE INTO `group_time` VALUES('4','13','3','0');
REPLACE INTO `group_time` VALUES('4','14','2','0');
REPLACE INTO `group_time` VALUES('4','15','3','0');
REPLACE INTO `group_time` VALUES('4','16','2','0');
REPLACE INTO `group_time` VALUES('4','17','3','0');
REPLACE INTO `group_time` VALUES('4','18','2','0');
REPLACE INTO `group_time` VALUES('4','19','3','0');
REPLACE INTO `group_time` VALUES('4','20','2','0');
REPLACE INTO `group_time` VALUES('4','21','3','0');
REPLACE INTO `group_time` VALUES('4','22','2','0');
REPLACE INTO `group_time` VALUES('4','23','3','0');
REPLACE INTO `group_time` VALUES('4','24','2','0');
REPLACE INTO `group_time` VALUES('4','25','3','0');
REPLACE INTO `group_time` VALUES('4','26','2','0');
REPLACE INTO `group_time` VALUES('4','27','3','0');
REPLACE INTO `group_time` VALUES('4','28','2','0');
REPLACE INTO `group_time` VALUES('4','29','3','0');
REPLACE INTO `group_time` VALUES('4','30','2','0');
REPLACE INTO `group_time` VALUES('4','31','3','0');
REPLACE INTO `group_time` VALUES('4','32','2','0');
REPLACE INTO `group_time` VALUES('4','33','3','0');
REPLACE INTO `group_time` VALUES('4','34','2','0');
REPLACE INTO `group_time` VALUES('4','35','3','0');
REPLACE INTO `group_time` VALUES('4','36','2','0');
REPLACE INTO `group_time` VALUES('4','37','3','0');
REPLACE INTO `group_time` VALUES('4','38','2','0');
REPLACE INTO `group_time` VALUES('4','39','3','0');
REPLACE INTO `group_time` VALUES('4','40','2','0');
REPLACE INTO `group_time` VALUES('4','41','3','0');
REPLACE INTO `group_time` VALUES('4','42','2','0');
REPLACE INTO `group_time` VALUES('4','43','3','0');
REPLACE INTO `group_time` VALUES('4','44','2','0');
REPLACE INTO `group_time` VALUES('4','45','3','0');
REPLACE INTO `group_time` VALUES('4','46','2','0');
REPLACE INTO `group_time` VALUES('4','47','3','0');
REPLACE INTO `group_time` VALUES('4','48','2','0');
REPLACE INTO `group_time` VALUES('4','49','3','0');
REPLACE INTO `group_time` VALUES('4','50','2','0');
REPLACE INTO `group_time` VALUES('4','51','3','0');
REPLACE INTO `group_time` VALUES('4','52','2','0');
REPLACE INTO `group_time` VALUES('4','53','3','0');
REPLACE INTO `group_time` VALUES('4','54','2','0');
REPLACE INTO `group_time` VALUES('4','55','3','0');
REPLACE INTO `group_time` VALUES('4','56','2','0');
REPLACE INTO `group_time` VALUES('4','57','3','0');
REPLACE INTO `group_time` VALUES('4','58','2','0');
REPLACE INTO `group_time` VALUES('4','59','3','0');
REPLACE INTO `group_time` VALUES('4','60','2','0');
REPLACE INTO `group_time` VALUES('4','61','3','0');
REPLACE INTO `group_time` VALUES('4','62','2','0');
REPLACE INTO `group_time` VALUES('4','63','3','0');
REPLACE INTO `group_time` VALUES('4','64','2','0');
REPLACE INTO `group_time` VALUES('4','65','3','0');
REPLACE INTO `group_time` VALUES('4','66','2','0');
REPLACE INTO `group_time` VALUES('4','67','3','0');
REPLACE INTO `group_time` VALUES('4','68','2','0');
REPLACE INTO `group_time` VALUES('4','69','3','0');
REPLACE INTO `group_time` VALUES('4','70','2','0');
REPLACE INTO `group_time` VALUES('4','71','3','0');
REPLACE INTO `group_time` VALUES('4','72','2','0');
REPLACE INTO `group_time` VALUES('4','73','3','0');
REPLACE INTO `group_time` VALUES('4','74','2','0');
REPLACE INTO `group_time` VALUES('4','75','3','0');
REPLACE INTO `group_time` VALUES('4','76','2','0');
REPLACE INTO `group_time` VALUES('4','77','3','0');
REPLACE INTO `group_time` VALUES('4','78','2','0');
REPLACE INTO `group_time` VALUES('4','79','3','0');
REPLACE INTO `group_time` VALUES('4','80','2','0');
REPLACE INTO `group_time` VALUES('4','81','3','0');
REPLACE INTO `group_time` VALUES('4','82','2','0');
REPLACE INTO `group_time` VALUES('4','83','3','0');
REPLACE INTO `group_time` VALUES('4','84','2','0');
REPLACE INTO `group_time` VALUES('4','85','3','0');
REPLACE INTO `group_time` VALUES('4','86','2','0');
REPLACE INTO `group_time` VALUES('4','87','3','0');
REPLACE INTO `group_time` VALUES('4','88','2','0');
REPLACE INTO `group_time` VALUES('4','89','3','0');
REPLACE INTO `group_time` VALUES('4','90','2','0');
REPLACE INTO `group_time` VALUES('4','91','3','0');
REPLACE INTO `group_time` VALUES('4','92','2','0');
REPLACE INTO `group_time` VALUES('4','93','3','0');
REPLACE INTO `group_time` VALUES('4','94','2','0');
REPLACE INTO `group_time` VALUES('4','95','3','0');
REPLACE INTO `group_time` VALUES('4','96','2','0');
REPLACE INTO `group_time` VALUES('4','97','3','0');
REPLACE INTO `group_time` VALUES('4','98','2','0');
REPLACE INTO `group_time` VALUES('4','99','3','0');
REPLACE INTO `group_time` VALUES('4','100','2','0');
REPLACE INTO `group_time` VALUES('4','101','3','0');
REPLACE INTO `group_time` VALUES('4','102','2','0');
REPLACE INTO `group_time` VALUES('4','103','3','0');
REPLACE INTO `group_time` VALUES('4','104','2','0');
REPLACE INTO `group_time` VALUES('4','105','3','0');
REPLACE INTO `group_time` VALUES('4','106','2','0');
REPLACE INTO `group_time` VALUES('4','107','3','0');
REPLACE INTO `group_time` VALUES('4','108','2','0');
REPLACE INTO `group_time` VALUES('4','109','3','0');
REPLACE INTO `group_time` VALUES('4','110','2','0');
REPLACE INTO `group_time` VALUES('4','111','3','0');
REPLACE INTO `group_time` VALUES('4','112','2','0');
REPLACE INTO `group_time` VALUES('4','113','3','0');
REPLACE INTO `group_time` VALUES('4','114','2','0');
REPLACE INTO `group_time` VALUES('4','115','3','0');
REPLACE INTO `group_time` VALUES('4','116','2','0');
REPLACE INTO `group_time` VALUES('4','117','3','0');
REPLACE INTO `group_time` VALUES('4','118','2','0');
REPLACE INTO `group_time` VALUES('4','119','3','0');
REPLACE INTO `group_time` VALUES('4','120','2','0');
REPLACE INTO `group_time` VALUES('4','121','3','0');
REPLACE INTO `group_time` VALUES('4','122','2','0');
REPLACE INTO `group_time` VALUES('4','123','3','0');
REPLACE INTO `group_time` VALUES('4','124','2','0');
REPLACE INTO `group_time` VALUES('4','125','3','0');
REPLACE INTO `group_time` VALUES('4','126','2','0');
REPLACE INTO `group_time` VALUES('4','127','3','0');
REPLACE INTO `group_time` VALUES('4','128','2','0');
REPLACE INTO `group_time` VALUES('4','129','3','0');
REPLACE INTO `group_time` VALUES('4','130','2','0');
REPLACE INTO `group_time` VALUES('4','131','3','0');
REPLACE INTO `group_time` VALUES('4','132','2','0');
REPLACE INTO `group_time` VALUES('4','133','3','0');
REPLACE INTO `group_time` VALUES('4','134','2','0');
REPLACE INTO `group_time` VALUES('4','135','3','0');
REPLACE INTO `group_time` VALUES('4','136','2','0');
REPLACE INTO `group_time` VALUES('4','137','3','0');
REPLACE INTO `group_time` VALUES('4','138','2','0');
REPLACE INTO `group_time` VALUES('4','139','3','0');
REPLACE INTO `group_time` VALUES('4','140','2','0');
REPLACE INTO `group_time` VALUES('4','141','3','0');
REPLACE INTO `group_time` VALUES('4','142','2','0');
REPLACE INTO `group_time` VALUES('4','143','3','0');
REPLACE INTO `group_time` VALUES('4','144','2','0');
REPLACE INTO `group_time` VALUES('4','145','3','0');
REPLACE INTO `group_time` VALUES('4','146','2','0');
REPLACE INTO `group_time` VALUES('4','147','3','0');
REPLACE INTO `group_time` VALUES('4','148','2','0');
REPLACE INTO `group_time` VALUES('4','149','3','0');
REPLACE INTO `group_time` VALUES('4','150','2','0');
REPLACE INTO `group_time` VALUES('4','151','3','0');
REPLACE INTO `group_time` VALUES('4','152','2','0');
REPLACE INTO `group_time` VALUES('4','153','3','0');
REPLACE INTO `group_time` VALUES('4','154','2','0');
REPLACE INTO `group_time` VALUES('4','155','3','0');
REPLACE INTO `group_time` VALUES('4','156','2','0');
REPLACE INTO `group_time` VALUES('4','157','3','0');
REPLACE INTO `group_time` VALUES('4','158','2','0');
REPLACE INTO `group_time` VALUES('4','159','3','0');
REPLACE INTO `group_time` VALUES('4','160','2','0');
REPLACE INTO `group_time` VALUES('4','161','3','0');
REPLACE INTO `group_time` VALUES('4','162','2','0');
REPLACE INTO `group_time` VALUES('4','163','3','0');
REPLACE INTO `group_time` VALUES('4','164','2','0');
REPLACE INTO `group_time` VALUES('4','165','3','0');
REPLACE INTO `group_time` VALUES('4','166','2','0');
REPLACE INTO `group_time` VALUES('4','167','3','0');
REPLACE INTO `group_time` VALUES('4','168','2','0');
REPLACE INTO `group_time` VALUES('4','169','3','0');
REPLACE INTO `group_time` VALUES('4','170','2','0');
REPLACE INTO `group_time` VALUES('4','171','3','0');
REPLACE INTO `group_time` VALUES('4','172','2','0');
REPLACE INTO `group_time` VALUES('4','173','3','0');
REPLACE INTO `group_time` VALUES('4','174','2','0');
REPLACE INTO `group_time` VALUES('4','175','3','0');
REPLACE INTO `group_time` VALUES('4','176','2','0');
REPLACE INTO `group_time` VALUES('4','177','3','0');
REPLACE INTO `group_time` VALUES('4','178','2','0');
REPLACE INTO `group_time` VALUES('4','179','3','0');
REPLACE INTO `group_time` VALUES('4','180','2','0');
REPLACE INTO `group_time` VALUES('4','181','3','0');
REPLACE INTO `group_time` VALUES('4','182','2','0');
REPLACE INTO `group_time` VALUES('4','183','3','0');
REPLACE INTO `group_time` VALUES('4','184','2','0');
REPLACE INTO `group_time` VALUES('4','185','3','0');
REPLACE INTO `group_time` VALUES('4','186','2','0');
REPLACE INTO `group_time` VALUES('4','187','3','0');
REPLACE INTO `group_time` VALUES('4','188','2','0');
REPLACE INTO `group_time` VALUES('4','189','3','0');
REPLACE INTO `group_time` VALUES('4','190','2','0');
REPLACE INTO `group_time` VALUES('4','191','3','0');
REPLACE INTO `group_time` VALUES('4','192','2','0');
REPLACE INTO `group_time` VALUES('4','193','3','0');
REPLACE INTO `group_time` VALUES('4','194','2','0');
REPLACE INTO `group_time` VALUES('4','195','3','0');
REPLACE INTO `group_time` VALUES('4','196','2','0');
REPLACE INTO `group_time` VALUES('4','197','3','0');
REPLACE INTO `group_time` VALUES('4','198','2','0');
REPLACE INTO `group_time` VALUES('4','199','3','0');
REPLACE INTO `group_time` VALUES('4','200','2','0');
REPLACE INTO `group_time` VALUES('4','201','3','0');
REPLACE INTO `group_time` VALUES('4','202','2','0');
REPLACE INTO `group_time` VALUES('4','203','3','0');
REPLACE INTO `group_time` VALUES('4','204','2','0');
REPLACE INTO `group_time` VALUES('4','205','3','0');
REPLACE INTO `group_time` VALUES('4','206','2','0');
REPLACE INTO `group_time` VALUES('4','207','3','0');
REPLACE INTO `group_time` VALUES('4','208','2','0');
REPLACE INTO `group_time` VALUES('4','209','3','0');
REPLACE INTO `group_time` VALUES('4','210','2','0');
REPLACE INTO `group_time` VALUES('4','211','3','0');
REPLACE INTO `group_time` VALUES('4','212','2','0');
REPLACE INTO `group_time` VALUES('4','213','3','0');
REPLACE INTO `group_time` VALUES('4','214','2','0');
REPLACE INTO `group_time` VALUES('4','215','3','0');
REPLACE INTO `group_time` VALUES('4','216','2','0');
REPLACE INTO `group_time` VALUES('4','217','3','0');
REPLACE INTO `group_time` VALUES('4','218','2','0');
REPLACE INTO `group_time` VALUES('4','219','3','0');
REPLACE INTO `group_time` VALUES('4','220','2','0');
REPLACE INTO `group_time` VALUES('4','221','3','0');
REPLACE INTO `group_time` VALUES('4','222','2','0');
REPLACE INTO `group_time` VALUES('4','223','3','0');
REPLACE INTO `group_time` VALUES('4','224','2','0');
REPLACE INTO `group_time` VALUES('4','225','3','0');
REPLACE INTO `group_time` VALUES('4','226','2','0');
REPLACE INTO `group_time` VALUES('4','227','3','0');
REPLACE INTO `group_time` VALUES('4','228','2','0');
REPLACE INTO `group_time` VALUES('4','229','3','0');
REPLACE INTO `group_time` VALUES('4','230','2','0');
REPLACE INTO `group_time` VALUES('4','231','3','0');
REPLACE INTO `group_time` VALUES('4','232','2','0');
REPLACE INTO `group_time` VALUES('4','233','3','0');
REPLACE INTO `group_time` VALUES('4','234','2','0');
REPLACE INTO `group_time` VALUES('4','235','3','0');
REPLACE INTO `group_time` VALUES('4','236','2','0');
REPLACE INTO `group_time` VALUES('4','237','3','0');
REPLACE INTO `group_time` VALUES('4','238','2','0');
REPLACE INTO `group_time` VALUES('4','239','3','0');
REPLACE INTO `group_time` VALUES('4','240','2','0');
REPLACE INTO `group_time` VALUES('4','241','3','0');
REPLACE INTO `group_time` VALUES('4','242','2','0');
REPLACE INTO `group_time` VALUES('4','243','3','0');
REPLACE INTO `group_time` VALUES('4','244','2','0');
REPLACE INTO `group_time` VALUES('4','245','3','0');
REPLACE INTO `group_time` VALUES('4','246','2','0');
REPLACE INTO `group_time` VALUES('4','247','3','0');
REPLACE INTO `group_time` VALUES('4','248','2','0');
REPLACE INTO `group_time` VALUES('4','249','3','0');
REPLACE INTO `group_time` VALUES('4','250','2','0');
REPLACE INTO `group_time` VALUES('4','251','3','0');
REPLACE INTO `group_time` VALUES('4','252','2','0');
REPLACE INTO `group_time` VALUES('4','253','3','0');
REPLACE INTO `group_time` VALUES('4','254','2','0');
REPLACE INTO `group_time` VALUES('4','255','3','0');
REPLACE INTO `group_time` VALUES('4','256','2','0');
REPLACE INTO `group_time` VALUES('4','257','3','0');
REPLACE INTO `group_time` VALUES('4','258','2','0');
REPLACE INTO `group_time` VALUES('4','259','3','0');
REPLACE INTO `group_time` VALUES('4','260','2','0');
REPLACE INTO `group_time` VALUES('4','261','3','0');
REPLACE INTO `group_time` VALUES('4','262','2','0');
REPLACE INTO `group_time` VALUES('4','263','3','0');
REPLACE INTO `group_time` VALUES('4','264','2','0');
REPLACE INTO `group_time` VALUES('4','265','3','0');
REPLACE INTO `group_time` VALUES('4','266','2','0');
REPLACE INTO `group_time` VALUES('4','267','3','0');
REPLACE INTO `group_time` VALUES('4','268','2','0');
REPLACE INTO `group_time` VALUES('4','269','3','0');
REPLACE INTO `group_time` VALUES('4','270','2','0');
REPLACE INTO `group_time` VALUES('5','1','3','0');
REPLACE INTO `group_time` VALUES('5','2','3','0');
REPLACE INTO `group_time` VALUES('5','3','2','0');
REPLACE INTO `group_time` VALUES('5','4','4','0');
REPLACE INTO `group_time` VALUES('5','5','3','0');
REPLACE INTO `group_time` VALUES('5','6','3','0');
REPLACE INTO `group_time` VALUES('5','7','2','0');
REPLACE INTO `group_time` VALUES('5','8','4','0');
REPLACE INTO `group_time` VALUES('5','9','3','0');
REPLACE INTO `group_time` VALUES('5','10','3','0');
REPLACE INTO `group_time` VALUES('5','11','2','0');
REPLACE INTO `group_time` VALUES('5','12','4','0');
REPLACE INTO `group_time` VALUES('5','13','3','0');
REPLACE INTO `group_time` VALUES('5','14','3','0');
REPLACE INTO `group_time` VALUES('5','15','2','0');
REPLACE INTO `group_time` VALUES('5','16','4','0');
REPLACE INTO `group_time` VALUES('5','17','3','0');
REPLACE INTO `group_time` VALUES('5','18','3','0');
REPLACE INTO `group_time` VALUES('5','19','2','0');
REPLACE INTO `group_time` VALUES('5','20','4','0');
REPLACE INTO `group_time` VALUES('5','21','3','0');
REPLACE INTO `group_time` VALUES('5','22','3','0');
REPLACE INTO `group_time` VALUES('5','23','2','0');
REPLACE INTO `group_time` VALUES('5','24','4','0');
REPLACE INTO `group_time` VALUES('5','25','3','0');
REPLACE INTO `group_time` VALUES('5','26','3','0');
REPLACE INTO `group_time` VALUES('5','27','2','0');
REPLACE INTO `group_time` VALUES('5','28','4','0');
REPLACE INTO `group_time` VALUES('5','29','3','0');
REPLACE INTO `group_time` VALUES('5','30','3','0');
REPLACE INTO `group_time` VALUES('5','31','2','0');
REPLACE INTO `group_time` VALUES('5','32','4','0');
REPLACE INTO `group_time` VALUES('5','33','3','0');
REPLACE INTO `group_time` VALUES('5','34','3','0');
REPLACE INTO `group_time` VALUES('5','35','2','0');
REPLACE INTO `group_time` VALUES('5','36','4','0');
REPLACE INTO `group_time` VALUES('5','37','3','0');
REPLACE INTO `group_time` VALUES('5','38','3','0');
REPLACE INTO `group_time` VALUES('5','39','2','0');
REPLACE INTO `group_time` VALUES('5','40','4','0');
REPLACE INTO `group_time` VALUES('5','41','3','0');
REPLACE INTO `group_time` VALUES('5','42','3','0');
REPLACE INTO `group_time` VALUES('5','43','2','0');
REPLACE INTO `group_time` VALUES('5','44','4','0');
REPLACE INTO `group_time` VALUES('5','45','3','0');
REPLACE INTO `group_time` VALUES('5','46','3','0');
REPLACE INTO `group_time` VALUES('5','47','2','0');
REPLACE INTO `group_time` VALUES('5','48','4','0');
REPLACE INTO `group_time` VALUES('5','49','3','0');
REPLACE INTO `group_time` VALUES('5','50','3','0');
REPLACE INTO `group_time` VALUES('5','51','2','0');
REPLACE INTO `group_time` VALUES('5','52','4','0');
REPLACE INTO `group_time` VALUES('5','53','3','0');
REPLACE INTO `group_time` VALUES('5','54','3','0');
REPLACE INTO `group_time` VALUES('5','55','2','0');
REPLACE INTO `group_time` VALUES('5','56','4','0');
REPLACE INTO `group_time` VALUES('5','57','3','0');
REPLACE INTO `group_time` VALUES('5','58','3','0');
REPLACE INTO `group_time` VALUES('5','59','2','0');
REPLACE INTO `group_time` VALUES('5','60','4','0');
REPLACE INTO `group_time` VALUES('5','61','3','0');
REPLACE INTO `group_time` VALUES('5','62','3','0');
REPLACE INTO `group_time` VALUES('5','63','2','0');
REPLACE INTO `group_time` VALUES('5','64','4','0');
REPLACE INTO `group_time` VALUES('5','65','3','0');
REPLACE INTO `group_time` VALUES('5','66','3','0');
REPLACE INTO `group_time` VALUES('5','67','2','0');
REPLACE INTO `group_time` VALUES('5','68','4','0');
REPLACE INTO `group_time` VALUES('5','69','3','0');
REPLACE INTO `group_time` VALUES('5','70','3','0');
REPLACE INTO `group_time` VALUES('5','71','2','0');
REPLACE INTO `group_time` VALUES('5','72','4','0');
REPLACE INTO `group_time` VALUES('5','73','3','0');
REPLACE INTO `group_time` VALUES('5','74','3','0');
REPLACE INTO `group_time` VALUES('5','75','2','0');
REPLACE INTO `group_time` VALUES('5','76','4','0');
REPLACE INTO `group_time` VALUES('5','77','3','0');
REPLACE INTO `group_time` VALUES('5','78','3','0');
REPLACE INTO `group_time` VALUES('5','79','2','0');
REPLACE INTO `group_time` VALUES('5','80','4','0');
REPLACE INTO `group_time` VALUES('5','81','3','0');
REPLACE INTO `group_time` VALUES('5','82','3','0');
REPLACE INTO `group_time` VALUES('5','83','2','0');
REPLACE INTO `group_time` VALUES('5','84','4','0');
REPLACE INTO `group_time` VALUES('5','85','3','0');
REPLACE INTO `group_time` VALUES('5','86','3','0');
REPLACE INTO `group_time` VALUES('5','87','2','0');
REPLACE INTO `group_time` VALUES('5','88','4','0');
REPLACE INTO `group_time` VALUES('5','89','3','0');
REPLACE INTO `group_time` VALUES('5','90','3','0');
REPLACE INTO `group_time` VALUES('5','91','2','0');
REPLACE INTO `group_time` VALUES('5','92','4','0');
REPLACE INTO `group_time` VALUES('5','93','3','0');
REPLACE INTO `group_time` VALUES('5','94','3','0');
REPLACE INTO `group_time` VALUES('5','95','2','0');
REPLACE INTO `group_time` VALUES('5','96','4','0');
REPLACE INTO `group_time` VALUES('5','97','3','0');
REPLACE INTO `group_time` VALUES('5','98','3','0');
REPLACE INTO `group_time` VALUES('5','99','2','0');
REPLACE INTO `group_time` VALUES('5','100','4','0');
REPLACE INTO `group_time` VALUES('5','101','3','0');
REPLACE INTO `group_time` VALUES('5','102','3','0');
REPLACE INTO `group_time` VALUES('5','103','2','0');
REPLACE INTO `group_time` VALUES('5','104','4','0');
REPLACE INTO `group_time` VALUES('5','105','3','0');
REPLACE INTO `group_time` VALUES('5','106','3','0');
REPLACE INTO `group_time` VALUES('5','107','2','0');
REPLACE INTO `group_time` VALUES('5','108','4','0');
REPLACE INTO `group_time` VALUES('5','109','3','0');
REPLACE INTO `group_time` VALUES('5','110','3','0');
REPLACE INTO `group_time` VALUES('5','111','2','0');
REPLACE INTO `group_time` VALUES('5','112','4','0');
REPLACE INTO `group_time` VALUES('5','113','3','0');
REPLACE INTO `group_time` VALUES('5','114','3','0');
REPLACE INTO `group_time` VALUES('5','115','2','0');
REPLACE INTO `group_time` VALUES('5','116','4','0');
REPLACE INTO `group_time` VALUES('5','117','3','0');
REPLACE INTO `group_time` VALUES('5','118','3','0');
REPLACE INTO `group_time` VALUES('5','119','2','0');
REPLACE INTO `group_time` VALUES('5','120','4','0');
REPLACE INTO `group_time` VALUES('5','121','3','0');
REPLACE INTO `group_time` VALUES('5','122','3','0');
REPLACE INTO `group_time` VALUES('5','123','2','0');
REPLACE INTO `group_time` VALUES('5','124','4','0');
REPLACE INTO `group_time` VALUES('5','125','3','0');
REPLACE INTO `group_time` VALUES('5','126','3','0');
REPLACE INTO `group_time` VALUES('5','127','2','0');
REPLACE INTO `group_time` VALUES('5','128','4','0');
REPLACE INTO `group_time` VALUES('5','129','3','0');
REPLACE INTO `group_time` VALUES('5','130','3','0');
REPLACE INTO `group_time` VALUES('5','131','2','0');
REPLACE INTO `group_time` VALUES('5','132','4','0');
REPLACE INTO `group_time` VALUES('5','133','3','0');
REPLACE INTO `group_time` VALUES('5','134','3','0');
REPLACE INTO `group_time` VALUES('5','135','2','0');
REPLACE INTO `group_time` VALUES('5','136','4','0');
REPLACE INTO `group_time` VALUES('5','137','3','0');
REPLACE INTO `group_time` VALUES('5','138','3','0');
REPLACE INTO `group_time` VALUES('5','139','2','0');
REPLACE INTO `group_time` VALUES('5','140','4','0');
REPLACE INTO `group_time` VALUES('5','141','3','0');
REPLACE INTO `group_time` VALUES('5','142','3','0');
REPLACE INTO `group_time` VALUES('5','143','2','0');
REPLACE INTO `group_time` VALUES('5','144','4','0');
REPLACE INTO `group_time` VALUES('5','145','3','0');
REPLACE INTO `group_time` VALUES('5','146','3','0');
REPLACE INTO `group_time` VALUES('5','147','2','0');
REPLACE INTO `group_time` VALUES('5','148','4','0');
REPLACE INTO `group_time` VALUES('5','149','3','0');
REPLACE INTO `group_time` VALUES('5','150','3','0');
REPLACE INTO `group_time` VALUES('5','151','2','0');
REPLACE INTO `group_time` VALUES('5','152','4','0');
REPLACE INTO `group_time` VALUES('5','153','3','0');
REPLACE INTO `group_time` VALUES('5','154','3','0');
REPLACE INTO `group_time` VALUES('5','155','2','0');
REPLACE INTO `group_time` VALUES('5','156','4','0');
REPLACE INTO `group_time` VALUES('5','157','3','0');
REPLACE INTO `group_time` VALUES('5','158','3','0');
REPLACE INTO `group_time` VALUES('5','159','2','0');
REPLACE INTO `group_time` VALUES('5','160','4','0');
REPLACE INTO `group_time` VALUES('5','161','3','0');
REPLACE INTO `group_time` VALUES('5','162','3','0');
REPLACE INTO `group_time` VALUES('5','163','2','0');
REPLACE INTO `group_time` VALUES('5','164','4','0');
REPLACE INTO `group_time` VALUES('5','165','3','0');
REPLACE INTO `group_time` VALUES('5','166','3','0');
REPLACE INTO `group_time` VALUES('5','167','2','0');
REPLACE INTO `group_time` VALUES('5','168','4','0');
REPLACE INTO `group_time` VALUES('5','169','3','0');
REPLACE INTO `group_time` VALUES('5','170','3','0');
REPLACE INTO `group_time` VALUES('5','171','2','0');
REPLACE INTO `group_time` VALUES('5','172','4','0');
REPLACE INTO `group_time` VALUES('5','173','3','0');
REPLACE INTO `group_time` VALUES('5','174','3','0');
REPLACE INTO `group_time` VALUES('5','175','2','0');
REPLACE INTO `group_time` VALUES('5','176','4','0');
REPLACE INTO `group_time` VALUES('5','177','3','0');
REPLACE INTO `group_time` VALUES('5','178','3','0');
REPLACE INTO `group_time` VALUES('5','179','2','0');
REPLACE INTO `group_time` VALUES('5','180','4','0');
REPLACE INTO `group_time` VALUES('5','181','3','0');
REPLACE INTO `group_time` VALUES('5','182','3','0');
REPLACE INTO `group_time` VALUES('5','183','2','0');
REPLACE INTO `group_time` VALUES('5','184','4','0');
REPLACE INTO `group_time` VALUES('5','185','3','0');
REPLACE INTO `group_time` VALUES('5','186','3','0');
REPLACE INTO `group_time` VALUES('5','187','2','0');
REPLACE INTO `group_time` VALUES('5','188','4','0');
REPLACE INTO `group_time` VALUES('5','189','3','0');
REPLACE INTO `group_time` VALUES('5','190','3','0');
REPLACE INTO `group_time` VALUES('5','191','2','0');
REPLACE INTO `group_time` VALUES('5','192','4','0');
REPLACE INTO `group_time` VALUES('5','193','3','0');
REPLACE INTO `group_time` VALUES('5','194','3','0');
REPLACE INTO `group_time` VALUES('5','195','2','0');
REPLACE INTO `group_time` VALUES('5','196','4','0');
REPLACE INTO `group_time` VALUES('5','197','3','0');
REPLACE INTO `group_time` VALUES('5','198','3','0');
REPLACE INTO `group_time` VALUES('5','199','2','0');
REPLACE INTO `group_time` VALUES('5','200','4','0');
REPLACE INTO `group_time` VALUES('5','201','3','0');
REPLACE INTO `group_time` VALUES('5','202','3','0');
REPLACE INTO `group_time` VALUES('5','203','2','0');
REPLACE INTO `group_time` VALUES('5','204','4','0');
REPLACE INTO `group_time` VALUES('5','205','3','0');
REPLACE INTO `group_time` VALUES('5','206','3','0');
REPLACE INTO `group_time` VALUES('5','207','2','0');
REPLACE INTO `group_time` VALUES('5','208','4','0');
REPLACE INTO `group_time` VALUES('5','209','3','0');
REPLACE INTO `group_time` VALUES('5','210','3','0');
REPLACE INTO `group_time` VALUES('5','211','2','0');
REPLACE INTO `group_time` VALUES('5','212','4','0');
REPLACE INTO `group_time` VALUES('5','213','3','0');
REPLACE INTO `group_time` VALUES('5','214','3','0');
REPLACE INTO `group_time` VALUES('5','215','2','0');
REPLACE INTO `group_time` VALUES('5','216','4','0');
REPLACE INTO `group_time` VALUES('5','217','3','0');
REPLACE INTO `group_time` VALUES('5','218','3','0');
REPLACE INTO `group_time` VALUES('5','219','2','0');
REPLACE INTO `group_time` VALUES('5','220','4','0');
REPLACE INTO `group_time` VALUES('5','221','3','0');
REPLACE INTO `group_time` VALUES('5','222','3','0');
REPLACE INTO `group_time` VALUES('5','223','2','0');
REPLACE INTO `group_time` VALUES('5','224','4','0');
REPLACE INTO `group_time` VALUES('5','225','3','0');
REPLACE INTO `group_time` VALUES('5','226','3','0');
REPLACE INTO `group_time` VALUES('5','227','2','0');
REPLACE INTO `group_time` VALUES('5','228','4','0');
REPLACE INTO `group_time` VALUES('5','229','3','0');
REPLACE INTO `group_time` VALUES('5','230','3','0');
REPLACE INTO `group_time` VALUES('5','231','2','0');
REPLACE INTO `group_time` VALUES('5','232','4','0');
REPLACE INTO `group_time` VALUES('5','233','3','0');
REPLACE INTO `group_time` VALUES('5','234','3','0');
REPLACE INTO `group_time` VALUES('5','235','2','0');
REPLACE INTO `group_time` VALUES('5','236','4','0');
REPLACE INTO `group_time` VALUES('5','237','3','0');
REPLACE INTO `group_time` VALUES('5','238','3','0');
REPLACE INTO `group_time` VALUES('5','239','2','0');
REPLACE INTO `group_time` VALUES('5','240','4','0');
REPLACE INTO `group_time` VALUES('5','241','3','0');
REPLACE INTO `group_time` VALUES('5','242','3','0');
REPLACE INTO `group_time` VALUES('5','243','2','0');
REPLACE INTO `group_time` VALUES('5','244','4','0');
REPLACE INTO `group_time` VALUES('5','245','3','0');
REPLACE INTO `group_time` VALUES('5','246','3','0');
REPLACE INTO `group_time` VALUES('5','247','2','0');
REPLACE INTO `group_time` VALUES('5','248','4','0');
REPLACE INTO `group_time` VALUES('5','249','3','0');
REPLACE INTO `group_time` VALUES('5','250','3','0');
REPLACE INTO `group_time` VALUES('5','251','2','0');
REPLACE INTO `group_time` VALUES('5','252','4','0');
REPLACE INTO `group_time` VALUES('5','253','3','0');
REPLACE INTO `group_time` VALUES('5','254','3','0');
REPLACE INTO `group_time` VALUES('5','255','2','0');
REPLACE INTO `group_time` VALUES('5','256','4','0');
REPLACE INTO `group_time` VALUES('5','257','3','0');
REPLACE INTO `group_time` VALUES('5','258','3','0');
REPLACE INTO `group_time` VALUES('5','259','2','0');
REPLACE INTO `group_time` VALUES('5','260','4','0');
REPLACE INTO `group_time` VALUES('5','261','3','0');
REPLACE INTO `group_time` VALUES('5','262','3','0');
REPLACE INTO `group_time` VALUES('5','263','2','0');
REPLACE INTO `group_time` VALUES('5','264','4','0');
REPLACE INTO `group_time` VALUES('5','265','3','0');
REPLACE INTO `group_time` VALUES('5','266','3','0');
REPLACE INTO `group_time` VALUES('5','267','2','0');
REPLACE INTO `group_time` VALUES('5','268','4','0');
REPLACE INTO `group_time` VALUES('5','269','3','0');
REPLACE INTO `group_time` VALUES('5','270','3','0');
REPLACE INTO `group_time` VALUES('6','2','1','0');
REPLACE INTO `group_time` VALUES('6','6','1','0');
REPLACE INTO `group_time` VALUES('6','10','1','0');
REPLACE INTO `group_time` VALUES('6','14','1','0');
REPLACE INTO `group_time` VALUES('6','18','1','0');
REPLACE INTO `group_time` VALUES('6','22','1','0');
REPLACE INTO `group_time` VALUES('6','26','1','0');
REPLACE INTO `group_time` VALUES('6','30','1','0');
REPLACE INTO `group_time` VALUES('6','34','1','0');
REPLACE INTO `group_time` VALUES('6','38','1','0');
REPLACE INTO `group_time` VALUES('6','42','1','0');
REPLACE INTO `group_time` VALUES('6','46','1','0');
REPLACE INTO `group_time` VALUES('6','50','1','0');
REPLACE INTO `group_time` VALUES('6','54','1','0');
REPLACE INTO `group_time` VALUES('6','58','1','0');
REPLACE INTO `group_time` VALUES('6','62','1','0');
REPLACE INTO `group_time` VALUES('6','66','1','0');
REPLACE INTO `group_time` VALUES('6','70','1','0');
REPLACE INTO `group_time` VALUES('6','74','1','0');
REPLACE INTO `group_time` VALUES('6','78','1','0');
REPLACE INTO `group_time` VALUES('6','82','1','0');
REPLACE INTO `group_time` VALUES('6','86','1','0');
REPLACE INTO `group_time` VALUES('6','88','1','1');
REPLACE INTO `group_time` VALUES('6','90','1','0');
REPLACE INTO `group_time` VALUES('6','94','1','0');
REPLACE INTO `group_time` VALUES('6','98','1','0');
REPLACE INTO `group_time` VALUES('6','102','1','0');
REPLACE INTO `group_time` VALUES('6','106','1','0');
REPLACE INTO `group_time` VALUES('6','110','1','0');
REPLACE INTO `group_time` VALUES('6','114','1','0');
REPLACE INTO `group_time` VALUES('6','118','1','0');
REPLACE INTO `group_time` VALUES('6','122','1','0');
REPLACE INTO `group_time` VALUES('6','126','1','0');
REPLACE INTO `group_time` VALUES('6','130','1','0');
REPLACE INTO `group_time` VALUES('6','134','1','0');
REPLACE INTO `group_time` VALUES('6','138','1','0');
REPLACE INTO `group_time` VALUES('6','142','1','0');
REPLACE INTO `group_time` VALUES('6','146','1','0');
REPLACE INTO `group_time` VALUES('6','150','1','0');
REPLACE INTO `group_time` VALUES('6','154','1','0');
REPLACE INTO `group_time` VALUES('6','158','1','0');
REPLACE INTO `group_time` VALUES('6','162','1','0');
REPLACE INTO `group_time` VALUES('6','166','1','0');
REPLACE INTO `group_time` VALUES('6','170','1','0');
REPLACE INTO `group_time` VALUES('6','174','1','0');
REPLACE INTO `group_time` VALUES('6','178','1','0');
REPLACE INTO `group_time` VALUES('6','182','1','0');
REPLACE INTO `group_time` VALUES('6','186','1','0');
REPLACE INTO `group_time` VALUES('6','190','1','0');
REPLACE INTO `group_time` VALUES('6','194','1','0');
REPLACE INTO `group_time` VALUES('6','198','1','0');
REPLACE INTO `group_time` VALUES('6','202','1','0');
REPLACE INTO `group_time` VALUES('6','206','1','0');
REPLACE INTO `group_time` VALUES('6','210','1','0');
REPLACE INTO `group_time` VALUES('6','214','1','0');
REPLACE INTO `group_time` VALUES('6','218','1','0');
REPLACE INTO `group_time` VALUES('6','222','1','0');
REPLACE INTO `group_time` VALUES('6','226','1','0');
REPLACE INTO `group_time` VALUES('6','230','1','0');
REPLACE INTO `group_time` VALUES('6','234','1','0');
REPLACE INTO `group_time` VALUES('6','238','1','0');
REPLACE INTO `group_time` VALUES('6','242','1','0');
REPLACE INTO `group_time` VALUES('6','246','1','0');
REPLACE INTO `group_time` VALUES('6','250','1','0');
REPLACE INTO `group_time` VALUES('6','254','1','0');
REPLACE INTO `group_time` VALUES('6','258','1','0');
REPLACE INTO `group_time` VALUES('6','262','1','0');
REPLACE INTO `group_time` VALUES('6','266','1','0');
REPLACE INTO `group_time` VALUES('6','270','1','0');
REPLACE INTO `group_time` VALUES('7','1','1','0');
REPLACE INTO `group_time` VALUES('7','2','2','0');
REPLACE INTO `group_time` VALUES('7','3','4','0');
REPLACE INTO `group_time` VALUES('7','5','1','0');
REPLACE INTO `group_time` VALUES('7','6','2','0');
REPLACE INTO `group_time` VALUES('7','7','4','0');
REPLACE INTO `group_time` VALUES('7','9','1','0');
REPLACE INTO `group_time` VALUES('7','10','2','0');
REPLACE INTO `group_time` VALUES('7','11','4','0');
REPLACE INTO `group_time` VALUES('7','13','1','0');
REPLACE INTO `group_time` VALUES('7','14','2','0');
REPLACE INTO `group_time` VALUES('7','15','4','0');
REPLACE INTO `group_time` VALUES('7','17','1','0');
REPLACE INTO `group_time` VALUES('7','18','2','0');
REPLACE INTO `group_time` VALUES('7','19','4','0');
REPLACE INTO `group_time` VALUES('7','21','1','0');
REPLACE INTO `group_time` VALUES('7','22','2','0');
REPLACE INTO `group_time` VALUES('7','23','4','0');
REPLACE INTO `group_time` VALUES('7','25','1','0');
REPLACE INTO `group_time` VALUES('7','26','2','0');
REPLACE INTO `group_time` VALUES('7','27','4','0');
REPLACE INTO `group_time` VALUES('7','29','1','0');
REPLACE INTO `group_time` VALUES('7','30','2','0');
REPLACE INTO `group_time` VALUES('7','31','4','0');
REPLACE INTO `group_time` VALUES('7','33','1','0');
REPLACE INTO `group_time` VALUES('7','34','2','0');
REPLACE INTO `group_time` VALUES('7','35','4','0');
REPLACE INTO `group_time` VALUES('7','37','1','0');
REPLACE INTO `group_time` VALUES('7','38','2','0');
REPLACE INTO `group_time` VALUES('7','39','4','0');
REPLACE INTO `group_time` VALUES('7','41','1','0');
REPLACE INTO `group_time` VALUES('7','42','2','0');
REPLACE INTO `group_time` VALUES('7','43','4','0');
REPLACE INTO `group_time` VALUES('7','45','1','0');
REPLACE INTO `group_time` VALUES('7','46','2','0');
REPLACE INTO `group_time` VALUES('7','47','4','0');
REPLACE INTO `group_time` VALUES('7','49','1','0');
REPLACE INTO `group_time` VALUES('7','50','2','0');
REPLACE INTO `group_time` VALUES('7','51','4','0');
REPLACE INTO `group_time` VALUES('7','53','1','0');
REPLACE INTO `group_time` VALUES('7','54','2','0');
REPLACE INTO `group_time` VALUES('7','55','4','0');
REPLACE INTO `group_time` VALUES('7','57','1','0');
REPLACE INTO `group_time` VALUES('7','58','2','0');
REPLACE INTO `group_time` VALUES('7','59','4','0');
REPLACE INTO `group_time` VALUES('7','61','1','0');
REPLACE INTO `group_time` VALUES('7','62','2','0');
REPLACE INTO `group_time` VALUES('7','63','4','0');
REPLACE INTO `group_time` VALUES('7','65','1','0');
REPLACE INTO `group_time` VALUES('7','66','2','0');
REPLACE INTO `group_time` VALUES('7','67','4','0');
REPLACE INTO `group_time` VALUES('7','69','1','0');
REPLACE INTO `group_time` VALUES('7','70','2','0');
REPLACE INTO `group_time` VALUES('7','71','4','0');
REPLACE INTO `group_time` VALUES('7','73','1','0');
REPLACE INTO `group_time` VALUES('7','74','2','0');
REPLACE INTO `group_time` VALUES('7','75','4','0');
REPLACE INTO `group_time` VALUES('7','77','1','0');
REPLACE INTO `group_time` VALUES('7','78','2','0');
REPLACE INTO `group_time` VALUES('7','79','4','0');
REPLACE INTO `group_time` VALUES('7','81','1','0');
REPLACE INTO `group_time` VALUES('7','82','2','0');
REPLACE INTO `group_time` VALUES('7','83','4','0');
REPLACE INTO `group_time` VALUES('7','85','1','0');
REPLACE INTO `group_time` VALUES('7','86','2','0');
REPLACE INTO `group_time` VALUES('7','87','4','0');
REPLACE INTO `group_time` VALUES('7','89','1','1');
REPLACE INTO `group_time` VALUES('7','90','2','0');
REPLACE INTO `group_time` VALUES('7','91','4','0');
REPLACE INTO `group_time` VALUES('7','93','1','1');
REPLACE INTO `group_time` VALUES('7','94','2','0');
REPLACE INTO `group_time` VALUES('7','95','4','0');
REPLACE INTO `group_time` VALUES('7','97','1','1');
REPLACE INTO `group_time` VALUES('7','98','2','0');
REPLACE INTO `group_time` VALUES('7','99','4','0');
REPLACE INTO `group_time` VALUES('7','101','1','1');
REPLACE INTO `group_time` VALUES('7','102','2','0');
REPLACE INTO `group_time` VALUES('7','103','4','0');
REPLACE INTO `group_time` VALUES('7','105','1','1');
REPLACE INTO `group_time` VALUES('7','106','2','0');
REPLACE INTO `group_time` VALUES('7','107','4','0');
REPLACE INTO `group_time` VALUES('7','109','1','1');
REPLACE INTO `group_time` VALUES('7','110','2','0');
REPLACE INTO `group_time` VALUES('7','111','4','0');
REPLACE INTO `group_time` VALUES('7','113','1','1');
REPLACE INTO `group_time` VALUES('7','114','2','0');
REPLACE INTO `group_time` VALUES('7','115','4','0');
REPLACE INTO `group_time` VALUES('7','117','1','1');
REPLACE INTO `group_time` VALUES('7','118','2','0');
REPLACE INTO `group_time` VALUES('7','119','4','0');
REPLACE INTO `group_time` VALUES('7','121','1','1');
REPLACE INTO `group_time` VALUES('7','122','2','0');
REPLACE INTO `group_time` VALUES('7','123','4','0');
REPLACE INTO `group_time` VALUES('7','125','1','1');
REPLACE INTO `group_time` VALUES('7','126','2','0');
REPLACE INTO `group_time` VALUES('7','127','4','0');
REPLACE INTO `group_time` VALUES('7','129','1','1');
REPLACE INTO `group_time` VALUES('7','130','2','0');
REPLACE INTO `group_time` VALUES('7','131','4','0');
REPLACE INTO `group_time` VALUES('7','133','1','1');
REPLACE INTO `group_time` VALUES('7','134','2','0');
REPLACE INTO `group_time` VALUES('7','135','4','0');
REPLACE INTO `group_time` VALUES('7','137','1','1');
REPLACE INTO `group_time` VALUES('7','138','2','0');
REPLACE INTO `group_time` VALUES('7','139','4','0');
REPLACE INTO `group_time` VALUES('7','141','1','1');
REPLACE INTO `group_time` VALUES('7','142','2','0');
REPLACE INTO `group_time` VALUES('7','143','4','0');
REPLACE INTO `group_time` VALUES('7','145','1','1');
REPLACE INTO `group_time` VALUES('7','146','2','0');
REPLACE INTO `group_time` VALUES('7','147','4','0');
REPLACE INTO `group_time` VALUES('7','149','1','1');
REPLACE INTO `group_time` VALUES('7','150','2','0');
REPLACE INTO `group_time` VALUES('7','151','4','0');
REPLACE INTO `group_time` VALUES('7','153','1','1');
REPLACE INTO `group_time` VALUES('7','154','2','0');
REPLACE INTO `group_time` VALUES('7','155','4','0');
REPLACE INTO `group_time` VALUES('7','157','1','1');
REPLACE INTO `group_time` VALUES('7','158','2','0');
REPLACE INTO `group_time` VALUES('7','159','4','0');
REPLACE INTO `group_time` VALUES('7','161','1','1');
REPLACE INTO `group_time` VALUES('7','162','2','0');
REPLACE INTO `group_time` VALUES('7','163','4','0');
REPLACE INTO `group_time` VALUES('7','165','1','1');
REPLACE INTO `group_time` VALUES('7','166','2','0');
REPLACE INTO `group_time` VALUES('7','167','4','0');
REPLACE INTO `group_time` VALUES('7','169','1','1');
REPLACE INTO `group_time` VALUES('7','170','2','0');
REPLACE INTO `group_time` VALUES('7','171','4','0');
REPLACE INTO `group_time` VALUES('7','173','1','1');
REPLACE INTO `group_time` VALUES('7','174','2','0');
REPLACE INTO `group_time` VALUES('7','175','4','0');
REPLACE INTO `group_time` VALUES('7','177','1','1');
REPLACE INTO `group_time` VALUES('7','178','2','0');
REPLACE INTO `group_time` VALUES('7','179','4','0');
REPLACE INTO `group_time` VALUES('7','181','1','1');
REPLACE INTO `group_time` VALUES('7','182','2','0');
REPLACE INTO `group_time` VALUES('7','183','4','0');
REPLACE INTO `group_time` VALUES('7','185','1','1');
REPLACE INTO `group_time` VALUES('7','186','2','0');
REPLACE INTO `group_time` VALUES('7','187','4','0');
REPLACE INTO `group_time` VALUES('7','189','1','1');
REPLACE INTO `group_time` VALUES('7','190','2','0');
REPLACE INTO `group_time` VALUES('7','191','4','0');
REPLACE INTO `group_time` VALUES('7','193','1','1');
REPLACE INTO `group_time` VALUES('7','194','2','0');
REPLACE INTO `group_time` VALUES('7','195','4','0');
REPLACE INTO `group_time` VALUES('7','197','1','1');
REPLACE INTO `group_time` VALUES('7','198','2','0');
REPLACE INTO `group_time` VALUES('7','199','4','0');
REPLACE INTO `group_time` VALUES('7','201','1','1');
REPLACE INTO `group_time` VALUES('7','202','2','0');
REPLACE INTO `group_time` VALUES('7','203','4','0');
REPLACE INTO `group_time` VALUES('7','205','1','1');
REPLACE INTO `group_time` VALUES('7','206','2','0');
REPLACE INTO `group_time` VALUES('7','207','4','0');
REPLACE INTO `group_time` VALUES('7','209','1','1');
REPLACE INTO `group_time` VALUES('7','210','2','0');
REPLACE INTO `group_time` VALUES('7','211','4','0');
REPLACE INTO `group_time` VALUES('7','213','1','1');
REPLACE INTO `group_time` VALUES('7','214','2','0');
REPLACE INTO `group_time` VALUES('7','215','4','0');
REPLACE INTO `group_time` VALUES('7','217','1','1');
REPLACE INTO `group_time` VALUES('7','218','2','0');
REPLACE INTO `group_time` VALUES('7','219','4','0');
REPLACE INTO `group_time` VALUES('7','221','1','1');
REPLACE INTO `group_time` VALUES('7','222','2','0');
REPLACE INTO `group_time` VALUES('7','223','4','0');
REPLACE INTO `group_time` VALUES('7','225','1','1');
REPLACE INTO `group_time` VALUES('7','226','2','0');
REPLACE INTO `group_time` VALUES('7','227','4','0');
REPLACE INTO `group_time` VALUES('7','229','1','1');
REPLACE INTO `group_time` VALUES('7','230','2','0');
REPLACE INTO `group_time` VALUES('7','231','4','0');
REPLACE INTO `group_time` VALUES('7','233','1','1');
REPLACE INTO `group_time` VALUES('7','234','2','0');
REPLACE INTO `group_time` VALUES('7','235','4','0');
REPLACE INTO `group_time` VALUES('7','237','1','1');
REPLACE INTO `group_time` VALUES('7','238','2','0');
REPLACE INTO `group_time` VALUES('7','239','4','0');
REPLACE INTO `group_time` VALUES('7','241','1','1');
REPLACE INTO `group_time` VALUES('7','242','2','0');
REPLACE INTO `group_time` VALUES('7','243','4','0');
REPLACE INTO `group_time` VALUES('7','245','1','1');
REPLACE INTO `group_time` VALUES('7','246','2','0');
REPLACE INTO `group_time` VALUES('7','247','4','0');
REPLACE INTO `group_time` VALUES('7','249','1','1');
REPLACE INTO `group_time` VALUES('7','250','2','0');
REPLACE INTO `group_time` VALUES('7','251','4','0');
REPLACE INTO `group_time` VALUES('7','253','1','1');
REPLACE INTO `group_time` VALUES('7','254','2','0');
REPLACE INTO `group_time` VALUES('7','255','4','0');
REPLACE INTO `group_time` VALUES('7','257','1','1');
REPLACE INTO `group_time` VALUES('7','258','2','0');
REPLACE INTO `group_time` VALUES('7','259','4','0');
REPLACE INTO `group_time` VALUES('7','261','1','1');
REPLACE INTO `group_time` VALUES('7','262','2','0');
REPLACE INTO `group_time` VALUES('7','263','4','0');
REPLACE INTO `group_time` VALUES('7','265','1','1');
REPLACE INTO `group_time` VALUES('7','266','2','0');
REPLACE INTO `group_time` VALUES('7','267','4','0');
REPLACE INTO `group_time` VALUES('7','269','1','1');
REPLACE INTO `group_time` VALUES('7','270','2','1');
--
-- structurejailblock
--

DROP TABLE IF EXISTS `jailblock`;
CREATE TABLE `jailblock` (
  `jid` int(11) NOT NULL AUTO_INCREMENT,
  `jname` varchar(20) NOT NULL,
  `groupid` int(11) NOT NULL,
  PRIMARY KEY (`jid`),
  KEY `groupid` (`groupid`),
  KEY `groupid_2` (`groupid`),
  CONSTRAINT `jailblock_ibfk_1` FOREIGN KEY (`groupid`) REFERENCES `group_info` (`groupid`)
) ENGINE=InnoDB AUTO_INCREMENT=124 DEFAULT CHARSET=latin1;

--
-- resave the result of table jailblock
--

REPLACE INTO `jailblock` VALUES('123','123123','7');
--
-- structureprisoner_info
--

DROP TABLE IF EXISTS `prisoner_info`;
CREATE TABLE `prisoner_info` (
  `pid` char(9) NOT NULL COMMENT '9bit Pxxxxxxxx',
  `pname` char(50) NOT NULL,
  `releaseday` datetime DEFAULT NULL,
  `Jid` int(11) NOT NULL,
  PRIMARY KEY (`pid`),
  KEY `Jid` (`Jid`),
  CONSTRAINT `prisoner_info_ibfk_1` FOREIGN KEY (`Jid`) REFERENCES `jailblock` (`jid`)
) ENGINE=InnoDB DEFAULT CHARSET=latin1;

--
-- resave the result of table prisoner_info
--

--
-- structuresalary
--

DROP TABLE IF EXISTS `salary`;
CREATE TABLE `salary` (
  `salaryid` int(11) NOT NULL AUTO_INCREMENT,
  `level` tinyint(4) NOT NULL,
  `worktime` datetime NOT NULL,
  `evaluation` varchar(20) NOT NULL,
  `salary` float NOT NULL,
  `userid` char(9) NOT NULL,
  PRIMARY KEY (`salaryid`),
  KEY `userid` (`userid`),
  CONSTRAINT `salary_ibfk_1` FOREIGN KEY (`userid`) REFERENCES `user_info` (`userid`) ON DELETE CASCADE ON UPDATE CASCADE
) ENGINE=InnoDB AUTO_INCREMENT=3 DEFAULT CHARSET=latin1;

--
-- resave the result of table salary
--

--
-- structuresummary
--

DROP TABLE IF EXISTS `summary`;
CREATE TABLE `summary` (
  `sid` int(11) NOT NULL AUTO_INCREMENT,
  `userid` char(9) NOT NULL,
  `title` varchar(50) NOT NULL,
  `fileroad` varchar(200) NOT NULL,
  `time` datetime NOT NULL,
  PRIMARY KEY (`sid`),
  KEY `userid` (`userid`),
  CONSTRAINT `summary_ibfk_2` FOREIGN KEY (`userid`) REFERENCES `user_info` (`userid`) ON DELETE CASCADE ON UPDATE CASCADE
) ENGINE=InnoDB AUTO_INCREMENT=15 DEFAULT CHARSET=latin1;

--
-- resave the result of table summary
--

REPLACE INTO `summary` VALUES('1','C00001009','C00001009_2015_11.txt','uploadfile/','2015-11-25 12:23:12');
REPLACE INTO `summary` VALUES('2','C00001009','C00001009_2015_10.txt','uploadfile/','2015-10-23 00:00:00');
REPLACE INTO `summary` VALUES('3','C00001009','C00001009_2015_12.txt','uploadfile/ 	','2015-12-02 09:59:17');
REPLACE INTO `summary` VALUES('4','C00000010','C00000010_2015_11.txt','uploadfile/','2015-11-13 07:45:17');
REPLACE INTO `summary` VALUES('5','C00001007','C00001007_2015_11.txt','uploadfile/','2015-11-29 07:24:08');
REPLACE INTO `summary` VALUES('6','C00000003','C00000003_2015_11.txt','uploadfile/','2015-11-25 12:23:37');
REPLACE INTO `summary` VALUES('7','C00001002','C00001002_2015_11.txt','uploadfile/','2015-11-29 07:40:03');
REPLACE INTO `summary` VALUES('8','C00001018','C00001018_2015_11.txt','uploadfile/','2015-11-29 03:59:48');
REPLACE INTO `summary` VALUES('9','C00001004','C00001004_2015_11.txt','uploadfile/','2015-11-29 04:37:33');
REPLACE INTO `summary` VALUES('10','C00001008','C00001008_2015_11.txt','uploadfile/','2015-11-29 07:22:42');
REPLACE INTO `summary` VALUES('11','C00001006','C00001006_2015_11.txt','uploadfile/','2015-11-29 07:25:01');
REPLACE INTO `summary` VALUES('12','C00001003','C00001003_2015_11.txt','uploadfile/','2015-11-29 07:34:19');
REPLACE INTO `summary` VALUES('13','C00000008','C00000008_2015_11.txt','uploadfile/','2015-11-29 08:51:41');
REPLACE INTO `summary` VALUES('14','C00001004','C00001004_2015_12.txt','uploadfile/','2015-12-02 09:58:04');
--
-- structureswitch
--

DROP TABLE IF EXISTS `switch`;
CREATE TABLE `switch` (
  `userid1` char(9) NOT NULL,
  `userid2` char(9) NOT NULL,
  `usertime1` int(11) NOT NULL,
  `usertime2` int(11) NOT NULL,
  `reason` text NOT NULL,
  `state1` enum('Y','N') DEFAULT NULL,
  `state2` enum('Y','N') DEFAULT NULL,
  PRIMARY KEY (`userid1`,`userid2`,`usertime1`,`usertime2`),
  KEY `userid2` (`userid2`),
  KEY `usertime1` (`usertime1`),
  KEY `usertime2` (`usertime2`),
  CONSTRAINT `switch_ibfk_4` FOREIGN KEY (`usertime2`) REFERENCES `time_info` (`timeid`) ON DELETE CASCADE ON UPDATE CASCADE,
  CONSTRAINT `switch_ibfk_1` FOREIGN KEY (`userid1`) REFERENCES `user_info` (`userid`) ON DELETE CASCADE ON UPDATE CASCADE,
  CONSTRAINT `switch_ibfk_2` FOREIGN KEY (`userid2`) REFERENCES `user_info` (`userid`) ON DELETE CASCADE ON UPDATE CASCADE,
  CONSTRAINT `switch_ibfk_3` FOREIGN KEY (`usertime1`) REFERENCES `time_info` (`timeid`) ON DELETE CASCADE ON UPDATE CASCADE
) ENGINE=InnoDB DEFAULT CHARSET=latin1;

--
-- resave the result of table switch
--

REPLACE INTO `switch` VALUES('C00000003','C00000010','112','111','','Y','');
REPLACE INTO `switch` VALUES('C00000010','C00001002','195','269','Hello dude','Y','Y');
REPLACE INTO `switch` VALUES('C00001004','C00000010','140','147','','','');
REPLACE INTO `switch` VALUES('C00001018','C00000010','164','143','How can people work on Christmas?','','');
--
-- structuretime_info
--

DROP TABLE IF EXISTS `time_info`;
CREATE TABLE `time_info` (
  `timeid` int(11) NOT NULL AUTO_INCREMENT,
  `timedate` date NOT NULL,
  `starttime` time NOT NULL,
  `endtime` time NOT NULL,
  PRIMARY KEY (`timeid`)
) ENGINE=InnoDB AUTO_INCREMENT=283 DEFAULT CHARSET=latin1;

--
-- resave the result of table time_info
--

REPLACE INTO `time_info` VALUES('1','2015-11-01','00:00:00','07:59:59');
REPLACE INTO `time_info` VALUES('2','2015-11-01','08:00:00','15:59:59');
REPLACE INTO `time_info` VALUES('3','2015-11-01','16:00:00','23:59:59');
REPLACE INTO `time_info` VALUES('4','2015-11-02','00:00:00','07:59:59');
REPLACE INTO `time_info` VALUES('5','2015-11-02','08:00:00','15:59:59');
REPLACE INTO `time_info` VALUES('6','2015-11-02','16:00:00','23:59:59');
REPLACE INTO `time_info` VALUES('7','2015-11-03','00:00:00','07:59:59');
REPLACE INTO `time_info` VALUES('8','2015-11-03','08:00:00','15:59:59');
REPLACE INTO `time_info` VALUES('9','2015-11-03','16:00:00','23:59:59');
REPLACE INTO `time_info` VALUES('10','2015-11-04','00:00:00','07:59:59');
REPLACE INTO `time_info` VALUES('11','2015-11-04','08:00:00','15:59:59');
REPLACE INTO `time_info` VALUES('12','2015-11-04','16:00:00','23:59:59');
REPLACE INTO `time_info` VALUES('13','2015-11-05','00:00:00','07:59:59');
REPLACE INTO `time_info` VALUES('14','2015-11-05','08:00:00','15:59:59');
REPLACE INTO `time_info` VALUES('15','2015-11-05','16:00:00','23:59:59');
REPLACE INTO `time_info` VALUES('16','2015-11-06','00:00:00','07:59:59');
REPLACE INTO `time_info` VALUES('17','2015-11-06','08:00:00','15:59:59');
REPLACE INTO `time_info` VALUES('18','2015-11-06','16:00:00','23:59:59');
REPLACE INTO `time_info` VALUES('19','2015-11-07','00:00:00','07:59:59');
REPLACE INTO `time_info` VALUES('20','2015-11-07','08:00:00','15:59:59');
REPLACE INTO `time_info` VALUES('21','2015-11-07','16:00:00','23:59:59');
REPLACE INTO `time_info` VALUES('22','2015-11-08','00:00:00','07:59:59');
REPLACE INTO `time_info` VALUES('23','2015-11-08','08:00:00','15:59:59');
REPLACE INTO `time_info` VALUES('24','2015-11-08','16:00:00','23:59:59');
REPLACE INTO `time_info` VALUES('25','2015-11-09','00:00:00','07:59:59');
REPLACE INTO `time_info` VALUES('26','2015-11-09','08:00:00','15:59:59');
REPLACE INTO `time_info` VALUES('27','2015-11-09','16:00:00','23:59:59');
REPLACE INTO `time_info` VALUES('28','2015-11-10','00:00:00','07:59:59');
REPLACE INTO `time_info` VALUES('29','2015-11-10','08:00:00','15:59:59');
REPLACE INTO `time_info` VALUES('30','2015-11-10','16:00:00','23:59:59');
REPLACE INTO `time_info` VALUES('31','2015-11-11','00:00:00','07:59:59');
REPLACE INTO `time_info` VALUES('32','2015-11-11','08:00:00','15:59:59');
REPLACE INTO `time_info` VALUES('33','2015-11-11','16:00:00','23:59:59');
REPLACE INTO `time_info` VALUES('34','2015-11-12','00:00:00','07:59:59');
REPLACE INTO `time_info` VALUES('35','2015-11-12','08:00:00','15:59:59');
REPLACE INTO `time_info` VALUES('36','2015-11-12','16:00:00','23:59:59');
REPLACE INTO `time_info` VALUES('37','2015-11-13','00:00:00','07:59:59');
REPLACE INTO `time_info` VALUES('38','2015-11-13','08:00:00','15:59:59');
REPLACE INTO `time_info` VALUES('39','2015-11-13','16:00:00','23:59:59');
REPLACE INTO `time_info` VALUES('40','2015-11-14','00:00:00','07:59:59');
REPLACE INTO `time_info` VALUES('41','2015-11-14','08:00:00','15:59:59');
REPLACE INTO `time_info` VALUES('42','2015-11-14','16:00:00','23:59:59');
REPLACE INTO `time_info` VALUES('43','2015-11-15','00:00:00','07:59:59');
REPLACE INTO `time_info` VALUES('44','2015-11-15','08:00:00','15:59:59');
REPLACE INTO `time_info` VALUES('45','2015-11-15','16:00:00','23:59:59');
REPLACE INTO `time_info` VALUES('46','2015-11-16','00:00:00','07:59:59');
REPLACE INTO `time_info` VALUES('47','2015-11-16','08:00:00','15:59:59');
REPLACE INTO `time_info` VALUES('48','2015-11-16','16:00:00','23:59:59');
REPLACE INTO `time_info` VALUES('49','2015-11-17','00:00:00','07:59:59');
REPLACE INTO `time_info` VALUES('50','2015-11-17','08:00:00','15:59:59');
REPLACE INTO `time_info` VALUES('51','2015-11-17','16:00:00','23:59:59');
REPLACE INTO `time_info` VALUES('52','2015-11-18','00:00:00','07:59:59');
REPLACE INTO `time_info` VALUES('53','2015-11-18','08:00:00','15:59:59');
REPLACE INTO `time_info` VALUES('54','2015-11-18','16:00:00','23:59:59');
REPLACE INTO `time_info` VALUES('55','2015-11-19','00:00:00','07:59:59');
REPLACE INTO `time_info` VALUES('56','2015-11-19','08:00:00','15:59:59');
REPLACE INTO `time_info` VALUES('57','2015-11-19','16:00:00','23:59:59');
REPLACE INTO `time_info` VALUES('58','2015-11-20','00:00:00','07:59:59');
REPLACE INTO `time_info` VALUES('59','2015-11-20','08:00:00','15:59:59');
REPLACE INTO `time_info` VALUES('60','2015-11-20','16:00:00','23:59:59');
REPLACE INTO `time_info` VALUES('61','2015-11-21','00:00:00','07:59:59');
REPLACE INTO `time_info` VALUES('62','2015-11-21','08:00:00','15:59:59');
REPLACE INTO `time_info` VALUES('63','2015-11-21','16:00:00','23:59:59');
REPLACE INTO `time_info` VALUES('64','2015-11-22','00:00:00','07:59:59');
REPLACE INTO `time_info` VALUES('65','2015-11-22','08:00:00','15:59:59');
REPLACE INTO `time_info` VALUES('66','2015-11-22','16:00:00','23:59:59');
REPLACE INTO `time_info` VALUES('67','2015-11-23','00:00:00','07:59:59');
REPLACE INTO `time_info` VALUES('68','2015-11-23','08:00:00','15:59:59');
REPLACE INTO `time_info` VALUES('69','2015-11-23','16:00:00','23:59:59');
REPLACE INTO `time_info` VALUES('70','2015-11-24','00:00:00','07:59:59');
REPLACE INTO `time_info` VALUES('71','2015-11-24','08:00:00','15:59:59');
REPLACE INTO `time_info` VALUES('72','2015-11-24','16:00:00','23:59:59');
REPLACE INTO `time_info` VALUES('73','2015-11-25','00:00:00','07:59:59');
REPLACE INTO `time_info` VALUES('74','2015-11-25','08:00:00','15:59:59');
REPLACE INTO `time_info` VALUES('75','2015-11-25','16:00:00','23:59:59');
REPLACE INTO `time_info` VALUES('76','2015-11-26','00:00:00','07:59:59');
REPLACE INTO `time_info` VALUES('77','2015-11-26','08:00:00','15:59:59');
REPLACE INTO `time_info` VALUES('78','2015-11-26','16:00:00','23:59:59');
REPLACE INTO `time_info` VALUES('79','2015-11-27','00:00:00','07:59:59');
REPLACE INTO `time_info` VALUES('80','2015-11-27','08:00:00','15:59:59');
REPLACE INTO `time_info` VALUES('81','2015-11-27','16:00:00','23:59:59');
REPLACE INTO `time_info` VALUES('82','2015-11-28','00:00:00','07:59:59');
REPLACE INTO `time_info` VALUES('83','2015-11-28','08:00:00','15:59:59');
REPLACE INTO `time_info` VALUES('84','2015-11-28','16:00:00','23:59:59');
REPLACE INTO `time_info` VALUES('85','2015-11-29','00:00:00','07:59:59');
REPLACE INTO `time_info` VALUES('86','2015-11-29','08:00:00','15:59:59');
REPLACE INTO `time_info` VALUES('87','2015-11-29','16:00:00','23:59:59');
REPLACE INTO `time_info` VALUES('88','2015-11-30','00:00:00','07:59:59');
REPLACE INTO `time_info` VALUES('89','2015-11-30','08:00:00','15:59:59');
REPLACE INTO `time_info` VALUES('90','2015-11-30','16:00:00','23:59:59');
REPLACE INTO `time_info` VALUES('91','2015-12-01','00:00:00','07:59:59');
REPLACE INTO `time_info` VALUES('92','2015-12-01','08:00:00','15:59:59');
REPLACE INTO `time_info` VALUES('93','2015-12-01','16:00:00','23:59:59');
REPLACE INTO `time_info` VALUES('94','2015-12-02','00:00:00','07:59:59');
REPLACE INTO `time_info` VALUES('95','2015-12-02','08:00:00','15:59:59');
REPLACE INTO `time_info` VALUES('96','2015-12-02','16:00:00','23:59:59');
REPLACE INTO `time_info` VALUES('97','2015-12-03','00:00:00','07:59:59');
REPLACE INTO `time_info` VALUES('98','2015-12-03','08:00:00','15:59:59');
REPLACE INTO `time_info` VALUES('99','2015-12-03','16:00:00','23:59:59');
REPLACE INTO `time_info` VALUES('100','2015-12-04','00:00:00','07:59:59');
REPLACE INTO `time_info` VALUES('101','2015-12-04','08:00:00','15:59:59');
REPLACE INTO `time_info` VALUES('102','2015-12-04','16:00:00','23:59:59');
REPLACE INTO `time_info` VALUES('103','2015-12-05','00:00:00','07:59:59');
REPLACE INTO `time_info` VALUES('104','2015-12-05','08:00:00','15:59:59');
REPLACE INTO `time_info` VALUES('105','2015-12-05','16:00:00','23:59:59');
REPLACE INTO `time_info` VALUES('106','2015-12-06','00:00:00','07:59:59');
REPLACE INTO `time_info` VALUES('107','2015-12-06','08:00:00','15:59:59');
REPLACE INTO `time_info` VALUES('108','2015-12-06','16:00:00','23:59:59');
REPLACE INTO `time_info` VALUES('109','2015-12-07','00:00:00','07:59:59');
REPLACE INTO `time_info` VALUES('110','2015-12-07','08:00:00','15:59:59');
REPLACE INTO `time_info` VALUES('111','2015-12-07','16:00:00','23:59:59');
REPLACE INTO `time_info` VALUES('112','2015-12-08','00:00:00','07:59:59');
REPLACE INTO `time_info` VALUES('113','2015-12-08','08:00:00','15:59:59');
REPLACE INTO `time_info` VALUES('114','2015-12-08','16:00:00','23:59:59');
REPLACE INTO `time_info` VALUES('115','2015-12-09','00:00:00','07:59:59');
REPLACE INTO `time_info` VALUES('116','2015-12-09','08:00:00','15:59:59');
REPLACE INTO `time_info` VALUES('117','2015-12-09','16:00:00','23:59:59');
REPLACE INTO `time_info` VALUES('118','2015-12-10','00:00:00','07:59:59');
REPLACE INTO `time_info` VALUES('119','2015-12-10','08:00:00','15:59:59');
REPLACE INTO `time_info` VALUES('120','2015-12-10','16:00:00','23:59:59');
REPLACE INTO `time_info` VALUES('121','2015-12-11','00:00:00','07:59:59');
REPLACE INTO `time_info` VALUES('122','2015-12-11','08:00:00','15:59:59');
REPLACE INTO `time_info` VALUES('123','2015-12-11','16:00:00','23:59:59');
REPLACE INTO `time_info` VALUES('124','2015-12-12','00:00:00','07:59:59');
REPLACE INTO `time_info` VALUES('125','2015-12-12','08:00:00','15:59:59');
REPLACE INTO `time_info` VALUES('126','2015-12-12','16:00:00','23:59:59');
REPLACE INTO `time_info` VALUES('127','2015-12-13','00:00:00','07:59:59');
REPLACE INTO `time_info` VALUES('128','2015-12-13','08:00:00','15:59:59');
REPLACE INTO `time_info` VALUES('129','2015-12-13','16:00:00','23:59:59');
REPLACE INTO `time_info` VALUES('130','2015-12-14','00:00:00','07:59:59');
REPLACE INTO `time_info` VALUES('131','2015-12-14','08:00:00','15:59:59');
REPLACE INTO `time_info` VALUES('132','2015-12-14','16:00:00','23:59:59');
REPLACE INTO `time_info` VALUES('133','2015-12-15','00:00:00','07:59:59');
REPLACE INTO `time_info` VALUES('134','2015-12-15','08:00:00','15:59:59');
REPLACE INTO `time_info` VALUES('135','2015-12-15','16:00:00','23:59:59');
REPLACE INTO `time_info` VALUES('136','2015-12-16','00:00:00','07:59:59');
REPLACE INTO `time_info` VALUES('137','2015-12-16','08:00:00','15:59:59');
REPLACE INTO `time_info` VALUES('138','2015-12-16','16:00:00','23:59:59');
REPLACE INTO `time_info` VALUES('139','2015-12-17','00:00:00','07:59:59');
REPLACE INTO `time_info` VALUES('140','2015-12-17','08:00:00','15:59:59');
REPLACE INTO `time_info` VALUES('141','2015-12-17','16:00:00','23:59:59');
REPLACE INTO `time_info` VALUES('142','2015-12-18','00:00:00','07:59:59');
REPLACE INTO `time_info` VALUES('143','2015-12-18','08:00:00','15:59:59');
REPLACE INTO `time_info` VALUES('144','2015-12-18','16:00:00','23:59:59');
REPLACE INTO `time_info` VALUES('145','2015-12-19','00:00:00','07:59:59');
REPLACE INTO `time_info` VALUES('146','2015-12-19','08:00:00','15:59:59');
REPLACE INTO `time_info` VALUES('147','2015-12-19','16:00:00','23:59:59');
REPLACE INTO `time_info` VALUES('148','2015-12-20','00:00:00','07:59:59');
REPLACE INTO `time_info` VALUES('149','2015-12-20','08:00:00','15:59:59');
REPLACE INTO `time_info` VALUES('150','2015-12-20','16:00:00','23:59:59');
REPLACE INTO `time_info` VALUES('151','2015-12-21','00:00:00','07:59:59');
REPLACE INTO `time_info` VALUES('152','2015-12-21','08:00:00','15:59:59');
REPLACE INTO `time_info` VALUES('153','2015-12-21','16:00:00','23:59:59');
REPLACE INTO `time_info` VALUES('154','2015-12-22','00:00:00','07:59:59');
REPLACE INTO `time_info` VALUES('155','2015-12-22','08:00:00','15:59:59');
REPLACE INTO `time_info` VALUES('156','2015-12-22','16:00:00','23:59:59');
REPLACE INTO `time_info` VALUES('157','2015-12-23','00:00:00','07:59:59');
REPLACE INTO `time_info` VALUES('158','2015-12-23','08:00:00','15:59:59');
REPLACE INTO `time_info` VALUES('159','2015-12-23','16:00:00','23:59:59');
REPLACE INTO `time_info` VALUES('160','2015-12-24','00:00:00','07:59:59');
REPLACE INTO `time_info` VALUES('161','2015-12-24','08:00:00','15:59:59');
REPLACE INTO `time_info` VALUES('162','2015-12-24','16:00:00','23:59:59');
REPLACE INTO `time_info` VALUES('163','2015-12-25','00:00:00','07:59:59');
REPLACE INTO `time_info` VALUES('164','2015-12-25','08:00:00','15:59:59');
REPLACE INTO `time_info` VALUES('165','2015-12-25','16:00:00','23:59:59');
REPLACE INTO `time_info` VALUES('166','2015-12-26','00:00:00','07:59:59');
REPLACE INTO `time_info` VALUES('167','2015-12-26','08:00:00','15:59:59');
REPLACE INTO `time_info` VALUES('168','2015-12-26','16:00:00','23:59:59');
REPLACE INTO `time_info` VALUES('169','2015-12-27','00:00:00','07:59:59');
REPLACE INTO `time_info` VALUES('170','2015-12-27','08:00:00','15:59:59');
REPLACE INTO `time_info` VALUES('171','2015-12-27','16:00:00','23:59:59');
REPLACE INTO `time_info` VALUES('172','2015-12-28','00:00:00','07:59:59');
REPLACE INTO `time_info` VALUES('173','2015-12-28','08:00:00','15:59:59');
REPLACE INTO `time_info` VALUES('174','2015-12-28','16:00:00','23:59:59');
REPLACE INTO `time_info` VALUES('175','2015-12-29','00:00:00','07:59:59');
REPLACE INTO `time_info` VALUES('176','2015-12-29','08:00:00','15:59:59');
REPLACE INTO `time_info` VALUES('177','2015-12-29','16:00:00','23:59:59');
REPLACE INTO `time_info` VALUES('178','2015-12-30','00:00:00','07:59:59');
REPLACE INTO `time_info` VALUES('179','2015-12-30','08:00:00','15:59:59');
REPLACE INTO `time_info` VALUES('180','2015-12-30','16:00:00','23:59:59');
REPLACE INTO `time_info` VALUES('181','2015-12-31','00:00:00','07:59:59');
REPLACE INTO `time_info` VALUES('182','2015-12-31','08:00:00','15:59:59');
REPLACE INTO `time_info` VALUES('183','2015-12-31','16:00:00','23:59:59');
REPLACE INTO `time_info` VALUES('184','2016-01-01','00:00:00','07:59:59');
REPLACE INTO `time_info` VALUES('185','2016-01-01','08:00:00','15:59:59');
REPLACE INTO `time_info` VALUES('186','2016-01-01','16:00:00','23:59:59');
REPLACE INTO `time_info` VALUES('187','2016-01-02','00:00:00','07:59:59');
REPLACE INTO `time_info` VALUES('188','2016-01-02','08:00:00','15:59:59');
REPLACE INTO `time_info` VALUES('189','2016-01-02','16:00:00','23:59:59');
REPLACE INTO `time_info` VALUES('190','2016-01-03','00:00:00','07:59:59');
REPLACE INTO `time_info` VALUES('191','2016-01-03','08:00:00','15:59:59');
REPLACE INTO `time_info` VALUES('192','2016-01-03','16:00:00','23:59:59');
REPLACE INTO `time_info` VALUES('193','2016-01-04','00:00:00','07:59:59');
REPLACE INTO `time_info` VALUES('194','2016-01-04','08:00:00','15:59:59');
REPLACE INTO `time_info` VALUES('195','2016-01-04','16:00:00','23:59:59');
REPLACE INTO `time_info` VALUES('196','2016-01-05','00:00:00','07:59:59');
REPLACE INTO `time_info` VALUES('197','2016-01-05','08:00:00','15:59:59');
REPLACE INTO `time_info` VALUES('198','2016-01-05','16:00:00','23:59:59');
REPLACE INTO `time_info` VALUES('199','2016-01-06','00:00:00','07:59:59');
REPLACE INTO `time_info` VALUES('200','2016-01-06','08:00:00','15:59:59');
REPLACE INTO `time_info` VALUES('201','2016-01-06','16:00:00','23:59:59');
REPLACE INTO `time_info` VALUES('202','2016-01-07','00:00:00','07:59:59');
REPLACE INTO `time_info` VALUES('203','2016-01-07','08:00:00','15:59:59');
REPLACE INTO `time_info` VALUES('204','2016-01-07','16:00:00','23:59:59');
REPLACE INTO `time_info` VALUES('205','2016-01-08','00:00:00','07:59:59');
REPLACE INTO `time_info` VALUES('206','2016-01-08','08:00:00','15:59:59');
REPLACE INTO `time_info` VALUES('207','2016-01-08','16:00:00','23:59:59');
REPLACE INTO `time_info` VALUES('208','2016-01-09','00:00:00','07:59:59');
REPLACE INTO `time_info` VALUES('209','2016-01-09','08:00:00','15:59:59');
REPLACE INTO `time_info` VALUES('210','2016-01-09','16:00:00','23:59:59');
REPLACE INTO `time_info` VALUES('211','2016-01-10','00:00:00','07:59:59');
REPLACE INTO `time_info` VALUES('212','2016-01-10','08:00:00','15:59:59');
REPLACE INTO `time_info` VALUES('213','2016-01-10','16:00:00','23:59:59');
REPLACE INTO `time_info` VALUES('214','2016-01-11','00:00:00','07:59:59');
REPLACE INTO `time_info` VALUES('215','2016-01-11','08:00:00','15:59:59');
REPLACE INTO `time_info` VALUES('216','2016-01-11','16:00:00','23:59:59');
REPLACE INTO `time_info` VALUES('217','2016-01-12','00:00:00','07:59:59');
REPLACE INTO `time_info` VALUES('218','2016-01-12','08:00:00','15:59:59');
REPLACE INTO `time_info` VALUES('219','2016-01-12','16:00:00','23:59:59');
REPLACE INTO `time_info` VALUES('220','2016-01-13','00:00:00','07:59:59');
REPLACE INTO `time_info` VALUES('221','2016-01-13','08:00:00','15:59:59');
REPLACE INTO `time_info` VALUES('222','2016-01-13','16:00:00','23:59:59');
REPLACE INTO `time_info` VALUES('223','2016-01-14','00:00:00','07:59:59');
REPLACE INTO `time_info` VALUES('224','2016-01-14','08:00:00','15:59:59');
REPLACE INTO `time_info` VALUES('225','2016-01-14','16:00:00','23:59:59');
REPLACE INTO `time_info` VALUES('226','2016-01-15','00:00:00','07:59:59');
REPLACE INTO `time_info` VALUES('227','2016-01-15','08:00:00','15:59:59');
REPLACE INTO `time_info` VALUES('228','2016-01-15','16:00:00','23:59:59');
REPLACE INTO `time_info` VALUES('229','2016-01-16','00:00:00','07:59:59');
REPLACE INTO `time_info` VALUES('230','2016-01-16','08:00:00','15:59:59');
REPLACE INTO `time_info` VALUES('231','2016-01-16','16:00:00','23:59:59');
REPLACE INTO `time_info` VALUES('232','2016-01-17','00:00:00','07:59:59');
REPLACE INTO `time_info` VALUES('233','2016-01-17','08:00:00','15:59:59');
REPLACE INTO `time_info` VALUES('234','2016-01-17','16:00:00','23:59:59');
REPLACE INTO `time_info` VALUES('235','2016-01-18','00:00:00','07:59:59');
REPLACE INTO `time_info` VALUES('236','2016-01-18','08:00:00','15:59:59');
REPLACE INTO `time_info` VALUES('237','2016-01-18','16:00:00','23:59:59');
REPLACE INTO `time_info` VALUES('238','2016-01-19','00:00:00','07:59:59');
REPLACE INTO `time_info` VALUES('239','2016-01-19','08:00:00','15:59:59');
REPLACE INTO `time_info` VALUES('240','2016-01-19','16:00:00','23:59:59');
REPLACE INTO `time_info` VALUES('241','2016-01-20','00:00:00','07:59:59');
REPLACE INTO `time_info` VALUES('242','2016-01-20','08:00:00','15:59:59');
REPLACE INTO `time_info` VALUES('243','2016-01-20','16:00:00','23:59:59');
REPLACE INTO `time_info` VALUES('244','2016-01-21','00:00:00','07:59:59');
REPLACE INTO `time_info` VALUES('245','2016-01-21','08:00:00','15:59:59');
REPLACE INTO `time_info` VALUES('246','2016-01-21','16:00:00','23:59:59');
REPLACE INTO `time_info` VALUES('247','2016-01-22','00:00:00','07:59:59');
REPLACE INTO `time_info` VALUES('248','2016-01-22','08:00:00','15:59:59');
REPLACE INTO `time_info` VALUES('249','2016-01-22','16:00:00','23:59:59');
REPLACE INTO `time_info` VALUES('250','2016-01-23','00:00:00','07:59:59');
REPLACE INTO `time_info` VALUES('251','2016-01-23','08:00:00','15:59:59');
REPLACE INTO `time_info` VALUES('252','2016-01-23','16:00:00','23:59:59');
REPLACE INTO `time_info` VALUES('253','2016-01-24','00:00:00','07:59:59');
REPLACE INTO `time_info` VALUES('254','2016-01-24','08:00:00','15:59:59');
REPLACE INTO `time_info` VALUES('255','2016-01-24','16:00:00','23:59:59');
REPLACE INTO `time_info` VALUES('256','2016-01-25','00:00:00','07:59:59');
REPLACE INTO `time_info` VALUES('257','2016-01-25','08:00:00','15:59:59');
REPLACE INTO `time_info` VALUES('258','2016-01-25','16:00:00','23:59:59');
REPLACE INTO `time_info` VALUES('259','2016-01-26','00:00:00','07:59:59');
REPLACE INTO `time_info` VALUES('260','2016-01-26','08:00:00','15:59:59');
REPLACE INTO `time_info` VALUES('261','2016-01-26','16:00:00','23:59:59');
REPLACE INTO `time_info` VALUES('262','2016-01-27','00:00:00','07:59:59');
REPLACE INTO `time_info` VALUES('263','2016-01-27','08:00:00','15:59:59');
REPLACE INTO `time_info` VALUES('264','2016-01-27','16:00:00','23:59:59');
REPLACE INTO `time_info` VALUES('265','2016-01-28','00:00:00','07:59:59');
REPLACE INTO `time_info` VALUES('266','2016-01-28','08:00:00','15:59:59');
REPLACE INTO `time_info` VALUES('267','2016-01-28','16:00:00','23:59:59');
REPLACE INTO `time_info` VALUES('268','2016-01-29','00:00:00','07:59:59');
REPLACE INTO `time_info` VALUES('269','2016-01-29','08:00:00','15:59:59');
REPLACE INTO `time_info` VALUES('270','2016-01-29','16:00:00','23:59:59');
--
-- structureuser_info
--

DROP TABLE IF EXISTS `user_info`;
CREATE TABLE `user_info` (
  `userid` char(9) NOT NULL COMMENT '9 bits user id',
  `username` varchar(50) NOT NULL DEFAULT 'noname' COMMENT 'user name(at most 50 chars) unique',
  `userpwd` varchar(20) NOT NULL DEFAULT '123456' COMMENT 'user password (at most 20 chars)',
  `name` varchar(100) DEFAULT NULL COMMENT 'This is man''s true name',
  `phone` varchar(15) DEFAULT NULL COMMENT 'phone number at most 15 char can be none',
  `email` varchar(50) NOT NULL DEFAULT 'hh@g.clemson.edu' COMMENT 'user email at most 50 chars',
  `address` varchar(100) NOT NULL DEFAULT 'Old Central Rd,Apt #4' COMMENT 'user address at most 100 chars unique',
  `position` enum('staff','leader','warden','admin') NOT NULL DEFAULT 'staff',
  `typeid` int(11) NOT NULL DEFAULT '2',
  `groupid` int(11) NOT NULL,
  PRIMARY KEY (`userid`),
  KEY `typeid` (`typeid`),
  KEY `group` (`groupid`),
  CONSTRAINT `user_info_ibfk_1` FOREIGN KEY (`typeid`) REFERENCES `usertype` (`typeid`),
  CONSTRAINT `user_info_ibfk_2` FOREIGN KEY (`groupid`) REFERENCES `group_info` (`groupid`)
) ENGINE=InnoDB DEFAULT CHARSET=latin1;

--
-- resave the result of table user_info
--

REPLACE INTO `user_info` VALUES('C00000000','admin','Admin','yuqi','8645533921','jingyam@g.clemson.edu','Old Central Rd,Apt #4','admin','1','0');
REPLACE INTO `user_info` VALUES('C00000001','Northon','aA','','8646243344','Northon@g.clemson.edu','Clemson Jail','warden','2','0');
REPLACE INTO `user_info` VALUES('C00000002','dyz','aA','','1234567890','hh@g.clemson.edu','Old Central Rd,Apt #4','staff','4','0');
REPLACE INTO `user_info` VALUES('C00000003','Sheldon','aA','','8645597684','Sheldon@g.clemson.edu','Old Central Rd,Apt #4','leader','3','1');
REPLACE INTO `user_info` VALUES('C00000004','Handsome_Guy','aA','','','hh@g.clemson.edu','Old Central Rd,Apt #4','staff','4','0');
REPLACE INTO `user_info` VALUES('C00000005','Handsome_Boy','aA','','','hh@g.clemson.edu','Old Central Rd,Apt #4','staff','4','0');
REPLACE INTO `user_info` VALUES('C00000006','jingyaoma','aA','','','hh@g.clemson.edu','Old Central Rd,Apt #4','staff','4','0');
REPLACE INTO `user_info` VALUES('C00000007','Pretty_Boy','aA','','','hh@g.clemson.edu','Old Central Rd,Apt #4','staff','4','0');
REPLACE INTO `user_info` VALUES('C00000008','Nauty_Girl','aA','','','hh@g.clemson.edu','Old Central Rd,Apt #4','staff','4','0');
REPLACE INTO `user_info` VALUES('C00000009','eHarmony','aA','','8646243344','sdfsd@g.clemson.edu','Campus Dr sdga  lksadjfklsajfg ','staff','4','0');
REPLACE INTO `user_info` VALUES('C00000010','Soldier','aA','','8649975846','soldier@g.clemson.edu','every where in star war','staff','4','1');
REPLACE INTO `user_info` VALUES('C00000011','Amy','aA','','8456321542','Amy@clemson.edu','Old Central Rd,Apt #4','leader','3','2');
REPLACE INTO `user_info` VALUES('C00000012','C00000012','123456','noname','','hh@g.clemson.edu','Old Central Rd,Apt #4','staff','4','2');
REPLACE INTO `user_info` VALUES('C00000013','C00000013','123456','','','hh@g.clemson.edu','Old Central Rd,Apt #4','staff','4','2');
REPLACE INTO `user_info` VALUES('C00000014','C00000014','123456','','','hh@g.clemson.edu','Old Central Rd,Apt #4','staff','4','2');
REPLACE INTO `user_info` VALUES('C00000015','C00000015','123456','','','hh@g.clemson.edu','Old Central Rd,Apt #4','staff','4','2');
REPLACE INTO `user_info` VALUES('C00000016','C00000016','123456','','','hh@g.clemson.edu','Old Central Rd,Apt #4','staff','4','2');
REPLACE INTO `user_info` VALUES('C00000017','C00000017','123456','','','hh@g.clemson.edu','Old Central Rd,Apt #4','staff','4','2');
REPLACE INTO `user_info` VALUES('C00000018','C00000018','123456','','','hh@g.clemson.edu','Old Central Rd,Apt #4','staff','4','2');
REPLACE INTO `user_info` VALUES('C00000019','C00000019','123456','','','hh@g.clemson.edu','Old Central Rd,Apt #4','staff','4','2');
REPLACE INTO `user_info` VALUES('C00000020','C00000020','123456','','','hh@g.clemson.edu','Old Central Rd,Apt #4','staff','4','2');
REPLACE INTO `user_info` VALUES('C00000021','Leonard','aA','','8646243344','Leonard@g.clemson.edu','Old Central Rd,Apt #4','leader','3','3');
REPLACE INTO `user_info` VALUES('C00000022','test22','aA','','8646243344','hh@g.clemson.edu','Old Central Rd,Apt #4','staff','4','3');
REPLACE INTO `user_info` VALUES('C00000023','C00000023','123456','','','hh@g.clemson.edu','Old Central Rd,Apt #4','staff','4','3');
REPLACE INTO `user_info` VALUES('C00000024','C00000024','123456','','','hh@g.clemson.edu','Old Central Rd,Apt #4','staff','4','3');
REPLACE INTO `user_info` VALUES('C00000025','C00000025','123456','','','hh@g.clemson.edu','Old Central Rd,Apt #4','staff','4','3');
REPLACE INTO `user_info` VALUES('C00000026','C00000026','123456','','','hh@g.clemson.edu','Old Central Rd,Apt #4','staff','4','3');
REPLACE INTO `user_info` VALUES('C00000027','C00000027','123456','','','hh@g.clemson.edu','Old Central Rd,Apt #4','staff','4','3');
REPLACE INTO `user_info` VALUES('C00000028','C00000028','123456','','','hh@g.clemson.edu','Old Central Rd,Apt #4','staff','4','3');
REPLACE INTO `user_info` VALUES('C00000029','C00000029','123456','','','hh@g.clemson.edu','Old Central Rd,Apt #4','staff','4','3');
REPLACE INTO `user_info` VALUES('C00000030','C00000030','123456','','','hh@g.clemson.edu','Old Central Rd,Apt #4','staff','4','3');
REPLACE INTO `user_info` VALUES('C00000031','C00000031','123456','','','hh@g.clemson.edu','Old Central Rd,Apt #4','staff','4','4');
REPLACE INTO `user_info` VALUES('C00000032','C00000032','123456','','','hh@g.clemson.edu','Old Central Rd,Apt #4','staff','4','4');
REPLACE INTO `user_info` VALUES('C00000033','C00000033','123456','','','hh@g.clemson.edu','Old Central Rd,Apt #4','staff','4','4');
REPLACE INTO `user_info` VALUES('C00000034','C00000034','123456','','','hh@g.clemson.edu','Old Central Rd,Apt #4','staff','4','4');
REPLACE INTO `user_info` VALUES('C00000035','Penny','aA','','8641234567','hh@g.clemson.edu','Old Central Rd,Apt #4','leader','3','4');
REPLACE INTO `user_info` VALUES('C00000036','C00000036','123456','','','hh@g.clemson.edu','Old Central Rd,Apt #4','staff','4','4');
REPLACE INTO `user_info` VALUES('C00000037','C00000037','123456','','','hh@g.clemson.edu','Old Central Rd,Apt #4','staff','4','4');
REPLACE INTO `user_info` VALUES('C00000038','C00000038','123456','','','hh@g.clemson.edu','Old Central Rd,Apt #4','staff','4','4');
REPLACE INTO `user_info` VALUES('C00000039','C00000039','123456','','','hh@g.clemson.edu','Old Central Rd,Apt #4','staff','4','4');
REPLACE INTO `user_info` VALUES('C00000040','C00000040','123456','','','hh@g.clemson.edu','Old Central Rd,Apt #4','staff','4','4');
REPLACE INTO `user_info` VALUES('C00000041','Howard','aA','','8643154135','HowardW@clemson.edu','Old Central Rd,Apt #4','leader','3','5');
REPLACE INTO `user_info` VALUES('C00000042','C00000042','123456','','','hh@g.clemson.edu','Old Central Rd,Apt #4','staff','4','5');
REPLACE INTO `user_info` VALUES('C00000043','C00000043','123456','','','hh@g.clemson.edu','Old Central Rd,Apt #4','staff','4','5');
REPLACE INTO `user_info` VALUES('C00000044','C00000044','123456','','','hh@g.clemson.edu','Old Central Rd,Apt #4','staff','4','5');
REPLACE INTO `user_info` VALUES('C00000045','C00000045','123456','','','hh@g.clemson.edu','Old Central Rd,Apt #4','staff','4','5');
REPLACE INTO `user_info` VALUES('C00000046','C00000046','123456','','','hh@g.clemson.edu','Old Central Rd,Apt #4','staff','4','5');
REPLACE INTO `user_info` VALUES('C00000047','C00000047','123456','','','hh@g.clemson.edu','Old Central Rd,Apt #4','staff','4','5');
REPLACE INTO `user_info` VALUES('C00000048','C00000048','123456','','','hh@g.clemson.edu','Old Central Rd,Apt #4','staff','4','5');
REPLACE INTO `user_info` VALUES('C00000049','C00000049','123456','','','hh@g.clemson.edu','Old Central Rd,Apt #4','staff','4','5');
REPLACE INTO `user_info` VALUES('C00000050','C00000050','123456','','','hh@g.clemson.edu','Old Central Rd,Apt #4','staff','4','5');
REPLACE INTO `user_info` VALUES('C00001002','Chewbacca ','aA','','8647598465','chewbacca@g.clemson.edu','Chewbacca Rd, 2014','staff','4','1');
REPLACE INTO `user_info` VALUES('C00001003','R2 D2','aA','','8643529999','r2-d2@g.clemson.edu','Central Rd,Nabau','staff','4','1');
REPLACE INTO `user_info` VALUES('C00001004','Amidala','aA','','8643338645','amidala@g.clemson.edu','Apailana Queen','staff','4','1');
REPLACE INTO `user_info` VALUES('C00001005','Anakin','aA','','8649753584','anakin@g.clemson.edu','Old Central Rd,Apt #4','staff','4','1');
REPLACE INTO `user_info` VALUES('C00001006','Dooku','aA','','8643292777','dooku@g.clemson.edu','123A Count Rd, Serenno','staff','4','1');
REPLACE INTO `user_info` VALUES('C00001007','Darth','aA','','8646243344','darth@g.clemson.edu','kindom 59D, clemson , SC','staff','4','1');
REPLACE INTO `user_info` VALUES('C00001008','Yoda','aA','','8643328579','yoda@g.clemson.edu','campus Dr. 215 C, central ','staff','4','1');
REPLACE INTO `user_info` VALUES('C00001009','Vida','aA','','1234567890','vida@g.clemson.edu','deadstar rd 123D central SC','staff','4','1');
REPLACE INTO `user_info` VALUES('C00001010','Raj','aA','','4524591567','RajK@g.clemson.edu','Old Central Rd,Apt #4','leader','3','7');
REPLACE INTO `user_info` VALUES('C00001011','Stuart','123456A','','8649586635','Stuart@g.clemson.edu','Clemson central 14','leader','3','6');
REPLACE INTO `user_info` VALUES('C00001013','testman','123456','','','hh@g.clemson.edu','Old Central Rd,Apt #4','staff','4','7');
REPLACE INTO `user_info` VALUES('C00001014','testman','123456','','','hh@g.clemson.edu','Old Central Rd,Apt #4','staff','4','7');
REPLACE INTO `user_info` VALUES('C00001015','testman','123456','','','hh@g.clemson.edu','Old Central Rd,Apt #4','staff','4','7');
REPLACE INTO `user_info` VALUES('C00001016','testman','123456','','','hh@g.clemson.edu','Old Central Rd,Apt #4','staff','4','7');
REPLACE INTO `user_info` VALUES('C00001017','MR.Right','123456','','','hh@g.clemson.edu','Old Central Rd,Apt #4','staff','4','7');
REPLACE INTO `user_info` VALUES('C00001018','luke','aA','','8645552139','luke@g.clemson.edu','clemson dead star','staff','4','1');
REPLACE INTO `user_info` VALUES('C00001019','LouJie','123456','','','hh@g.clemson.edu','Old Central Rd,Apt #4','staff','4','5');
REPLACE INTO `user_info` VALUES('C00001020','LouJie2','123456','','','hh@g.clemson.edu','Old Central Rd,Apt #4','staff','4','5');
--
-- structureusertype
--

DROP TABLE IF EXISTS `usertype`;
CREATE TABLE `usertype` (
  `typeid` int(11) NOT NULL AUTO_INCREMENT,
  `typename` varchar(20) NOT NULL,
  PRIMARY KEY (`typeid`)
) ENGINE=InnoDB AUTO_INCREMENT=5 DEFAULT CHARSET=latin1;

--
-- resave the result of table usertype
--

REPLACE INTO `usertype` VALUES('1','admin');
REPLACE INTO `usertype` VALUES('2','warden');
REPLACE INTO `usertype` VALUES('3','leader');
REPLACE INTO `usertype` VALUES('4','staff');
--
-- structurework_info
--

DROP TABLE IF EXISTS `work_info`;
CREATE TABLE `work_info` (
  `userid` varchar(9) NOT NULL,
  `timeid` int(11) NOT NULL,
  PRIMARY KEY (`userid`,`timeid`),
  KEY `timeid` (`timeid`),
  CONSTRAINT `work_info_ibfk_2` FOREIGN KEY (`timeid`) REFERENCES `time_info` (`timeid`),
  CONSTRAINT `work_info_ibfk_1` FOREIGN KEY (`userid`) REFERENCES `user_info` (`userid`) ON DELETE CASCADE ON UPDATE CASCADE
) ENGINE=InnoDB DEFAULT CHARSET=latin1;

--
-- resave the result of table work_info
--

REPLACE INTO `work_info` VALUES('C00000015','1');
REPLACE INTO `work_info` VALUES('C00000019','1');
REPLACE INTO `work_info` VALUES('C00000020','1');
REPLACE INTO `work_info` VALUES('C00000023','1');
REPLACE INTO `work_info` VALUES('C00000030','1');
REPLACE INTO `work_info` VALUES('C00000032','1');
REPLACE INTO `work_info` VALUES('C00000037','1');
REPLACE INTO `work_info` VALUES('C00000038','1');
REPLACE INTO `work_info` VALUES('C00000044','1');
REPLACE INTO `work_info` VALUES('C00000049','1');
REPLACE INTO `work_info` VALUES('C00001002','1');
REPLACE INTO `work_info` VALUES('C00001005','1');
REPLACE INTO `work_info` VALUES('C00001020','1');
REPLACE INTO `work_info` VALUES('C00000001','2');
REPLACE INTO `work_info` VALUES('C00000002','2');
REPLACE INTO `work_info` VALUES('C00000005','2');
REPLACE INTO `work_info` VALUES('C00000014','2');
REPLACE INTO `work_info` VALUES('C00000018','2');
REPLACE INTO `work_info` VALUES('C00000021','2');
REPLACE INTO `work_info` VALUES('C00000022','2');
REPLACE INTO `work_info` VALUES('C00000027','2');
REPLACE INTO `work_info` VALUES('C00000028','2');
REPLACE INTO `work_info` VALUES('C00000034','2');
REPLACE INTO `work_info` VALUES('C00000035','2');
REPLACE INTO `work_info` VALUES('C00000043','2');
REPLACE INTO `work_info` VALUES('C00000045','2');
REPLACE INTO `work_info` VALUES('C00000046','2');
REPLACE INTO `work_info` VALUES('C00001003','2');
REPLACE INTO `work_info` VALUES('C00001006','2');
REPLACE INTO `work_info` VALUES('C00001007','2');
REPLACE INTO `work_info` VALUES('C00001008','2');
REPLACE INTO `work_info` VALUES('C00001011','2');
REPLACE INTO `work_info` VALUES('C00001013','2');
REPLACE INTO `work_info` VALUES('C00001016','2');
REPLACE INTO `work_info` VALUES('C00000008','3');
REPLACE INTO `work_info` VALUES('C00000010','3');
REPLACE INTO `work_info` VALUES('C00000011','3');
REPLACE INTO `work_info` VALUES('C00000013','3');
REPLACE INTO `work_info` VALUES('C00000017','3');
REPLACE INTO `work_info` VALUES('C00000024','3');
REPLACE INTO `work_info` VALUES('C00000029','3');
REPLACE INTO `work_info` VALUES('C00000036','3');
REPLACE INTO `work_info` VALUES('C00000039','3');
REPLACE INTO `work_info` VALUES('C00000040','3');
REPLACE INTO `work_info` VALUES('C00000042','3');
REPLACE INTO `work_info` VALUES('C00000050','3');
REPLACE INTO `work_info` VALUES('C00001009','3');
REPLACE INTO `work_info` VALUES('C00001010','3');
REPLACE INTO `work_info` VALUES('C00001014','3');
REPLACE INTO `work_info` VALUES('C00001015','3');
REPLACE INTO `work_info` VALUES('C00001017','3');
REPLACE INTO `work_info` VALUES('C00000003','4');
REPLACE INTO `work_info` VALUES('C00000004','4');
REPLACE INTO `work_info` VALUES('C00000006','4');
REPLACE INTO `work_info` VALUES('C00000007','4');
REPLACE INTO `work_info` VALUES('C00000009','4');
REPLACE INTO `work_info` VALUES('C00000012','4');
REPLACE INTO `work_info` VALUES('C00000016','4');
REPLACE INTO `work_info` VALUES('C00000025','4');
REPLACE INTO `work_info` VALUES('C00000026','4');
REPLACE INTO `work_info` VALUES('C00000031','4');
REPLACE INTO `work_info` VALUES('C00000033','4');
REPLACE INTO `work_info` VALUES('C00000041','4');
REPLACE INTO `work_info` VALUES('C00000047','4');
REPLACE INTO `work_info` VALUES('C00000048','4');
REPLACE INTO `work_info` VALUES('C00001004','4');
REPLACE INTO `work_info` VALUES('C00001018','4');
REPLACE INTO `work_info` VALUES('C00001019','4');
REPLACE INTO `work_info` VALUES('C00000015','5');
REPLACE INTO `work_info` VALUES('C00000019','5');
REPLACE INTO `work_info` VALUES('C00000020','5');
REPLACE INTO `work_info` VALUES('C00000023','5');
REPLACE INTO `work_info` VALUES('C00000030','5');
REPLACE INTO `work_info` VALUES('C00000032','5');
REPLACE INTO `work_info` VALUES('C00000037','5');
REPLACE INTO `work_info` VALUES('C00000038','5');
REPLACE INTO `work_info` VALUES('C00000044','5');
REPLACE INTO `work_info` VALUES('C00000049','5');
REPLACE INTO `work_info` VALUES('C00001002','5');
REPLACE INTO `work_info` VALUES('C00001005','5');
REPLACE INTO `work_info` VALUES('C00001020','5');
REPLACE INTO `work_info` VALUES('C00000001','6');
REPLACE INTO `work_info` VALUES('C00000002','6');
REPLACE INTO `work_info` VALUES('C00000005','6');
REPLACE INTO `work_info` VALUES('C00000014','6');
REPLACE INTO `work_info` VALUES('C00000018','6');
REPLACE INTO `work_info` VALUES('C00000021','6');
REPLACE INTO `work_info` VALUES('C00000022','6');
REPLACE INTO `work_info` VALUES('C00000027','6');
REPLACE INTO `work_info` VALUES('C00000028','6');
REPLACE INTO `work_info` VALUES('C00000034','6');
REPLACE INTO `work_info` VALUES('C00000035','6');
REPLACE INTO `work_info` VALUES('C00000043','6');
REPLACE INTO `work_info` VALUES('C00000045','6');
REPLACE INTO `work_info` VALUES('C00000046','6');
REPLACE INTO `work_info` VALUES('C00001003','6');
REPLACE INTO `work_info` VALUES('C00001006','6');
REPLACE INTO `work_info` VALUES('C00001007','6');
REPLACE INTO `work_info` VALUES('C00001008','6');
REPLACE INTO `work_info` VALUES('C00001011','6');
REPLACE INTO `work_info` VALUES('C00001013','6');
REPLACE INTO `work_info` VALUES('C00001016','6');
REPLACE INTO `work_info` VALUES('C00000008','7');
REPLACE INTO `work_info` VALUES('C00000010','7');
REPLACE INTO `work_info` VALUES('C00000011','7');
REPLACE INTO `work_info` VALUES('C00000013','7');
REPLACE INTO `work_info` VALUES('C00000017','7');
REPLACE INTO `work_info` VALUES('C00000024','7');
REPLACE INTO `work_info` VALUES('C00000029','7');
REPLACE INTO `work_info` VALUES('C00000036','7');
REPLACE INTO `work_info` VALUES('C00000039','7');
REPLACE INTO `work_info` VALUES('C00000040','7');
REPLACE INTO `work_info` VALUES('C00000042','7');
REPLACE INTO `work_info` VALUES('C00000050','7');
REPLACE INTO `work_info` VALUES('C00001009','7');
REPLACE INTO `work_info` VALUES('C00001010','7');
REPLACE INTO `work_info` VALUES('C00001014','7');
REPLACE INTO `work_info` VALUES('C00001015','7');
REPLACE INTO `work_info` VALUES('C00001017','7');
REPLACE INTO `work_info` VALUES('C00000003','8');
REPLACE INTO `work_info` VALUES('C00000004','8');
REPLACE INTO `work_info` VALUES('C00000006','8');
REPLACE INTO `work_info` VALUES('C00000007','8');
REPLACE INTO `work_info` VALUES('C00000009','8');
REPLACE INTO `work_info` VALUES('C00000012','8');
REPLACE INTO `work_info` VALUES('C00000016','8');
REPLACE INTO `work_info` VALUES('C00000025','8');
REPLACE INTO `work_info` VALUES('C00000026','8');
REPLACE INTO `work_info` VALUES('C00000031','8');
REPLACE INTO `work_info` VALUES('C00000033','8');
REPLACE INTO `work_info` VALUES('C00000041','8');
REPLACE INTO `work_info` VALUES('C00000047','8');
REPLACE INTO `work_info` VALUES('C00000048','8');
REPLACE INTO `work_info` VALUES('C00001004','8');
REPLACE INTO `work_info` VALUES('C00001018','8');
REPLACE INTO `work_info` VALUES('C00001019','8');
REPLACE INTO `work_info` VALUES('C00000015','9');
REPLACE INTO `work_info` VALUES('C00000019','9');
REPLACE INTO `work_info` VALUES('C00000020','9');
REPLACE INTO `work_info` VALUES('C00000023','9');
REPLACE INTO `work_info` VALUES('C00000030','9');
REPLACE INTO `work_info` VALUES('C00000032','9');
REPLACE INTO `work_info` VALUES('C00000037','9');
REPLACE INTO `work_info` VALUES('C00000038','9');
REPLACE INTO `work_info` VALUES('C00000044','9');
REPLACE INTO `work_info` VALUES('C00000049','9');
REPLACE INTO `work_info` VALUES('C00001002','9');
REPLACE INTO `work_info` VALUES('C00001005','9');
REPLACE INTO `work_info` VALUES('C00001020','9');
REPLACE INTO `work_info` VALUES('C00000001','10');
REPLACE INTO `work_info` VALUES('C00000002','10');
REPLACE INTO `work_info` VALUES('C00000005','10');
REPLACE INTO `work_info` VALUES('C00000014','10');
REPLACE INTO `work_info` VALUES('C00000018','10');
REPLACE INTO `work_info` VALUES('C00000021','10');
REPLACE INTO `work_info` VALUES('C00000022','10');
REPLACE INTO `work_info` VALUES('C00000027','10');
REPLACE INTO `work_info` VALUES('C00000028','10');
REPLACE INTO `work_info` VALUES('C00000034','10');
REPLACE INTO `work_info` VALUES('C00000035','10');
REPLACE INTO `work_info` VALUES('C00000043','10');
REPLACE INTO `work_info` VALUES('C00000045','10');
REPLACE INTO `work_info` VALUES('C00000046','10');
REPLACE INTO `work_info` VALUES('C00001003','10');
REPLACE INTO `work_info` VALUES('C00001006','10');
REPLACE INTO `work_info` VALUES('C00001007','10');
REPLACE INTO `work_info` VALUES('C00001008','10');
REPLACE INTO `work_info` VALUES('C00001011','10');
REPLACE INTO `work_info` VALUES('C00001013','10');
REPLACE INTO `work_info` VALUES('C00001016','10');
REPLACE INTO `work_info` VALUES('C00000008','11');
REPLACE INTO `work_info` VALUES('C00000010','11');
REPLACE INTO `work_info` VALUES('C00000011','11');
REPLACE INTO `work_info` VALUES('C00000013','11');
REPLACE INTO `work_info` VALUES('C00000017','11');
REPLACE INTO `work_info` VALUES('C00000024','11');
REPLACE INTO `work_info` VALUES('C00000029','11');
REPLACE INTO `work_info` VALUES('C00000036','11');
REPLACE INTO `work_info` VALUES('C00000039','11');
REPLACE INTO `work_info` VALUES('C00000040','11');
REPLACE INTO `work_info` VALUES('C00000042','11');
REPLACE INTO `work_info` VALUES('C00000050','11');
REPLACE INTO `work_info` VALUES('C00001009','11');
REPLACE INTO `work_info` VALUES('C00001010','11');
REPLACE INTO `work_info` VALUES('C00001014','11');
REPLACE INTO `work_info` VALUES('C00001015','11');
REPLACE INTO `work_info` VALUES('C00001017','11');
REPLACE INTO `work_info` VALUES('C00000003','12');
REPLACE INTO `work_info` VALUES('C00000004','12');
REPLACE INTO `work_info` VALUES('C00000006','12');
REPLACE INTO `work_info` VALUES('C00000007','12');
REPLACE INTO `work_info` VALUES('C00000009','12');
REPLACE INTO `work_info` VALUES('C00000012','12');
REPLACE INTO `work_info` VALUES('C00000016','12');
REPLACE INTO `work_info` VALUES('C00000025','12');
REPLACE INTO `work_info` VALUES('C00000026','12');
REPLACE INTO `work_info` VALUES('C00000031','12');
REPLACE INTO `work_info` VALUES('C00000033','12');
REPLACE INTO `work_info` VALUES('C00000041','12');
REPLACE INTO `work_info` VALUES('C00000047','12');
REPLACE INTO `work_info` VALUES('C00000048','12');
REPLACE INTO `work_info` VALUES('C00001004','12');
REPLACE INTO `work_info` VALUES('C00001018','12');
REPLACE INTO `work_info` VALUES('C00001019','12');
REPLACE INTO `work_info` VALUES('C00000015','13');
REPLACE INTO `work_info` VALUES('C00000019','13');
REPLACE INTO `work_info` VALUES('C00000020','13');
REPLACE INTO `work_info` VALUES('C00000023','13');
REPLACE INTO `work_info` VALUES('C00000030','13');
REPLACE INTO `work_info` VALUES('C00000032','13');
REPLACE INTO `work_info` VALUES('C00000037','13');
REPLACE INTO `work_info` VALUES('C00000038','13');
REPLACE INTO `work_info` VALUES('C00000044','13');
REPLACE INTO `work_info` VALUES('C00000049','13');
REPLACE INTO `work_info` VALUES('C00001002','13');
REPLACE INTO `work_info` VALUES('C00001005','13');
REPLACE INTO `work_info` VALUES('C00001020','13');
REPLACE INTO `work_info` VALUES('C00000001','14');
REPLACE INTO `work_info` VALUES('C00000002','14');
REPLACE INTO `work_info` VALUES('C00000005','14');
REPLACE INTO `work_info` VALUES('C00000014','14');
REPLACE INTO `work_info` VALUES('C00000018','14');
REPLACE INTO `work_info` VALUES('C00000021','14');
REPLACE INTO `work_info` VALUES('C00000022','14');
REPLACE INTO `work_info` VALUES('C00000027','14');
REPLACE INTO `work_info` VALUES('C00000028','14');
REPLACE INTO `work_info` VALUES('C00000034','14');
REPLACE INTO `work_info` VALUES('C00000035','14');
REPLACE INTO `work_info` VALUES('C00000043','14');
REPLACE INTO `work_info` VALUES('C00000045','14');
REPLACE INTO `work_info` VALUES('C00000046','14');
REPLACE INTO `work_info` VALUES('C00001003','14');
REPLACE INTO `work_info` VALUES('C00001006','14');
REPLACE INTO `work_info` VALUES('C00001007','14');
REPLACE INTO `work_info` VALUES('C00001008','14');
REPLACE INTO `work_info` VALUES('C00001011','14');
REPLACE INTO `work_info` VALUES('C00001013','14');
REPLACE INTO `work_info` VALUES('C00001016','14');
REPLACE INTO `work_info` VALUES('C00000008','15');
REPLACE INTO `work_info` VALUES('C00000010','15');
REPLACE INTO `work_info` VALUES('C00000011','15');
REPLACE INTO `work_info` VALUES('C00000013','15');
REPLACE INTO `work_info` VALUES('C00000017','15');
REPLACE INTO `work_info` VALUES('C00000024','15');
REPLACE INTO `work_info` VALUES('C00000029','15');
REPLACE INTO `work_info` VALUES('C00000036','15');
REPLACE INTO `work_info` VALUES('C00000039','15');
REPLACE INTO `work_info` VALUES('C00000040','15');
REPLACE INTO `work_info` VALUES('C00000042','15');
REPLACE INTO `work_info` VALUES('C00000050','15');
REPLACE INTO `work_info` VALUES('C00001009','15');
REPLACE INTO `work_info` VALUES('C00001010','15');
REPLACE INTO `work_info` VALUES('C00001014','15');
REPLACE INTO `work_info` VALUES('C00001015','15');
REPLACE INTO `work_info` VALUES('C00001017','15');
REPLACE INTO `work_info` VALUES('C00000003','16');
REPLACE INTO `work_info` VALUES('C00000004','16');
REPLACE INTO `work_info` VALUES('C00000006','16');
REPLACE INTO `work_info` VALUES('C00000007','16');
REPLACE INTO `work_info` VALUES('C00000009','16');
REPLACE INTO `work_info` VALUES('C00000012','16');
REPLACE INTO `work_info` VALUES('C00000016','16');
REPLACE INTO `work_info` VALUES('C00000025','16');
REPLACE INTO `work_info` VALUES('C00000026','16');
REPLACE INTO `work_info` VALUES('C00000031','16');
REPLACE INTO `work_info` VALUES('C00000033','16');
REPLACE INTO `work_info` VALUES('C00000041','16');
REPLACE INTO `work_info` VALUES('C00000047','16');
REPLACE INTO `work_info` VALUES('C00000048','16');
REPLACE INTO `work_info` VALUES('C00001004','16');
REPLACE INTO `work_info` VALUES('C00001018','16');
REPLACE INTO `work_info` VALUES('C00001019','16');
REPLACE INTO `work_info` VALUES('C00000015','17');
REPLACE INTO `work_info` VALUES('C00000019','17');
REPLACE INTO `work_info` VALUES('C00000020','17');
REPLACE INTO `work_info` VALUES('C00000023','17');
REPLACE INTO `work_info` VALUES('C00000030','17');
REPLACE INTO `work_info` VALUES('C00000032','17');
REPLACE INTO `work_info` VALUES('C00000037','17');
REPLACE INTO `work_info` VALUES('C00000038','17');
REPLACE INTO `work_info` VALUES('C00000044','17');
REPLACE INTO `work_info` VALUES('C00000049','17');
REPLACE INTO `work_info` VALUES('C00001002','17');
REPLACE INTO `work_info` VALUES('C00001005','17');
REPLACE INTO `work_info` VALUES('C00001020','17');
REPLACE INTO `work_info` VALUES('C00000001','18');
REPLACE INTO `work_info` VALUES('C00000002','18');
REPLACE INTO `work_info` VALUES('C00000005','18');
REPLACE INTO `work_info` VALUES('C00000014','18');
REPLACE INTO `work_info` VALUES('C00000018','18');
REPLACE INTO `work_info` VALUES('C00000021','18');
REPLACE INTO `work_info` VALUES('C00000022','18');
REPLACE INTO `work_info` VALUES('C00000027','18');
REPLACE INTO `work_info` VALUES('C00000028','18');
REPLACE INTO `work_info` VALUES('C00000034','18');
REPLACE INTO `work_info` VALUES('C00000035','18');
REPLACE INTO `work_info` VALUES('C00000043','18');
REPLACE INTO `work_info` VALUES('C00000045','18');
REPLACE INTO `work_info` VALUES('C00000046','18');
REPLACE INTO `work_info` VALUES('C00001003','18');
REPLACE INTO `work_info` VALUES('C00001006','18');
REPLACE INTO `work_info` VALUES('C00001007','18');
REPLACE INTO `work_info` VALUES('C00001008','18');
REPLACE INTO `work_info` VALUES('C00001011','18');
REPLACE INTO `work_info` VALUES('C00001013','18');
REPLACE INTO `work_info` VALUES('C00001016','18');
REPLACE INTO `work_info` VALUES('C00000008','19');
REPLACE INTO `work_info` VALUES('C00000010','19');
REPLACE INTO `work_info` VALUES('C00000011','19');
REPLACE INTO `work_info` VALUES('C00000013','19');
REPLACE INTO `work_info` VALUES('C00000017','19');
REPLACE INTO `work_info` VALUES('C00000024','19');
REPLACE INTO `work_info` VALUES('C00000029','19');
REPLACE INTO `work_info` VALUES('C00000036','19');
REPLACE INTO `work_info` VALUES('C00000039','19');
REPLACE INTO `work_info` VALUES('C00000040','19');
REPLACE INTO `work_info` VALUES('C00000042','19');
REPLACE INTO `work_info` VALUES('C00000050','19');
REPLACE INTO `work_info` VALUES('C00001009','19');
REPLACE INTO `work_info` VALUES('C00001010','19');
REPLACE INTO `work_info` VALUES('C00001014','19');
REPLACE INTO `work_info` VALUES('C00001015','19');
REPLACE INTO `work_info` VALUES('C00001017','19');
REPLACE INTO `work_info` VALUES('C00000003','20');
REPLACE INTO `work_info` VALUES('C00000004','20');
REPLACE INTO `work_info` VALUES('C00000006','20');
REPLACE INTO `work_info` VALUES('C00000007','20');
REPLACE INTO `work_info` VALUES('C00000009','20');
REPLACE INTO `work_info` VALUES('C00000012','20');
REPLACE INTO `work_info` VALUES('C00000016','20');
REPLACE INTO `work_info` VALUES('C00000025','20');
REPLACE INTO `work_info` VALUES('C00000026','20');
REPLACE INTO `work_info` VALUES('C00000031','20');
REPLACE INTO `work_info` VALUES('C00000033','20');
REPLACE INTO `work_info` VALUES('C00000041','20');
REPLACE INTO `work_info` VALUES('C00000047','20');
REPLACE INTO `work_info` VALUES('C00000048','20');
REPLACE INTO `work_info` VALUES('C00001004','20');
REPLACE INTO `work_info` VALUES('C00001018','20');
REPLACE INTO `work_info` VALUES('C00001019','20');
REPLACE INTO `work_info` VALUES('C00000015','21');
REPLACE INTO `work_info` VALUES('C00000019','21');
REPLACE INTO `work_info` VALUES('C00000020','21');
REPLACE INTO `work_info` VALUES('C00000023','21');
REPLACE INTO `work_info` VALUES('C00000030','21');
REPLACE INTO `work_info` VALUES('C00000032','21');
REPLACE INTO `work_info` VALUES('C00000037','21');
REPLACE INTO `work_info` VALUES('C00000038','21');
REPLACE INTO `work_info` VALUES('C00000044','21');
REPLACE INTO `work_info` VALUES('C00000049','21');
REPLACE INTO `work_info` VALUES('C00001002','21');
REPLACE INTO `work_info` VALUES('C00001005','21');
REPLACE INTO `work_info` VALUES('C00001020','21');
REPLACE INTO `work_info` VALUES('C00000001','22');
REPLACE INTO `work_info` VALUES('C00000002','22');
REPLACE INTO `work_info` VALUES('C00000005','22');
REPLACE INTO `work_info` VALUES('C00000014','22');
REPLACE INTO `work_info` VALUES('C00000018','22');
REPLACE INTO `work_info` VALUES('C00000021','22');
REPLACE INTO `work_info` VALUES('C00000022','22');
REPLACE INTO `work_info` VALUES('C00000027','22');
REPLACE INTO `work_info` VALUES('C00000028','22');
REPLACE INTO `work_info` VALUES('C00000034','22');
REPLACE INTO `work_info` VALUES('C00000035','22');
REPLACE INTO `work_info` VALUES('C00000043','22');
REPLACE INTO `work_info` VALUES('C00000045','22');
REPLACE INTO `work_info` VALUES('C00000046','22');
REPLACE INTO `work_info` VALUES('C00001003','22');
REPLACE INTO `work_info` VALUES('C00001006','22');
REPLACE INTO `work_info` VALUES('C00001007','22');
REPLACE INTO `work_info` VALUES('C00001008','22');
REPLACE INTO `work_info` VALUES('C00001011','22');
REPLACE INTO `work_info` VALUES('C00001013','22');
REPLACE INTO `work_info` VALUES('C00001016','22');
REPLACE INTO `work_info` VALUES('C00000008','23');
REPLACE INTO `work_info` VALUES('C00000010','23');
REPLACE INTO `work_info` VALUES('C00000011','23');
REPLACE INTO `work_info` VALUES('C00000013','23');
REPLACE INTO `work_info` VALUES('C00000017','23');
REPLACE INTO `work_info` VALUES('C00000024','23');
REPLACE INTO `work_info` VALUES('C00000029','23');
REPLACE INTO `work_info` VALUES('C00000036','23');
REPLACE INTO `work_info` VALUES('C00000039','23');
REPLACE INTO `work_info` VALUES('C00000040','23');
REPLACE INTO `work_info` VALUES('C00000042','23');
REPLACE INTO `work_info` VALUES('C00000050','23');
REPLACE INTO `work_info` VALUES('C00001009','23');
REPLACE INTO `work_info` VALUES('C00001010','23');
REPLACE INTO `work_info` VALUES('C00001014','23');
REPLACE INTO `work_info` VALUES('C00001015','23');
REPLACE INTO `work_info` VALUES('C00001017','23');
REPLACE INTO `work_info` VALUES('C00000003','24');
REPLACE INTO `work_info` VALUES('C00000004','24');
REPLACE INTO `work_info` VALUES('C00000006','24');
REPLACE INTO `work_info` VALUES('C00000007','24');
REPLACE INTO `work_info` VALUES('C00000009','24');
REPLACE INTO `work_info` VALUES('C00000012','24');
REPLACE INTO `work_info` VALUES('C00000016','24');
REPLACE INTO `work_info` VALUES('C00000025','24');
REPLACE INTO `work_info` VALUES('C00000026','24');
REPLACE INTO `work_info` VALUES('C00000031','24');
REPLACE INTO `work_info` VALUES('C00000033','24');
REPLACE INTO `work_info` VALUES('C00000041','24');
REPLACE INTO `work_info` VALUES('C00000047','24');
REPLACE INTO `work_info` VALUES('C00000048','24');
REPLACE INTO `work_info` VALUES('C00001004','24');
REPLACE INTO `work_info` VALUES('C00001018','24');
REPLACE INTO `work_info` VALUES('C00001019','24');
REPLACE INTO `work_info` VALUES('C00000015','25');
REPLACE INTO `work_info` VALUES('C00000019','25');
REPLACE INTO `work_info` VALUES('C00000020','25');
REPLACE INTO `work_info` VALUES('C00000023','25');
REPLACE INTO `work_info` VALUES('C00000030','25');
REPLACE INTO `work_info` VALUES('C00000032','25');
REPLACE INTO `work_info` VALUES('C00000037','25');
REPLACE INTO `work_info` VALUES('C00000038','25');
REPLACE INTO `work_info` VALUES('C00000044','25');
REPLACE INTO `work_info` VALUES('C00000049','25');
REPLACE INTO `work_info` VALUES('C00001002','25');
REPLACE INTO `work_info` VALUES('C00001005','25');
REPLACE INTO `work_info` VALUES('C00001020','25');
REPLACE INTO `work_info` VALUES('C00000001','26');
REPLACE INTO `work_info` VALUES('C00000002','26');
REPLACE INTO `work_info` VALUES('C00000005','26');
REPLACE INTO `work_info` VALUES('C00000014','26');
REPLACE INTO `work_info` VALUES('C00000018','26');
REPLACE INTO `work_info` VALUES('C00000021','26');
REPLACE INTO `work_info` VALUES('C00000022','26');
REPLACE INTO `work_info` VALUES('C00000027','26');
REPLACE INTO `work_info` VALUES('C00000028','26');
REPLACE INTO `work_info` VALUES('C00000034','26');
REPLACE INTO `work_info` VALUES('C00000035','26');
REPLACE INTO `work_info` VALUES('C00000043','26');
REPLACE INTO `work_info` VALUES('C00000045','26');
REPLACE INTO `work_info` VALUES('C00000046','26');
REPLACE INTO `work_info` VALUES('C00001003','26');
REPLACE INTO `work_info` VALUES('C00001006','26');
REPLACE INTO `work_info` VALUES('C00001007','26');
REPLACE INTO `work_info` VALUES('C00001008','26');
REPLACE INTO `work_info` VALUES('C00001011','26');
REPLACE INTO `work_info` VALUES('C00001013','26');
REPLACE INTO `work_info` VALUES('C00001016','26');
REPLACE INTO `work_info` VALUES('C00000008','27');
REPLACE INTO `work_info` VALUES('C00000010','27');
REPLACE INTO `work_info` VALUES('C00000011','27');
REPLACE INTO `work_info` VALUES('C00000013','27');
REPLACE INTO `work_info` VALUES('C00000017','27');
REPLACE INTO `work_info` VALUES('C00000024','27');
REPLACE INTO `work_info` VALUES('C00000029','27');
REPLACE INTO `work_info` VALUES('C00000036','27');
REPLACE INTO `work_info` VALUES('C00000039','27');
REPLACE INTO `work_info` VALUES('C00000040','27');
REPLACE INTO `work_info` VALUES('C00000042','27');
REPLACE INTO `work_info` VALUES('C00000050','27');
REPLACE INTO `work_info` VALUES('C00001009','27');
REPLACE INTO `work_info` VALUES('C00001010','27');
REPLACE INTO `work_info` VALUES('C00001014','27');
REPLACE INTO `work_info` VALUES('C00001015','27');
REPLACE INTO `work_info` VALUES('C00001017','27');
REPLACE INTO `work_info` VALUES('C00000003','28');
REPLACE INTO `work_info` VALUES('C00000004','28');
REPLACE INTO `work_info` VALUES('C00000006','28');
REPLACE INTO `work_info` VALUES('C00000007','28');
REPLACE INTO `work_info` VALUES('C00000009','28');
REPLACE INTO `work_info` VALUES('C00000012','28');
REPLACE INTO `work_info` VALUES('C00000016','28');
REPLACE INTO `work_info` VALUES('C00000025','28');
REPLACE INTO `work_info` VALUES('C00000026','28');
REPLACE INTO `work_info` VALUES('C00000031','28');
REPLACE INTO `work_info` VALUES('C00000033','28');
REPLACE INTO `work_info` VALUES('C00000041','28');
REPLACE INTO `work_info` VALUES('C00000047','28');
REPLACE INTO `work_info` VALUES('C00000048','28');
REPLACE INTO `work_info` VALUES('C00001004','28');
REPLACE INTO `work_info` VALUES('C00001018','28');
REPLACE INTO `work_info` VALUES('C00001019','28');
REPLACE INTO `work_info` VALUES('C00000015','29');
REPLACE INTO `work_info` VALUES('C00000019','29');
REPLACE INTO `work_info` VALUES('C00000020','29');
REPLACE INTO `work_info` VALUES('C00000023','29');
REPLACE INTO `work_info` VALUES('C00000030','29');
REPLACE INTO `work_info` VALUES('C00000032','29');
REPLACE INTO `work_info` VALUES('C00000037','29');
REPLACE INTO `work_info` VALUES('C00000038','29');
REPLACE INTO `work_info` VALUES('C00000044','29');
REPLACE INTO `work_info` VALUES('C00000049','29');
REPLACE INTO `work_info` VALUES('C00001002','29');
REPLACE INTO `work_info` VALUES('C00001005','29');
REPLACE INTO `work_info` VALUES('C00001020','29');
REPLACE INTO `work_info` VALUES('C00000001','30');
REPLACE INTO `work_info` VALUES('C00000002','30');
REPLACE INTO `work_info` VALUES('C00000005','30');
REPLACE INTO `work_info` VALUES('C00000014','30');
REPLACE INTO `work_info` VALUES('C00000018','30');
REPLACE INTO `work_info` VALUES('C00000021','30');
REPLACE INTO `work_info` VALUES('C00000022','30');
REPLACE INTO `work_info` VALUES('C00000027','30');
REPLACE INTO `work_info` VALUES('C00000028','30');
REPLACE INTO `work_info` VALUES('C00000034','30');
REPLACE INTO `work_info` VALUES('C00000035','30');
REPLACE INTO `work_info` VALUES('C00000043','30');
REPLACE INTO `work_info` VALUES('C00000045','30');
REPLACE INTO `work_info` VALUES('C00000046','30');
REPLACE INTO `work_info` VALUES('C00001003','30');
REPLACE INTO `work_info` VALUES('C00001006','30');
REPLACE INTO `work_info` VALUES('C00001007','30');
REPLACE INTO `work_info` VALUES('C00001008','30');
REPLACE INTO `work_info` VALUES('C00001011','30');
REPLACE INTO `work_info` VALUES('C00001013','30');
REPLACE INTO `work_info` VALUES('C00001016','30');
REPLACE INTO `work_info` VALUES('C00000008','31');
REPLACE INTO `work_info` VALUES('C00000010','31');
REPLACE INTO `work_info` VALUES('C00000011','31');
REPLACE INTO `work_info` VALUES('C00000013','31');
REPLACE INTO `work_info` VALUES('C00000017','31');
REPLACE INTO `work_info` VALUES('C00000024','31');
REPLACE INTO `work_info` VALUES('C00000029','31');
REPLACE INTO `work_info` VALUES('C00000036','31');
REPLACE INTO `work_info` VALUES('C00000039','31');
REPLACE INTO `work_info` VALUES('C00000040','31');
REPLACE INTO `work_info` VALUES('C00000042','31');
REPLACE INTO `work_info` VALUES('C00000050','31');
REPLACE INTO `work_info` VALUES('C00001009','31');
REPLACE INTO `work_info` VALUES('C00001010','31');
REPLACE INTO `work_info` VALUES('C00001014','31');
REPLACE INTO `work_info` VALUES('C00001015','31');
REPLACE INTO `work_info` VALUES('C00001017','31');
REPLACE INTO `work_info` VALUES('C00000003','32');
REPLACE INTO `work_info` VALUES('C00000004','32');
REPLACE INTO `work_info` VALUES('C00000006','32');
REPLACE INTO `work_info` VALUES('C00000007','32');
REPLACE INTO `work_info` VALUES('C00000009','32');
REPLACE INTO `work_info` VALUES('C00000012','32');
REPLACE INTO `work_info` VALUES('C00000016','32');
REPLACE INTO `work_info` VALUES('C00000025','32');
REPLACE INTO `work_info` VALUES('C00000026','32');
REPLACE INTO `work_info` VALUES('C00000031','32');
REPLACE INTO `work_info` VALUES('C00000033','32');
REPLACE INTO `work_info` VALUES('C00000041','32');
REPLACE INTO `work_info` VALUES('C00000047','32');
REPLACE INTO `work_info` VALUES('C00000048','32');
REPLACE INTO `work_info` VALUES('C00001004','32');
REPLACE INTO `work_info` VALUES('C00001018','32');
REPLACE INTO `work_info` VALUES('C00001019','32');
REPLACE INTO `work_info` VALUES('C00000015','33');
REPLACE INTO `work_info` VALUES('C00000019','33');
REPLACE INTO `work_info` VALUES('C00000020','33');
REPLACE INTO `work_info` VALUES('C00000023','33');
REPLACE INTO `work_info` VALUES('C00000030','33');
REPLACE INTO `work_info` VALUES('C00000032','33');
REPLACE INTO `work_info` VALUES('C00000037','33');
REPLACE INTO `work_info` VALUES('C00000038','33');
REPLACE INTO `work_info` VALUES('C00000044','33');
REPLACE INTO `work_info` VALUES('C00000049','33');
REPLACE INTO `work_info` VALUES('C00001002','33');
REPLACE INTO `work_info` VALUES('C00001005','33');
REPLACE INTO `work_info` VALUES('C00001020','33');
REPLACE INTO `work_info` VALUES('C00000001','34');
REPLACE INTO `work_info` VALUES('C00000002','34');
REPLACE INTO `work_info` VALUES('C00000005','34');
REPLACE INTO `work_info` VALUES('C00000014','34');
REPLACE INTO `work_info` VALUES('C00000018','34');
REPLACE INTO `work_info` VALUES('C00000021','34');
REPLACE INTO `work_info` VALUES('C00000022','34');
REPLACE INTO `work_info` VALUES('C00000027','34');
REPLACE INTO `work_info` VALUES('C00000028','34');
REPLACE INTO `work_info` VALUES('C00000034','34');
REPLACE INTO `work_info` VALUES('C00000035','34');
REPLACE INTO `work_info` VALUES('C00000043','34');
REPLACE INTO `work_info` VALUES('C00000045','34');
REPLACE INTO `work_info` VALUES('C00000046','34');
REPLACE INTO `work_info` VALUES('C00001003','34');
REPLACE INTO `work_info` VALUES('C00001006','34');
REPLACE INTO `work_info` VALUES('C00001007','34');
REPLACE INTO `work_info` VALUES('C00001008','34');
REPLACE INTO `work_info` VALUES('C00001011','34');
REPLACE INTO `work_info` VALUES('C00001013','34');
REPLACE INTO `work_info` VALUES('C00001016','34');
REPLACE INTO `work_info` VALUES('C00000008','35');
REPLACE INTO `work_info` VALUES('C00000010','35');
REPLACE INTO `work_info` VALUES('C00000011','35');
REPLACE INTO `work_info` VALUES('C00000013','35');
REPLACE INTO `work_info` VALUES('C00000017','35');
REPLACE INTO `work_info` VALUES('C00000024','35');
REPLACE INTO `work_info` VALUES('C00000029','35');
REPLACE INTO `work_info` VALUES('C00000036','35');
REPLACE INTO `work_info` VALUES('C00000039','35');
REPLACE INTO `work_info` VALUES('C00000040','35');
REPLACE INTO `work_info` VALUES('C00000042','35');
REPLACE INTO `work_info` VALUES('C00000050','35');
REPLACE INTO `work_info` VALUES('C00001009','35');
REPLACE INTO `work_info` VALUES('C00001010','35');
REPLACE INTO `work_info` VALUES('C00001014','35');
REPLACE INTO `work_info` VALUES('C00001015','35');
REPLACE INTO `work_info` VALUES('C00001017','35');
REPLACE INTO `work_info` VALUES('C00000003','36');
REPLACE INTO `work_info` VALUES('C00000004','36');
REPLACE INTO `work_info` VALUES('C00000006','36');
REPLACE INTO `work_info` VALUES('C00000007','36');
REPLACE INTO `work_info` VALUES('C00000009','36');
REPLACE INTO `work_info` VALUES('C00000012','36');
REPLACE INTO `work_info` VALUES('C00000016','36');
REPLACE INTO `work_info` VALUES('C00000025','36');
REPLACE INTO `work_info` VALUES('C00000026','36');
REPLACE INTO `work_info` VALUES('C00000031','36');
REPLACE INTO `work_info` VALUES('C00000033','36');
REPLACE INTO `work_info` VALUES('C00000041','36');
REPLACE INTO `work_info` VALUES('C00000047','36');
REPLACE INTO `work_info` VALUES('C00000048','36');
REPLACE INTO `work_info` VALUES('C00001004','36');
REPLACE INTO `work_info` VALUES('C00001018','36');
REPLACE INTO `work_info` VALUES('C00001019','36');
REPLACE INTO `work_info` VALUES('C00000015','37');
REPLACE INTO `work_info` VALUES('C00000019','37');
REPLACE INTO `work_info` VALUES('C00000020','37');
REPLACE INTO `work_info` VALUES('C00000023','37');
REPLACE INTO `work_info` VALUES('C00000030','37');
REPLACE INTO `work_info` VALUES('C00000032','37');
REPLACE INTO `work_info` VALUES('C00000037','37');
REPLACE INTO `work_info` VALUES('C00000038','37');
REPLACE INTO `work_info` VALUES('C00000044','37');
REPLACE INTO `work_info` VALUES('C00000049','37');
REPLACE INTO `work_info` VALUES('C00001002','37');
REPLACE INTO `work_info` VALUES('C00001005','37');
REPLACE INTO `work_info` VALUES('C00001020','37');
REPLACE INTO `work_info` VALUES('C00000001','38');
REPLACE INTO `work_info` VALUES('C00000002','38');
REPLACE INTO `work_info` VALUES('C00000005','38');
REPLACE INTO `work_info` VALUES('C00000014','38');
REPLACE INTO `work_info` VALUES('C00000018','38');
REPLACE INTO `work_info` VALUES('C00000021','38');
REPLACE INTO `work_info` VALUES('C00000022','38');
REPLACE INTO `work_info` VALUES('C00000027','38');
REPLACE INTO `work_info` VALUES('C00000028','38');
REPLACE INTO `work_info` VALUES('C00000034','38');
REPLACE INTO `work_info` VALUES('C00000035','38');
REPLACE INTO `work_info` VALUES('C00000043','38');
REPLACE INTO `work_info` VALUES('C00000045','38');
REPLACE INTO `work_info` VALUES('C00000046','38');
REPLACE INTO `work_info` VALUES('C00001003','38');
REPLACE INTO `work_info` VALUES('C00001006','38');
REPLACE INTO `work_info` VALUES('C00001007','38');
REPLACE INTO `work_info` VALUES('C00001008','38');
REPLACE INTO `work_info` VALUES('C00001011','38');
REPLACE INTO `work_info` VALUES('C00001013','38');
REPLACE INTO `work_info` VALUES('C00001016','38');
REPLACE INTO `work_info` VALUES('C00000008','39');
REPLACE INTO `work_info` VALUES('C00000010','39');
REPLACE INTO `work_info` VALUES('C00000011','39');
REPLACE INTO `work_info` VALUES('C00000013','39');
REPLACE INTO `work_info` VALUES('C00000017','39');
REPLACE INTO `work_info` VALUES('C00000024','39');
REPLACE INTO `work_info` VALUES('C00000029','39');
REPLACE INTO `work_info` VALUES('C00000036','39');
REPLACE INTO `work_info` VALUES('C00000039','39');
REPLACE INTO `work_info` VALUES('C00000040','39');
REPLACE INTO `work_info` VALUES('C00000042','39');
REPLACE INTO `work_info` VALUES('C00000050','39');
REPLACE INTO `work_info` VALUES('C00001009','39');
REPLACE INTO `work_info` VALUES('C00001010','39');
REPLACE INTO `work_info` VALUES('C00001014','39');
REPLACE INTO `work_info` VALUES('C00001015','39');
REPLACE INTO `work_info` VALUES('C00001017','39');
REPLACE INTO `work_info` VALUES('C00000003','40');
REPLACE INTO `work_info` VALUES('C00000004','40');
REPLACE INTO `work_info` VALUES('C00000006','40');
REPLACE INTO `work_info` VALUES('C00000007','40');
REPLACE INTO `work_info` VALUES('C00000009','40');
REPLACE INTO `work_info` VALUES('C00000012','40');
REPLACE INTO `work_info` VALUES('C00000016','40');
REPLACE INTO `work_info` VALUES('C00000025','40');
REPLACE INTO `work_info` VALUES('C00000026','40');
REPLACE INTO `work_info` VALUES('C00000031','40');
REPLACE INTO `work_info` VALUES('C00000033','40');
REPLACE INTO `work_info` VALUES('C00000041','40');
REPLACE INTO `work_info` VALUES('C00000047','40');
REPLACE INTO `work_info` VALUES('C00000048','40');
REPLACE INTO `work_info` VALUES('C00001004','40');
REPLACE INTO `work_info` VALUES('C00001018','40');
REPLACE INTO `work_info` VALUES('C00001019','40');
REPLACE INTO `work_info` VALUES('C00000015','41');
REPLACE INTO `work_info` VALUES('C00000019','41');
REPLACE INTO `work_info` VALUES('C00000020','41');
REPLACE INTO `work_info` VALUES('C00000023','41');
REPLACE INTO `work_info` VALUES('C00000030','41');
REPLACE INTO `work_info` VALUES('C00000032','41');
REPLACE INTO `work_info` VALUES('C00000037','41');
REPLACE INTO `work_info` VALUES('C00000038','41');
REPLACE INTO `work_info` VALUES('C00000044','41');
REPLACE INTO `work_info` VALUES('C00000049','41');
REPLACE INTO `work_info` VALUES('C00001002','41');
REPLACE INTO `work_info` VALUES('C00001005','41');
REPLACE INTO `work_info` VALUES('C00001020','41');
REPLACE INTO `work_info` VALUES('C00000001','42');
REPLACE INTO `work_info` VALUES('C00000002','42');
REPLACE INTO `work_info` VALUES('C00000005','42');
REPLACE INTO `work_info` VALUES('C00000014','42');
REPLACE INTO `work_info` VALUES('C00000018','42');
REPLACE INTO `work_info` VALUES('C00000021','42');
REPLACE INTO `work_info` VALUES('C00000022','42');
REPLACE INTO `work_info` VALUES('C00000027','42');
REPLACE INTO `work_info` VALUES('C00000028','42');
REPLACE INTO `work_info` VALUES('C00000034','42');
REPLACE INTO `work_info` VALUES('C00000035','42');
REPLACE INTO `work_info` VALUES('C00000043','42');
REPLACE INTO `work_info` VALUES('C00000045','42');
REPLACE INTO `work_info` VALUES('C00000046','42');
REPLACE INTO `work_info` VALUES('C00001003','42');
REPLACE INTO `work_info` VALUES('C00001006','42');
REPLACE INTO `work_info` VALUES('C00001007','42');
REPLACE INTO `work_info` VALUES('C00001008','42');
REPLACE INTO `work_info` VALUES('C00001011','42');
REPLACE INTO `work_info` VALUES('C00001013','42');
REPLACE INTO `work_info` VALUES('C00001016','42');
REPLACE INTO `work_info` VALUES('C00000008','43');
REPLACE INTO `work_info` VALUES('C00000010','43');
REPLACE INTO `work_info` VALUES('C00000011','43');
REPLACE INTO `work_info` VALUES('C00000013','43');
REPLACE INTO `work_info` VALUES('C00000017','43');
REPLACE INTO `work_info` VALUES('C00000024','43');
REPLACE INTO `work_info` VALUES('C00000029','43');
REPLACE INTO `work_info` VALUES('C00000036','43');
REPLACE INTO `work_info` VALUES('C00000039','43');
REPLACE INTO `work_info` VALUES('C00000040','43');
REPLACE INTO `work_info` VALUES('C00000042','43');
REPLACE INTO `work_info` VALUES('C00000050','43');
REPLACE INTO `work_info` VALUES('C00001009','43');
REPLACE INTO `work_info` VALUES('C00001010','43');
REPLACE INTO `work_info` VALUES('C00001014','43');
REPLACE INTO `work_info` VALUES('C00001015','43');
REPLACE INTO `work_info` VALUES('C00001017','43');
REPLACE INTO `work_info` VALUES('C00000003','44');
REPLACE INTO `work_info` VALUES('C00000004','44');
REPLACE INTO `work_info` VALUES('C00000006','44');
REPLACE INTO `work_info` VALUES('C00000007','44');
REPLACE INTO `work_info` VALUES('C00000009','44');
REPLACE INTO `work_info` VALUES('C00000012','44');
REPLACE INTO `work_info` VALUES('C00000016','44');
REPLACE INTO `work_info` VALUES('C00000025','44');
REPLACE INTO `work_info` VALUES('C00000026','44');
REPLACE INTO `work_info` VALUES('C00000031','44');
REPLACE INTO `work_info` VALUES('C00000033','44');
REPLACE INTO `work_info` VALUES('C00000041','44');
REPLACE INTO `work_info` VALUES('C00000047','44');
REPLACE INTO `work_info` VALUES('C00000048','44');
REPLACE INTO `work_info` VALUES('C00001004','44');
REPLACE INTO `work_info` VALUES('C00001018','44');
REPLACE INTO `work_info` VALUES('C00001019','44');
REPLACE INTO `work_info` VALUES('C00000015','45');
REPLACE INTO `work_info` VALUES('C00000019','45');
REPLACE INTO `work_info` VALUES('C00000020','45');
REPLACE INTO `work_info` VALUES('C00000023','45');
REPLACE INTO `work_info` VALUES('C00000030','45');
REPLACE INTO `work_info` VALUES('C00000032','45');
REPLACE INTO `work_info` VALUES('C00000037','45');
REPLACE INTO `work_info` VALUES('C00000038','45');
REPLACE INTO `work_info` VALUES('C00000044','45');
REPLACE INTO `work_info` VALUES('C00000049','45');
REPLACE INTO `work_info` VALUES('C00001002','45');
REPLACE INTO `work_info` VALUES('C00001005','45');
REPLACE INTO `work_info` VALUES('C00001020','45');
REPLACE INTO `work_info` VALUES('C00000001','46');
REPLACE INTO `work_info` VALUES('C00000002','46');
REPLACE INTO `work_info` VALUES('C00000005','46');
REPLACE INTO `work_info` VALUES('C00000014','46');
REPLACE INTO `work_info` VALUES('C00000018','46');
REPLACE INTO `work_info` VALUES('C00000021','46');
REPLACE INTO `work_info` VALUES('C00000022','46');
REPLACE INTO `work_info` VALUES('C00000027','46');
REPLACE INTO `work_info` VALUES('C00000028','46');
REPLACE INTO `work_info` VALUES('C00000034','46');
REPLACE INTO `work_info` VALUES('C00000035','46');
REPLACE INTO `work_info` VALUES('C00000043','46');
REPLACE INTO `work_info` VALUES('C00000045','46');
REPLACE INTO `work_info` VALUES('C00000046','46');
REPLACE INTO `work_info` VALUES('C00001003','46');
REPLACE INTO `work_info` VALUES('C00001006','46');
REPLACE INTO `work_info` VALUES('C00001007','46');
REPLACE INTO `work_info` VALUES('C00001008','46');
REPLACE INTO `work_info` VALUES('C00001011','46');
REPLACE INTO `work_info` VALUES('C00001013','46');
REPLACE INTO `work_info` VALUES('C00001016','46');
REPLACE INTO `work_info` VALUES('C00000008','47');
REPLACE INTO `work_info` VALUES('C00000010','47');
REPLACE INTO `work_info` VALUES('C00000011','47');
REPLACE INTO `work_info` VALUES('C00000013','47');
REPLACE INTO `work_info` VALUES('C00000017','47');
REPLACE INTO `work_info` VALUES('C00000024','47');
REPLACE INTO `work_info` VALUES('C00000029','47');
REPLACE INTO `work_info` VALUES('C00000036','47');
REPLACE INTO `work_info` VALUES('C00000039','47');
REPLACE INTO `work_info` VALUES('C00000040','47');
REPLACE INTO `work_info` VALUES('C00000042','47');
REPLACE INTO `work_info` VALUES('C00000050','47');
REPLACE INTO `work_info` VALUES('C00001009','47');
REPLACE INTO `work_info` VALUES('C00001010','47');
REPLACE INTO `work_info` VALUES('C00001014','47');
REPLACE INTO `work_info` VALUES('C00001015','47');
REPLACE INTO `work_info` VALUES('C00001017','47');
REPLACE INTO `work_info` VALUES('C00000003','48');
REPLACE INTO `work_info` VALUES('C00000004','48');
REPLACE INTO `work_info` VALUES('C00000006','48');
REPLACE INTO `work_info` VALUES('C00000007','48');
REPLACE INTO `work_info` VALUES('C00000009','48');
REPLACE INTO `work_info` VALUES('C00000012','48');
REPLACE INTO `work_info` VALUES('C00000016','48');
REPLACE INTO `work_info` VALUES('C00000025','48');
REPLACE INTO `work_info` VALUES('C00000026','48');
REPLACE INTO `work_info` VALUES('C00000031','48');
REPLACE INTO `work_info` VALUES('C00000033','48');
REPLACE INTO `work_info` VALUES('C00000041','48');
REPLACE INTO `work_info` VALUES('C00000047','48');
REPLACE INTO `work_info` VALUES('C00000048','48');
REPLACE INTO `work_info` VALUES('C00001004','48');
REPLACE INTO `work_info` VALUES('C00001018','48');
REPLACE INTO `work_info` VALUES('C00001019','48');
REPLACE INTO `work_info` VALUES('C00000015','49');
REPLACE INTO `work_info` VALUES('C00000019','49');
REPLACE INTO `work_info` VALUES('C00000020','49');
REPLACE INTO `work_info` VALUES('C00000023','49');
REPLACE INTO `work_info` VALUES('C00000030','49');
REPLACE INTO `work_info` VALUES('C00000032','49');
REPLACE INTO `work_info` VALUES('C00000037','49');
REPLACE INTO `work_info` VALUES('C00000038','49');
REPLACE INTO `work_info` VALUES('C00000044','49');
REPLACE INTO `work_info` VALUES('C00000049','49');
REPLACE INTO `work_info` VALUES('C00001002','49');
REPLACE INTO `work_info` VALUES('C00001005','49');
REPLACE INTO `work_info` VALUES('C00001020','49');
REPLACE INTO `work_info` VALUES('C00000001','50');
REPLACE INTO `work_info` VALUES('C00000002','50');
REPLACE INTO `work_info` VALUES('C00000005','50');
REPLACE INTO `work_info` VALUES('C00000014','50');
REPLACE INTO `work_info` VALUES('C00000018','50');
REPLACE INTO `work_info` VALUES('C00000021','50');
REPLACE INTO `work_info` VALUES('C00000022','50');
REPLACE INTO `work_info` VALUES('C00000027','50');
REPLACE INTO `work_info` VALUES('C00000028','50');
REPLACE INTO `work_info` VALUES('C00000034','50');
REPLACE INTO `work_info` VALUES('C00000035','50');
REPLACE INTO `work_info` VALUES('C00000043','50');
REPLACE INTO `work_info` VALUES('C00000045','50');
REPLACE INTO `work_info` VALUES('C00000046','50');
REPLACE INTO `work_info` VALUES('C00001003','50');
REPLACE INTO `work_info` VALUES('C00001006','50');
REPLACE INTO `work_info` VALUES('C00001007','50');
REPLACE INTO `work_info` VALUES('C00001008','50');
REPLACE INTO `work_info` VALUES('C00001011','50');
REPLACE INTO `work_info` VALUES('C00001013','50');
REPLACE INTO `work_info` VALUES('C00001016','50');
REPLACE INTO `work_info` VALUES('C00000008','51');
REPLACE INTO `work_info` VALUES('C00000010','51');
REPLACE INTO `work_info` VALUES('C00000011','51');
REPLACE INTO `work_info` VALUES('C00000013','51');
REPLACE INTO `work_info` VALUES('C00000017','51');
REPLACE INTO `work_info` VALUES('C00000024','51');
REPLACE INTO `work_info` VALUES('C00000029','51');
REPLACE INTO `work_info` VALUES('C00000036','51');
REPLACE INTO `work_info` VALUES('C00000039','51');
REPLACE INTO `work_info` VALUES('C00000040','51');
REPLACE INTO `work_info` VALUES('C00000042','51');
REPLACE INTO `work_info` VALUES('C00000050','51');
REPLACE INTO `work_info` VALUES('C00001009','51');
REPLACE INTO `work_info` VALUES('C00001010','51');
REPLACE INTO `work_info` VALUES('C00001014','51');
REPLACE INTO `work_info` VALUES('C00001015','51');
REPLACE INTO `work_info` VALUES('C00001017','51');
REPLACE INTO `work_info` VALUES('C00000003','52');
REPLACE INTO `work_info` VALUES('C00000004','52');
REPLACE INTO `work_info` VALUES('C00000006','52');
REPLACE INTO `work_info` VALUES('C00000007','52');
REPLACE INTO `work_info` VALUES('C00000009','52');
REPLACE INTO `work_info` VALUES('C00000012','52');
REPLACE INTO `work_info` VALUES('C00000016','52');
REPLACE INTO `work_info` VALUES('C00000025','52');
REPLACE INTO `work_info` VALUES('C00000026','52');
REPLACE INTO `work_info` VALUES('C00000031','52');
REPLACE INTO `work_info` VALUES('C00000033','52');
REPLACE INTO `work_info` VALUES('C00000041','52');
REPLACE INTO `work_info` VALUES('C00000047','52');
REPLACE INTO `work_info` VALUES('C00000048','52');
REPLACE INTO `work_info` VALUES('C00001004','52');
REPLACE INTO `work_info` VALUES('C00001018','52');
REPLACE INTO `work_info` VALUES('C00001019','52');
REPLACE INTO `work_info` VALUES('C00000015','53');
REPLACE INTO `work_info` VALUES('C00000019','53');
REPLACE INTO `work_info` VALUES('C00000020','53');
REPLACE INTO `work_info` VALUES('C00000023','53');
REPLACE INTO `work_info` VALUES('C00000030','53');
REPLACE INTO `work_info` VALUES('C00000032','53');
REPLACE INTO `work_info` VALUES('C00000037','53');
REPLACE INTO `work_info` VALUES('C00000038','53');
REPLACE INTO `work_info` VALUES('C00000044','53');
REPLACE INTO `work_info` VALUES('C00000049','53');
REPLACE INTO `work_info` VALUES('C00001002','53');
REPLACE INTO `work_info` VALUES('C00001005','53');
REPLACE INTO `work_info` VALUES('C00001020','53');
REPLACE INTO `work_info` VALUES('C00000001','54');
REPLACE INTO `work_info` VALUES('C00000002','54');
REPLACE INTO `work_info` VALUES('C00000005','54');
REPLACE INTO `work_info` VALUES('C00000014','54');
REPLACE INTO `work_info` VALUES('C00000018','54');
REPLACE INTO `work_info` VALUES('C00000021','54');
REPLACE INTO `work_info` VALUES('C00000022','54');
REPLACE INTO `work_info` VALUES('C00000027','54');
REPLACE INTO `work_info` VALUES('C00000028','54');
REPLACE INTO `work_info` VALUES('C00000034','54');
REPLACE INTO `work_info` VALUES('C00000035','54');
REPLACE INTO `work_info` VALUES('C00000043','54');
REPLACE INTO `work_info` VALUES('C00000045','54');
REPLACE INTO `work_info` VALUES('C00000046','54');
REPLACE INTO `work_info` VALUES('C00001003','54');
REPLACE INTO `work_info` VALUES('C00001006','54');
REPLACE INTO `work_info` VALUES('C00001007','54');
REPLACE INTO `work_info` VALUES('C00001008','54');
REPLACE INTO `work_info` VALUES('C00001011','54');
REPLACE INTO `work_info` VALUES('C00001013','54');
REPLACE INTO `work_info` VALUES('C00001016','54');
REPLACE INTO `work_info` VALUES('C00000008','55');
REPLACE INTO `work_info` VALUES('C00000010','55');
REPLACE INTO `work_info` VALUES('C00000011','55');
REPLACE INTO `work_info` VALUES('C00000013','55');
REPLACE INTO `work_info` VALUES('C00000017','55');
REPLACE INTO `work_info` VALUES('C00000024','55');
REPLACE INTO `work_info` VALUES('C00000029','55');
REPLACE INTO `work_info` VALUES('C00000036','55');
REPLACE INTO `work_info` VALUES('C00000039','55');
REPLACE INTO `work_info` VALUES('C00000040','55');
REPLACE INTO `work_info` VALUES('C00000042','55');
REPLACE INTO `work_info` VALUES('C00000050','55');
REPLACE INTO `work_info` VALUES('C00001009','55');
REPLACE INTO `work_info` VALUES('C00001010','55');
REPLACE INTO `work_info` VALUES('C00001014','55');
REPLACE INTO `work_info` VALUES('C00001015','55');
REPLACE INTO `work_info` VALUES('C00001017','55');
REPLACE INTO `work_info` VALUES('C00000003','56');
REPLACE INTO `work_info` VALUES('C00000004','56');
REPLACE INTO `work_info` VALUES('C00000006','56');
REPLACE INTO `work_info` VALUES('C00000007','56');
REPLACE INTO `work_info` VALUES('C00000009','56');
REPLACE INTO `work_info` VALUES('C00000012','56');
REPLACE INTO `work_info` VALUES('C00000016','56');
REPLACE INTO `work_info` VALUES('C00000025','56');
REPLACE INTO `work_info` VALUES('C00000026','56');
REPLACE INTO `work_info` VALUES('C00000031','56');
REPLACE INTO `work_info` VALUES('C00000033','56');
REPLACE INTO `work_info` VALUES('C00000041','56');
REPLACE INTO `work_info` VALUES('C00000047','56');
REPLACE INTO `work_info` VALUES('C00000048','56');
REPLACE INTO `work_info` VALUES('C00001004','56');
REPLACE INTO `work_info` VALUES('C00001018','56');
REPLACE INTO `work_info` VALUES('C00001019','56');
REPLACE INTO `work_info` VALUES('C00000015','57');
REPLACE INTO `work_info` VALUES('C00000019','57');
REPLACE INTO `work_info` VALUES('C00000020','57');
REPLACE INTO `work_info` VALUES('C00000023','57');
REPLACE INTO `work_info` VALUES('C00000030','57');
REPLACE INTO `work_info` VALUES('C00000032','57');
REPLACE INTO `work_info` VALUES('C00000037','57');
REPLACE INTO `work_info` VALUES('C00000038','57');
REPLACE INTO `work_info` VALUES('C00000044','57');
REPLACE INTO `work_info` VALUES('C00000049','57');
REPLACE INTO `work_info` VALUES('C00001002','57');
REPLACE INTO `work_info` VALUES('C00001005','57');
REPLACE INTO `work_info` VALUES('C00001020','57');
REPLACE INTO `work_info` VALUES('C00000001','58');
REPLACE INTO `work_info` VALUES('C00000002','58');
REPLACE INTO `work_info` VALUES('C00000005','58');
REPLACE INTO `work_info` VALUES('C00000014','58');
REPLACE INTO `work_info` VALUES('C00000018','58');
REPLACE INTO `work_info` VALUES('C00000021','58');
REPLACE INTO `work_info` VALUES('C00000022','58');
REPLACE INTO `work_info` VALUES('C00000027','58');
REPLACE INTO `work_info` VALUES('C00000028','58');
REPLACE INTO `work_info` VALUES('C00000034','58');
REPLACE INTO `work_info` VALUES('C00000035','58');
REPLACE INTO `work_info` VALUES('C00000043','58');
REPLACE INTO `work_info` VALUES('C00000045','58');
REPLACE INTO `work_info` VALUES('C00000046','58');
REPLACE INTO `work_info` VALUES('C00001003','58');
REPLACE INTO `work_info` VALUES('C00001006','58');
REPLACE INTO `work_info` VALUES('C00001007','58');
REPLACE INTO `work_info` VALUES('C00001008','58');
REPLACE INTO `work_info` VALUES('C00001011','58');
REPLACE INTO `work_info` VALUES('C00001013','58');
REPLACE INTO `work_info` VALUES('C00001016','58');
REPLACE INTO `work_info` VALUES('C00000008','59');
REPLACE INTO `work_info` VALUES('C00000010','59');
REPLACE INTO `work_info` VALUES('C00000011','59');
REPLACE INTO `work_info` VALUES('C00000013','59');
REPLACE INTO `work_info` VALUES('C00000017','59');
REPLACE INTO `work_info` VALUES('C00000024','59');
REPLACE INTO `work_info` VALUES('C00000029','59');
REPLACE INTO `work_info` VALUES('C00000036','59');
REPLACE INTO `work_info` VALUES('C00000039','59');
REPLACE INTO `work_info` VALUES('C00000040','59');
REPLACE INTO `work_info` VALUES('C00000042','59');
REPLACE INTO `work_info` VALUES('C00000050','59');
REPLACE INTO `work_info` VALUES('C00001009','59');
REPLACE INTO `work_info` VALUES('C00001010','59');
REPLACE INTO `work_info` VALUES('C00001014','59');
REPLACE INTO `work_info` VALUES('C00001015','59');
REPLACE INTO `work_info` VALUES('C00001017','59');
REPLACE INTO `work_info` VALUES('C00000003','60');
REPLACE INTO `work_info` VALUES('C00000004','60');
REPLACE INTO `work_info` VALUES('C00000006','60');
REPLACE INTO `work_info` VALUES('C00000007','60');
REPLACE INTO `work_info` VALUES('C00000009','60');
REPLACE INTO `work_info` VALUES('C00000012','60');
REPLACE INTO `work_info` VALUES('C00000016','60');
REPLACE INTO `work_info` VALUES('C00000025','60');
REPLACE INTO `work_info` VALUES('C00000026','60');
REPLACE INTO `work_info` VALUES('C00000031','60');
REPLACE INTO `work_info` VALUES('C00000033','60');
REPLACE INTO `work_info` VALUES('C00000041','60');
REPLACE INTO `work_info` VALUES('C00000047','60');
REPLACE INTO `work_info` VALUES('C00000048','60');
REPLACE INTO `work_info` VALUES('C00001004','60');
REPLACE INTO `work_info` VALUES('C00001018','60');
REPLACE INTO `work_info` VALUES('C00001019','60');
REPLACE INTO `work_info` VALUES('C00000015','61');
REPLACE INTO `work_info` VALUES('C00000019','61');
REPLACE INTO `work_info` VALUES('C00000020','61');
REPLACE INTO `work_info` VALUES('C00000023','61');
REPLACE INTO `work_info` VALUES('C00000030','61');
REPLACE INTO `work_info` VALUES('C00000032','61');
REPLACE INTO `work_info` VALUES('C00000037','61');
REPLACE INTO `work_info` VALUES('C00000038','61');
REPLACE INTO `work_info` VALUES('C00000044','61');
REPLACE INTO `work_info` VALUES('C00000049','61');
REPLACE INTO `work_info` VALUES('C00001002','61');
REPLACE INTO `work_info` VALUES('C00001005','61');
REPLACE INTO `work_info` VALUES('C00001020','61');
REPLACE INTO `work_info` VALUES('C00000001','62');
REPLACE INTO `work_info` VALUES('C00000002','62');
REPLACE INTO `work_info` VALUES('C00000005','62');
REPLACE INTO `work_info` VALUES('C00000014','62');
REPLACE INTO `work_info` VALUES('C00000018','62');
REPLACE INTO `work_info` VALUES('C00000021','62');
REPLACE INTO `work_info` VALUES('C00000022','62');
REPLACE INTO `work_info` VALUES('C00000027','62');
REPLACE INTO `work_info` VALUES('C00000028','62');
REPLACE INTO `work_info` VALUES('C00000034','62');
REPLACE INTO `work_info` VALUES('C00000035','62');
REPLACE INTO `work_info` VALUES('C00000043','62');
REPLACE INTO `work_info` VALUES('C00000045','62');
REPLACE INTO `work_info` VALUES('C00000046','62');
REPLACE INTO `work_info` VALUES('C00001003','62');
REPLACE INTO `work_info` VALUES('C00001006','62');
REPLACE INTO `work_info` VALUES('C00001007','62');
REPLACE INTO `work_info` VALUES('C00001008','62');
REPLACE INTO `work_info` VALUES('C00001011','62');
REPLACE INTO `work_info` VALUES('C00001013','62');
REPLACE INTO `work_info` VALUES('C00001016','62');
REPLACE INTO `work_info` VALUES('C00000008','63');
REPLACE INTO `work_info` VALUES('C00000010','63');
REPLACE INTO `work_info` VALUES('C00000011','63');
REPLACE INTO `work_info` VALUES('C00000013','63');
REPLACE INTO `work_info` VALUES('C00000017','63');
REPLACE INTO `work_info` VALUES('C00000024','63');
REPLACE INTO `work_info` VALUES('C00000029','63');
REPLACE INTO `work_info` VALUES('C00000036','63');
REPLACE INTO `work_info` VALUES('C00000039','63');
REPLACE INTO `work_info` VALUES('C00000040','63');
REPLACE INTO `work_info` VALUES('C00000042','63');
REPLACE INTO `work_info` VALUES('C00000050','63');
REPLACE INTO `work_info` VALUES('C00001009','63');
REPLACE INTO `work_info` VALUES('C00001010','63');
REPLACE INTO `work_info` VALUES('C00001014','63');
REPLACE INTO `work_info` VALUES('C00001015','63');
REPLACE INTO `work_info` VALUES('C00001017','63');
REPLACE INTO `work_info` VALUES('C00000003','64');
REPLACE INTO `work_info` VALUES('C00000004','64');
REPLACE INTO `work_info` VALUES('C00000006','64');
REPLACE INTO `work_info` VALUES('C00000007','64');
REPLACE INTO `work_info` VALUES('C00000009','64');
REPLACE INTO `work_info` VALUES('C00000012','64');
REPLACE INTO `work_info` VALUES('C00000016','64');
REPLACE INTO `work_info` VALUES('C00000025','64');
REPLACE INTO `work_info` VALUES('C00000026','64');
REPLACE INTO `work_info` VALUES('C00000031','64');
REPLACE INTO `work_info` VALUES('C00000033','64');
REPLACE INTO `work_info` VALUES('C00000041','64');
REPLACE INTO `work_info` VALUES('C00000047','64');
REPLACE INTO `work_info` VALUES('C00000048','64');
REPLACE INTO `work_info` VALUES('C00001004','64');
REPLACE INTO `work_info` VALUES('C00001018','64');
REPLACE INTO `work_info` VALUES('C00001019','64');
REPLACE INTO `work_info` VALUES('C00000015','65');
REPLACE INTO `work_info` VALUES('C00000019','65');
REPLACE INTO `work_info` VALUES('C00000020','65');
REPLACE INTO `work_info` VALUES('C00000023','65');
REPLACE INTO `work_info` VALUES('C00000030','65');
REPLACE INTO `work_info` VALUES('C00000032','65');
REPLACE INTO `work_info` VALUES('C00000037','65');
REPLACE INTO `work_info` VALUES('C00000038','65');
REPLACE INTO `work_info` VALUES('C00000044','65');
REPLACE INTO `work_info` VALUES('C00000049','65');
REPLACE INTO `work_info` VALUES('C00001002','65');
REPLACE INTO `work_info` VALUES('C00001005','65');
REPLACE INTO `work_info` VALUES('C00001020','65');
REPLACE INTO `work_info` VALUES('C00000001','66');
REPLACE INTO `work_info` VALUES('C00000002','66');
REPLACE INTO `work_info` VALUES('C00000005','66');
REPLACE INTO `work_info` VALUES('C00000014','66');
REPLACE INTO `work_info` VALUES('C00000018','66');
REPLACE INTO `work_info` VALUES('C00000021','66');
REPLACE INTO `work_info` VALUES('C00000022','66');
REPLACE INTO `work_info` VALUES('C00000027','66');
REPLACE INTO `work_info` VALUES('C00000028','66');
REPLACE INTO `work_info` VALUES('C00000034','66');
REPLACE INTO `work_info` VALUES('C00000035','66');
REPLACE INTO `work_info` VALUES('C00000043','66');
REPLACE INTO `work_info` VALUES('C00000045','66');
REPLACE INTO `work_info` VALUES('C00000046','66');
REPLACE INTO `work_info` VALUES('C00001003','66');
REPLACE INTO `work_info` VALUES('C00001006','66');
REPLACE INTO `work_info` VALUES('C00001007','66');
REPLACE INTO `work_info` VALUES('C00001008','66');
REPLACE INTO `work_info` VALUES('C00001011','66');
REPLACE INTO `work_info` VALUES('C00001013','66');
REPLACE INTO `work_info` VALUES('C00001016','66');
REPLACE INTO `work_info` VALUES('C00000008','67');
REPLACE INTO `work_info` VALUES('C00000010','67');
REPLACE INTO `work_info` VALUES('C00000011','67');
REPLACE INTO `work_info` VALUES('C00000013','67');
REPLACE INTO `work_info` VALUES('C00000017','67');
REPLACE INTO `work_info` VALUES('C00000024','67');
REPLACE INTO `work_info` VALUES('C00000029','67');
REPLACE INTO `work_info` VALUES('C00000036','67');
REPLACE INTO `work_info` VALUES('C00000039','67');
REPLACE INTO `work_info` VALUES('C00000040','67');
REPLACE INTO `work_info` VALUES('C00000042','67');
REPLACE INTO `work_info` VALUES('C00000050','67');
REPLACE INTO `work_info` VALUES('C00001009','67');
REPLACE INTO `work_info` VALUES('C00001010','67');
REPLACE INTO `work_info` VALUES('C00001014','67');
REPLACE INTO `work_info` VALUES('C00001015','67');
REPLACE INTO `work_info` VALUES('C00001017','67');
REPLACE INTO `work_info` VALUES('C00000003','68');
REPLACE INTO `work_info` VALUES('C00000004','68');
REPLACE INTO `work_info` VALUES('C00000006','68');
REPLACE INTO `work_info` VALUES('C00000007','68');
REPLACE INTO `work_info` VALUES('C00000009','68');
REPLACE INTO `work_info` VALUES('C00000012','68');
REPLACE INTO `work_info` VALUES('C00000016','68');
REPLACE INTO `work_info` VALUES('C00000025','68');
REPLACE INTO `work_info` VALUES('C00000026','68');
REPLACE INTO `work_info` VALUES('C00000031','68');
REPLACE INTO `work_info` VALUES('C00000033','68');
REPLACE INTO `work_info` VALUES('C00000041','68');
REPLACE INTO `work_info` VALUES('C00000047','68');
REPLACE INTO `work_info` VALUES('C00000048','68');
REPLACE INTO `work_info` VALUES('C00001004','68');
REPLACE INTO `work_info` VALUES('C00001018','68');
REPLACE INTO `work_info` VALUES('C00001019','68');
REPLACE INTO `work_info` VALUES('C00000015','69');
REPLACE INTO `work_info` VALUES('C00000019','69');
REPLACE INTO `work_info` VALUES('C00000020','69');
REPLACE INTO `work_info` VALUES('C00000023','69');
REPLACE INTO `work_info` VALUES('C00000030','69');
REPLACE INTO `work_info` VALUES('C00000032','69');
REPLACE INTO `work_info` VALUES('C00000037','69');
REPLACE INTO `work_info` VALUES('C00000038','69');
REPLACE INTO `work_info` VALUES('C00000044','69');
REPLACE INTO `work_info` VALUES('C00000049','69');
REPLACE INTO `work_info` VALUES('C00001002','69');
REPLACE INTO `work_info` VALUES('C00001005','69');
REPLACE INTO `work_info` VALUES('C00001020','69');
REPLACE INTO `work_info` VALUES('C00000001','70');
REPLACE INTO `work_info` VALUES('C00000002','70');
REPLACE INTO `work_info` VALUES('C00000005','70');
REPLACE INTO `work_info` VALUES('C00000014','70');
REPLACE INTO `work_info` VALUES('C00000018','70');
REPLACE INTO `work_info` VALUES('C00000021','70');
REPLACE INTO `work_info` VALUES('C00000022','70');
REPLACE INTO `work_info` VALUES('C00000027','70');
REPLACE INTO `work_info` VALUES('C00000028','70');
REPLACE INTO `work_info` VALUES('C00000034','70');
REPLACE INTO `work_info` VALUES('C00000035','70');
REPLACE INTO `work_info` VALUES('C00000043','70');
REPLACE INTO `work_info` VALUES('C00000045','70');
REPLACE INTO `work_info` VALUES('C00000046','70');
REPLACE INTO `work_info` VALUES('C00001003','70');
REPLACE INTO `work_info` VALUES('C00001006','70');
REPLACE INTO `work_info` VALUES('C00001007','70');
REPLACE INTO `work_info` VALUES('C00001008','70');
REPLACE INTO `work_info` VALUES('C00001011','70');
REPLACE INTO `work_info` VALUES('C00001013','70');
REPLACE INTO `work_info` VALUES('C00001016','70');
REPLACE INTO `work_info` VALUES('C00000008','71');
REPLACE INTO `work_info` VALUES('C00000010','71');
REPLACE INTO `work_info` VALUES('C00000011','71');
REPLACE INTO `work_info` VALUES('C00000013','71');
REPLACE INTO `work_info` VALUES('C00000017','71');
REPLACE INTO `work_info` VALUES('C00000024','71');
REPLACE INTO `work_info` VALUES('C00000029','71');
REPLACE INTO `work_info` VALUES('C00000036','71');
REPLACE INTO `work_info` VALUES('C00000039','71');
REPLACE INTO `work_info` VALUES('C00000040','71');
REPLACE INTO `work_info` VALUES('C00000042','71');
REPLACE INTO `work_info` VALUES('C00000050','71');
REPLACE INTO `work_info` VALUES('C00001009','71');
REPLACE INTO `work_info` VALUES('C00001010','71');
REPLACE INTO `work_info` VALUES('C00001014','71');
REPLACE INTO `work_info` VALUES('C00001015','71');
REPLACE INTO `work_info` VALUES('C00001017','71');
REPLACE INTO `work_info` VALUES('C00000003','72');
REPLACE INTO `work_info` VALUES('C00000004','72');
REPLACE INTO `work_info` VALUES('C00000006','72');
REPLACE INTO `work_info` VALUES('C00000007','72');
REPLACE INTO `work_info` VALUES('C00000009','72');
REPLACE INTO `work_info` VALUES('C00000012','72');
REPLACE INTO `work_info` VALUES('C00000016','72');
REPLACE INTO `work_info` VALUES('C00000025','72');
REPLACE INTO `work_info` VALUES('C00000026','72');
REPLACE INTO `work_info` VALUES('C00000031','72');
REPLACE INTO `work_info` VALUES('C00000033','72');
REPLACE INTO `work_info` VALUES('C00000041','72');
REPLACE INTO `work_info` VALUES('C00000047','72');
REPLACE INTO `work_info` VALUES('C00000048','72');
REPLACE INTO `work_info` VALUES('C00001004','72');
REPLACE INTO `work_info` VALUES('C00001018','72');
REPLACE INTO `work_info` VALUES('C00001019','72');
REPLACE INTO `work_info` VALUES('C00000015','73');
REPLACE INTO `work_info` VALUES('C00000019','73');
REPLACE INTO `work_info` VALUES('C00000020','73');
REPLACE INTO `work_info` VALUES('C00000023','73');
REPLACE INTO `work_info` VALUES('C00000030','73');
REPLACE INTO `work_info` VALUES('C00000032','73');
REPLACE INTO `work_info` VALUES('C00000037','73');
REPLACE INTO `work_info` VALUES('C00000038','73');
REPLACE INTO `work_info` VALUES('C00000044','73');
REPLACE INTO `work_info` VALUES('C00000049','73');
REPLACE INTO `work_info` VALUES('C00001002','73');
REPLACE INTO `work_info` VALUES('C00001005','73');
REPLACE INTO `work_info` VALUES('C00001020','73');
REPLACE INTO `work_info` VALUES('C00000001','74');
REPLACE INTO `work_info` VALUES('C00000002','74');
REPLACE INTO `work_info` VALUES('C00000005','74');
REPLACE INTO `work_info` VALUES('C00000014','74');
REPLACE INTO `work_info` VALUES('C00000018','74');
REPLACE INTO `work_info` VALUES('C00000021','74');
REPLACE INTO `work_info` VALUES('C00000022','74');
REPLACE INTO `work_info` VALUES('C00000027','74');
REPLACE INTO `work_info` VALUES('C00000028','74');
REPLACE INTO `work_info` VALUES('C00000034','74');
REPLACE INTO `work_info` VALUES('C00000035','74');
REPLACE INTO `work_info` VALUES('C00000043','74');
REPLACE INTO `work_info` VALUES('C00000045','74');
REPLACE INTO `work_info` VALUES('C00000046','74');
REPLACE INTO `work_info` VALUES('C00001003','74');
REPLACE INTO `work_info` VALUES('C00001006','74');
REPLACE INTO `work_info` VALUES('C00001007','74');
REPLACE INTO `work_info` VALUES('C00001008','74');
REPLACE INTO `work_info` VALUES('C00001011','74');
REPLACE INTO `work_info` VALUES('C00001013','74');
REPLACE INTO `work_info` VALUES('C00001016','74');
REPLACE INTO `work_info` VALUES('C00000008','75');
REPLACE INTO `work_info` VALUES('C00000010','75');
REPLACE INTO `work_info` VALUES('C00000011','75');
REPLACE INTO `work_info` VALUES('C00000013','75');
REPLACE INTO `work_info` VALUES('C00000017','75');
REPLACE INTO `work_info` VALUES('C00000024','75');
REPLACE INTO `work_info` VALUES('C00000029','75');
REPLACE INTO `work_info` VALUES('C00000036','75');
REPLACE INTO `work_info` VALUES('C00000039','75');
REPLACE INTO `work_info` VALUES('C00000040','75');
REPLACE INTO `work_info` VALUES('C00000042','75');
REPLACE INTO `work_info` VALUES('C00000050','75');
REPLACE INTO `work_info` VALUES('C00001009','75');
REPLACE INTO `work_info` VALUES('C00001010','75');
REPLACE INTO `work_info` VALUES('C00001014','75');
REPLACE INTO `work_info` VALUES('C00001015','75');
REPLACE INTO `work_info` VALUES('C00001017','75');
REPLACE INTO `work_info` VALUES('C00000003','76');
REPLACE INTO `work_info` VALUES('C00000004','76');
REPLACE INTO `work_info` VALUES('C00000006','76');
REPLACE INTO `work_info` VALUES('C00000007','76');
REPLACE INTO `work_info` VALUES('C00000009','76');
REPLACE INTO `work_info` VALUES('C00000012','76');
REPLACE INTO `work_info` VALUES('C00000016','76');
REPLACE INTO `work_info` VALUES('C00000025','76');
REPLACE INTO `work_info` VALUES('C00000026','76');
REPLACE INTO `work_info` VALUES('C00000031','76');
REPLACE INTO `work_info` VALUES('C00000033','76');
REPLACE INTO `work_info` VALUES('C00000041','76');
REPLACE INTO `work_info` VALUES('C00000047','76');
REPLACE INTO `work_info` VALUES('C00000048','76');
REPLACE INTO `work_info` VALUES('C00001004','76');
REPLACE INTO `work_info` VALUES('C00001018','76');
REPLACE INTO `work_info` VALUES('C00001019','76');
REPLACE INTO `work_info` VALUES('C00000015','77');
REPLACE INTO `work_info` VALUES('C00000019','77');
REPLACE INTO `work_info` VALUES('C00000020','77');
REPLACE INTO `work_info` VALUES('C00000023','77');
REPLACE INTO `work_info` VALUES('C00000030','77');
REPLACE INTO `work_info` VALUES('C00000032','77');
REPLACE INTO `work_info` VALUES('C00000037','77');
REPLACE INTO `work_info` VALUES('C00000038','77');
REPLACE INTO `work_info` VALUES('C00000044','77');
REPLACE INTO `work_info` VALUES('C00000049','77');
REPLACE INTO `work_info` VALUES('C00001002','77');
REPLACE INTO `work_info` VALUES('C00001005','77');
REPLACE INTO `work_info` VALUES('C00001020','77');
REPLACE INTO `work_info` VALUES('C00000001','78');
REPLACE INTO `work_info` VALUES('C00000002','78');
REPLACE INTO `work_info` VALUES('C00000005','78');
REPLACE INTO `work_info` VALUES('C00000014','78');
REPLACE INTO `work_info` VALUES('C00000018','78');
REPLACE INTO `work_info` VALUES('C00000021','78');
REPLACE INTO `work_info` VALUES('C00000022','78');
REPLACE INTO `work_info` VALUES('C00000027','78');
REPLACE INTO `work_info` VALUES('C00000028','78');
REPLACE INTO `work_info` VALUES('C00000034','78');
REPLACE INTO `work_info` VALUES('C00000035','78');
REPLACE INTO `work_info` VALUES('C00000043','78');
REPLACE INTO `work_info` VALUES('C00000045','78');
REPLACE INTO `work_info` VALUES('C00000046','78');
REPLACE INTO `work_info` VALUES('C00001003','78');
REPLACE INTO `work_info` VALUES('C00001006','78');
REPLACE INTO `work_info` VALUES('C00001007','78');
REPLACE INTO `work_info` VALUES('C00001008','78');
REPLACE INTO `work_info` VALUES('C00001011','78');
REPLACE INTO `work_info` VALUES('C00001013','78');
REPLACE INTO `work_info` VALUES('C00001016','78');
REPLACE INTO `work_info` VALUES('C00000008','79');
REPLACE INTO `work_info` VALUES('C00000010','79');
REPLACE INTO `work_info` VALUES('C00000011','79');
REPLACE INTO `work_info` VALUES('C00000013','79');
REPLACE INTO `work_info` VALUES('C00000017','79');
REPLACE INTO `work_info` VALUES('C00000024','79');
REPLACE INTO `work_info` VALUES('C00000029','79');
REPLACE INTO `work_info` VALUES('C00000036','79');
REPLACE INTO `work_info` VALUES('C00000039','79');
REPLACE INTO `work_info` VALUES('C00000040','79');
REPLACE INTO `work_info` VALUES('C00000042','79');
REPLACE INTO `work_info` VALUES('C00000050','79');
REPLACE INTO `work_info` VALUES('C00001009','79');
REPLACE INTO `work_info` VALUES('C00001010','79');
REPLACE INTO `work_info` VALUES('C00001014','79');
REPLACE INTO `work_info` VALUES('C00001015','79');
REPLACE INTO `work_info` VALUES('C00001017','79');
REPLACE INTO `work_info` VALUES('C00000003','80');
REPLACE INTO `work_info` VALUES('C00000004','80');
REPLACE INTO `work_info` VALUES('C00000006','80');
REPLACE INTO `work_info` VALUES('C00000007','80');
REPLACE INTO `work_info` VALUES('C00000009','80');
REPLACE INTO `work_info` VALUES('C00000012','80');
REPLACE INTO `work_info` VALUES('C00000016','80');
REPLACE INTO `work_info` VALUES('C00000025','80');
REPLACE INTO `work_info` VALUES('C00000026','80');
REPLACE INTO `work_info` VALUES('C00000031','80');
REPLACE INTO `work_info` VALUES('C00000033','80');
REPLACE INTO `work_info` VALUES('C00000041','80');
REPLACE INTO `work_info` VALUES('C00000047','80');
REPLACE INTO `work_info` VALUES('C00000048','80');
REPLACE INTO `work_info` VALUES('C00001004','80');
REPLACE INTO `work_info` VALUES('C00001018','80');
REPLACE INTO `work_info` VALUES('C00001019','80');
REPLACE INTO `work_info` VALUES('C00000015','81');
REPLACE INTO `work_info` VALUES('C00000019','81');
REPLACE INTO `work_info` VALUES('C00000020','81');
REPLACE INTO `work_info` VALUES('C00000023','81');
REPLACE INTO `work_info` VALUES('C00000030','81');
REPLACE INTO `work_info` VALUES('C00000032','81');
REPLACE INTO `work_info` VALUES('C00000037','81');
REPLACE INTO `work_info` VALUES('C00000038','81');
REPLACE INTO `work_info` VALUES('C00000044','81');
REPLACE INTO `work_info` VALUES('C00000049','81');
REPLACE INTO `work_info` VALUES('C00001002','81');
REPLACE INTO `work_info` VALUES('C00001005','81');
REPLACE INTO `work_info` VALUES('C00001020','81');
REPLACE INTO `work_info` VALUES('C00000001','82');
REPLACE INTO `work_info` VALUES('C00000002','82');
REPLACE INTO `work_info` VALUES('C00000005','82');
REPLACE INTO `work_info` VALUES('C00000014','82');
REPLACE INTO `work_info` VALUES('C00000018','82');
REPLACE INTO `work_info` VALUES('C00000021','82');
REPLACE INTO `work_info` VALUES('C00000022','82');
REPLACE INTO `work_info` VALUES('C00000027','82');
REPLACE INTO `work_info` VALUES('C00000028','82');
REPLACE INTO `work_info` VALUES('C00000034','82');
REPLACE INTO `work_info` VALUES('C00000035','82');
REPLACE INTO `work_info` VALUES('C00000043','82');
REPLACE INTO `work_info` VALUES('C00000045','82');
REPLACE INTO `work_info` VALUES('C00000046','82');
REPLACE INTO `work_info` VALUES('C00001003','82');
REPLACE INTO `work_info` VALUES('C00001006','82');
REPLACE INTO `work_info` VALUES('C00001007','82');
REPLACE INTO `work_info` VALUES('C00001008','82');
REPLACE INTO `work_info` VALUES('C00001011','82');
REPLACE INTO `work_info` VALUES('C00001013','82');
REPLACE INTO `work_info` VALUES('C00001016','82');
REPLACE INTO `work_info` VALUES('C00000008','83');
REPLACE INTO `work_info` VALUES('C00000010','83');
REPLACE INTO `work_info` VALUES('C00000011','83');
REPLACE INTO `work_info` VALUES('C00000013','83');
REPLACE INTO `work_info` VALUES('C00000017','83');
REPLACE INTO `work_info` VALUES('C00000024','83');
REPLACE INTO `work_info` VALUES('C00000029','83');
REPLACE INTO `work_info` VALUES('C00000036','83');
REPLACE INTO `work_info` VALUES('C00000039','83');
REPLACE INTO `work_info` VALUES('C00000040','83');
REPLACE INTO `work_info` VALUES('C00000042','83');
REPLACE INTO `work_info` VALUES('C00000050','83');
REPLACE INTO `work_info` VALUES('C00001009','83');
REPLACE INTO `work_info` VALUES('C00001010','83');
REPLACE INTO `work_info` VALUES('C00001014','83');
REPLACE INTO `work_info` VALUES('C00001015','83');
REPLACE INTO `work_info` VALUES('C00001017','83');
REPLACE INTO `work_info` VALUES('C00000003','84');
REPLACE INTO `work_info` VALUES('C00000004','84');
REPLACE INTO `work_info` VALUES('C00000006','84');
REPLACE INTO `work_info` VALUES('C00000007','84');
REPLACE INTO `work_info` VALUES('C00000009','84');
REPLACE INTO `work_info` VALUES('C00000012','84');
REPLACE INTO `work_info` VALUES('C00000016','84');
REPLACE INTO `work_info` VALUES('C00000025','84');
REPLACE INTO `work_info` VALUES('C00000026','84');
REPLACE INTO `work_info` VALUES('C00000031','84');
REPLACE INTO `work_info` VALUES('C00000033','84');
REPLACE INTO `work_info` VALUES('C00000041','84');
REPLACE INTO `work_info` VALUES('C00000047','84');
REPLACE INTO `work_info` VALUES('C00000048','84');
REPLACE INTO `work_info` VALUES('C00001004','84');
REPLACE INTO `work_info` VALUES('C00001018','84');
REPLACE INTO `work_info` VALUES('C00001019','84');
REPLACE INTO `work_info` VALUES('C00000015','85');
REPLACE INTO `work_info` VALUES('C00000019','85');
REPLACE INTO `work_info` VALUES('C00000020','85');
REPLACE INTO `work_info` VALUES('C00000023','85');
REPLACE INTO `work_info` VALUES('C00000030','85');
REPLACE INTO `work_info` VALUES('C00000032','85');
REPLACE INTO `work_info` VALUES('C00000037','85');
REPLACE INTO `work_info` VALUES('C00000038','85');
REPLACE INTO `work_info` VALUES('C00000044','85');
REPLACE INTO `work_info` VALUES('C00000049','85');
REPLACE INTO `work_info` VALUES('C00001002','85');
REPLACE INTO `work_info` VALUES('C00001005','85');
REPLACE INTO `work_info` VALUES('C00001020','85');
REPLACE INTO `work_info` VALUES('C00000001','86');
REPLACE INTO `work_info` VALUES('C00000002','86');
REPLACE INTO `work_info` VALUES('C00000005','86');
REPLACE INTO `work_info` VALUES('C00000014','86');
REPLACE INTO `work_info` VALUES('C00000018','86');
REPLACE INTO `work_info` VALUES('C00000021','86');
REPLACE INTO `work_info` VALUES('C00000022','86');
REPLACE INTO `work_info` VALUES('C00000027','86');
REPLACE INTO `work_info` VALUES('C00000028','86');
REPLACE INTO `work_info` VALUES('C00000034','86');
REPLACE INTO `work_info` VALUES('C00000035','86');
REPLACE INTO `work_info` VALUES('C00000043','86');
REPLACE INTO `work_info` VALUES('C00000045','86');
REPLACE INTO `work_info` VALUES('C00000046','86');
REPLACE INTO `work_info` VALUES('C00001003','86');
REPLACE INTO `work_info` VALUES('C00001006','86');
REPLACE INTO `work_info` VALUES('C00001007','86');
REPLACE INTO `work_info` VALUES('C00001008','86');
REPLACE INTO `work_info` VALUES('C00001011','86');
REPLACE INTO `work_info` VALUES('C00001013','86');
REPLACE INTO `work_info` VALUES('C00001016','86');
REPLACE INTO `work_info` VALUES('C00000008','87');
REPLACE INTO `work_info` VALUES('C00000010','87');
REPLACE INTO `work_info` VALUES('C00000011','87');
REPLACE INTO `work_info` VALUES('C00000013','87');
REPLACE INTO `work_info` VALUES('C00000017','87');
REPLACE INTO `work_info` VALUES('C00000024','87');
REPLACE INTO `work_info` VALUES('C00000029','87');
REPLACE INTO `work_info` VALUES('C00000036','87');
REPLACE INTO `work_info` VALUES('C00000039','87');
REPLACE INTO `work_info` VALUES('C00000040','87');
REPLACE INTO `work_info` VALUES('C00000042','87');
REPLACE INTO `work_info` VALUES('C00000050','87');
REPLACE INTO `work_info` VALUES('C00001009','87');
REPLACE INTO `work_info` VALUES('C00001010','87');
REPLACE INTO `work_info` VALUES('C00001014','87');
REPLACE INTO `work_info` VALUES('C00001015','87');
REPLACE INTO `work_info` VALUES('C00001017','87');
REPLACE INTO `work_info` VALUES('C00000003','88');
REPLACE INTO `work_info` VALUES('C00000004','88');
REPLACE INTO `work_info` VALUES('C00000006','88');
REPLACE INTO `work_info` VALUES('C00000007','88');
REPLACE INTO `work_info` VALUES('C00000009','88');
REPLACE INTO `work_info` VALUES('C00000012','88');
REPLACE INTO `work_info` VALUES('C00000016','88');
REPLACE INTO `work_info` VALUES('C00000025','88');
REPLACE INTO `work_info` VALUES('C00000026','88');
REPLACE INTO `work_info` VALUES('C00000031','88');
REPLACE INTO `work_info` VALUES('C00000033','88');
REPLACE INTO `work_info` VALUES('C00000041','88');
REPLACE INTO `work_info` VALUES('C00000047','88');
REPLACE INTO `work_info` VALUES('C00000048','88');
REPLACE INTO `work_info` VALUES('C00001004','88');
REPLACE INTO `work_info` VALUES('C00001018','88');
REPLACE INTO `work_info` VALUES('C00001019','88');
REPLACE INTO `work_info` VALUES('C00000015','89');
REPLACE INTO `work_info` VALUES('C00000019','89');
REPLACE INTO `work_info` VALUES('C00000020','89');
REPLACE INTO `work_info` VALUES('C00000023','89');
REPLACE INTO `work_info` VALUES('C00000030','89');
REPLACE INTO `work_info` VALUES('C00000032','89');
REPLACE INTO `work_info` VALUES('C00000037','89');
REPLACE INTO `work_info` VALUES('C00000038','89');
REPLACE INTO `work_info` VALUES('C00000044','89');
REPLACE INTO `work_info` VALUES('C00000049','89');
REPLACE INTO `work_info` VALUES('C00001002','89');
REPLACE INTO `work_info` VALUES('C00001005','89');
REPLACE INTO `work_info` VALUES('C00001020','89');
REPLACE INTO `work_info` VALUES('C00000001','90');
REPLACE INTO `work_info` VALUES('C00000002','90');
REPLACE INTO `work_info` VALUES('C00000005','90');
REPLACE INTO `work_info` VALUES('C00000014','90');
REPLACE INTO `work_info` VALUES('C00000018','90');
REPLACE INTO `work_info` VALUES('C00000021','90');
REPLACE INTO `work_info` VALUES('C00000022','90');
REPLACE INTO `work_info` VALUES('C00000027','90');
REPLACE INTO `work_info` VALUES('C00000028','90');
REPLACE INTO `work_info` VALUES('C00000034','90');
REPLACE INTO `work_info` VALUES('C00000035','90');
REPLACE INTO `work_info` VALUES('C00000043','90');
REPLACE INTO `work_info` VALUES('C00000045','90');
REPLACE INTO `work_info` VALUES('C00000046','90');
REPLACE INTO `work_info` VALUES('C00001003','90');
REPLACE INTO `work_info` VALUES('C00001006','90');
REPLACE INTO `work_info` VALUES('C00001007','90');
REPLACE INTO `work_info` VALUES('C00001008','90');
REPLACE INTO `work_info` VALUES('C00001011','90');
REPLACE INTO `work_info` VALUES('C00001013','90');
REPLACE INTO `work_info` VALUES('C00001016','90');
REPLACE INTO `work_info` VALUES('C00000008','91');
REPLACE INTO `work_info` VALUES('C00000010','91');
REPLACE INTO `work_info` VALUES('C00000011','91');
REPLACE INTO `work_info` VALUES('C00000013','91');
REPLACE INTO `work_info` VALUES('C00000017','91');
REPLACE INTO `work_info` VALUES('C00000024','91');
REPLACE INTO `work_info` VALUES('C00000029','91');
REPLACE INTO `work_info` VALUES('C00000036','91');
REPLACE INTO `work_info` VALUES('C00000039','91');
REPLACE INTO `work_info` VALUES('C00000040','91');
REPLACE INTO `work_info` VALUES('C00000042','91');
REPLACE INTO `work_info` VALUES('C00000050','91');
REPLACE INTO `work_info` VALUES('C00001009','91');
REPLACE INTO `work_info` VALUES('C00001010','91');
REPLACE INTO `work_info` VALUES('C00001014','91');
REPLACE INTO `work_info` VALUES('C00001015','91');
REPLACE INTO `work_info` VALUES('C00001017','91');
REPLACE INTO `work_info` VALUES('C00000003','92');
REPLACE INTO `work_info` VALUES('C00000004','92');
REPLACE INTO `work_info` VALUES('C00000006','92');
REPLACE INTO `work_info` VALUES('C00000007','92');
REPLACE INTO `work_info` VALUES('C00000009','92');
REPLACE INTO `work_info` VALUES('C00000012','92');
REPLACE INTO `work_info` VALUES('C00000016','92');
REPLACE INTO `work_info` VALUES('C00000025','92');
REPLACE INTO `work_info` VALUES('C00000026','92');
REPLACE INTO `work_info` VALUES('C00000031','92');
REPLACE INTO `work_info` VALUES('C00000033','92');
REPLACE INTO `work_info` VALUES('C00000041','92');
REPLACE INTO `work_info` VALUES('C00000047','92');
REPLACE INTO `work_info` VALUES('C00000048','92');
REPLACE INTO `work_info` VALUES('C00001004','92');
REPLACE INTO `work_info` VALUES('C00001018','92');
REPLACE INTO `work_info` VALUES('C00001019','92');
REPLACE INTO `work_info` VALUES('C00000015','93');
REPLACE INTO `work_info` VALUES('C00000019','93');
REPLACE INTO `work_info` VALUES('C00000020','93');
REPLACE INTO `work_info` VALUES('C00000023','93');
REPLACE INTO `work_info` VALUES('C00000030','93');
REPLACE INTO `work_info` VALUES('C00000032','93');
REPLACE INTO `work_info` VALUES('C00000037','93');
REPLACE INTO `work_info` VALUES('C00000038','93');
REPLACE INTO `work_info` VALUES('C00000044','93');
REPLACE INTO `work_info` VALUES('C00000049','93');
REPLACE INTO `work_info` VALUES('C00001002','93');
REPLACE INTO `work_info` VALUES('C00001005','93');
REPLACE INTO `work_info` VALUES('C00001020','93');
REPLACE INTO `work_info` VALUES('C00000001','94');
REPLACE INTO `work_info` VALUES('C00000002','94');
REPLACE INTO `work_info` VALUES('C00000005','94');
REPLACE INTO `work_info` VALUES('C00000014','94');
REPLACE INTO `work_info` VALUES('C00000018','94');
REPLACE INTO `work_info` VALUES('C00000021','94');
REPLACE INTO `work_info` VALUES('C00000022','94');
REPLACE INTO `work_info` VALUES('C00000027','94');
REPLACE INTO `work_info` VALUES('C00000028','94');
REPLACE INTO `work_info` VALUES('C00000034','94');
REPLACE INTO `work_info` VALUES('C00000035','94');
REPLACE INTO `work_info` VALUES('C00000043','94');
REPLACE INTO `work_info` VALUES('C00000045','94');
REPLACE INTO `work_info` VALUES('C00000046','94');
REPLACE INTO `work_info` VALUES('C00001003','94');
REPLACE INTO `work_info` VALUES('C00001006','94');
REPLACE INTO `work_info` VALUES('C00001007','94');
REPLACE INTO `work_info` VALUES('C00001008','94');
REPLACE INTO `work_info` VALUES('C00001011','94');
REPLACE INTO `work_info` VALUES('C00001013','94');
REPLACE INTO `work_info` VALUES('C00001016','94');
REPLACE INTO `work_info` VALUES('C00000008','95');
REPLACE INTO `work_info` VALUES('C00000010','95');
REPLACE INTO `work_info` VALUES('C00000011','95');
REPLACE INTO `work_info` VALUES('C00000013','95');
REPLACE INTO `work_info` VALUES('C00000017','95');
REPLACE INTO `work_info` VALUES('C00000024','95');
REPLACE INTO `work_info` VALUES('C00000029','95');
REPLACE INTO `work_info` VALUES('C00000036','95');
REPLACE INTO `work_info` VALUES('C00000039','95');
REPLACE INTO `work_info` VALUES('C00000040','95');
REPLACE INTO `work_info` VALUES('C00000042','95');
REPLACE INTO `work_info` VALUES('C00000050','95');
REPLACE INTO `work_info` VALUES('C00001009','95');
REPLACE INTO `work_info` VALUES('C00001010','95');
REPLACE INTO `work_info` VALUES('C00001014','95');
REPLACE INTO `work_info` VALUES('C00001015','95');
REPLACE INTO `work_info` VALUES('C00001017','95');
REPLACE INTO `work_info` VALUES('C00000003','96');
REPLACE INTO `work_info` VALUES('C00000004','96');
REPLACE INTO `work_info` VALUES('C00000006','96');
REPLACE INTO `work_info` VALUES('C00000007','96');
REPLACE INTO `work_info` VALUES('C00000009','96');
REPLACE INTO `work_info` VALUES('C00000012','96');
REPLACE INTO `work_info` VALUES('C00000016','96');
REPLACE INTO `work_info` VALUES('C00000025','96');
REPLACE INTO `work_info` VALUES('C00000026','96');
REPLACE INTO `work_info` VALUES('C00000031','96');
REPLACE INTO `work_info` VALUES('C00000033','96');
REPLACE INTO `work_info` VALUES('C00000041','96');
REPLACE INTO `work_info` VALUES('C00000047','96');
REPLACE INTO `work_info` VALUES('C00000048','96');
REPLACE INTO `work_info` VALUES('C00001004','96');
REPLACE INTO `work_info` VALUES('C00001018','96');
REPLACE INTO `work_info` VALUES('C00001019','96');
REPLACE INTO `work_info` VALUES('C00000015','97');
REPLACE INTO `work_info` VALUES('C00000019','97');
REPLACE INTO `work_info` VALUES('C00000020','97');
REPLACE INTO `work_info` VALUES('C00000023','97');
REPLACE INTO `work_info` VALUES('C00000030','97');
REPLACE INTO `work_info` VALUES('C00000032','97');
REPLACE INTO `work_info` VALUES('C00000037','97');
REPLACE INTO `work_info` VALUES('C00000038','97');
REPLACE INTO `work_info` VALUES('C00000044','97');
REPLACE INTO `work_info` VALUES('C00000049','97');
REPLACE INTO `work_info` VALUES('C00001002','97');
REPLACE INTO `work_info` VALUES('C00001005','97');
REPLACE INTO `work_info` VALUES('C00001020','97');
REPLACE INTO `work_info` VALUES('C00000001','98');
REPLACE INTO `work_info` VALUES('C00000002','98');
REPLACE INTO `work_info` VALUES('C00000005','98');
REPLACE INTO `work_info` VALUES('C00000014','98');
REPLACE INTO `work_info` VALUES('C00000018','98');
REPLACE INTO `work_info` VALUES('C00000021','98');
REPLACE INTO `work_info` VALUES('C00000022','98');
REPLACE INTO `work_info` VALUES('C00000027','98');
REPLACE INTO `work_info` VALUES('C00000028','98');
REPLACE INTO `work_info` VALUES('C00000034','98');
REPLACE INTO `work_info` VALUES('C00000035','98');
REPLACE INTO `work_info` VALUES('C00000043','98');
REPLACE INTO `work_info` VALUES('C00000045','98');
REPLACE INTO `work_info` VALUES('C00000046','98');
REPLACE INTO `work_info` VALUES('C00001003','98');
REPLACE INTO `work_info` VALUES('C00001006','98');
REPLACE INTO `work_info` VALUES('C00001007','98');
REPLACE INTO `work_info` VALUES('C00001008','98');
REPLACE INTO `work_info` VALUES('C00001011','98');
REPLACE INTO `work_info` VALUES('C00001013','98');
REPLACE INTO `work_info` VALUES('C00001016','98');
REPLACE INTO `work_info` VALUES('C00000008','99');
REPLACE INTO `work_info` VALUES('C00000010','99');
REPLACE INTO `work_info` VALUES('C00000011','99');
REPLACE INTO `work_info` VALUES('C00000013','99');
REPLACE INTO `work_info` VALUES('C00000017','99');
REPLACE INTO `work_info` VALUES('C00000024','99');
REPLACE INTO `work_info` VALUES('C00000029','99');
REPLACE INTO `work_info` VALUES('C00000036','99');
REPLACE INTO `work_info` VALUES('C00000039','99');
REPLACE INTO `work_info` VALUES('C00000040','99');
REPLACE INTO `work_info` VALUES('C00000042','99');
REPLACE INTO `work_info` VALUES('C00000050','99');
REPLACE INTO `work_info` VALUES('C00001009','99');
REPLACE INTO `work_info` VALUES('C00001010','99');
REPLACE INTO `work_info` VALUES('C00001014','99');
REPLACE INTO `work_info` VALUES('C00001015','99');
REPLACE INTO `work_info` VALUES('C00001017','99');
REPLACE INTO `work_info` VALUES('C00000003','100');
REPLACE INTO `work_info` VALUES('C00000004','100');
REPLACE INTO `work_info` VALUES('C00000006','100');
REPLACE INTO `work_info` VALUES('C00000007','100');
REPLACE INTO `work_info` VALUES('C00000009','100');
REPLACE INTO `work_info` VALUES('C00000012','100');
REPLACE INTO `work_info` VALUES('C00000016','100');
REPLACE INTO `work_info` VALUES('C00000025','100');
REPLACE INTO `work_info` VALUES('C00000026','100');
REPLACE INTO `work_info` VALUES('C00000031','100');
REPLACE INTO `work_info` VALUES('C00000033','100');
REPLACE INTO `work_info` VALUES('C00000041','100');
REPLACE INTO `work_info` VALUES('C00000047','100');
REPLACE INTO `work_info` VALUES('C00000048','100');
REPLACE INTO `work_info` VALUES('C00001004','100');
REPLACE INTO `work_info` VALUES('C00001018','100');
REPLACE INTO `work_info` VALUES('C00001019','100');
REPLACE INTO `work_info` VALUES('C00000015','101');
REPLACE INTO `work_info` VALUES('C00000019','101');
REPLACE INTO `work_info` VALUES('C00000020','101');
REPLACE INTO `work_info` VALUES('C00000023','101');
REPLACE INTO `work_info` VALUES('C00000030','101');
REPLACE INTO `work_info` VALUES('C00000032','101');
REPLACE INTO `work_info` VALUES('C00000037','101');
REPLACE INTO `work_info` VALUES('C00000038','101');
REPLACE INTO `work_info` VALUES('C00000044','101');
REPLACE INTO `work_info` VALUES('C00000049','101');
REPLACE INTO `work_info` VALUES('C00001002','101');
REPLACE INTO `work_info` VALUES('C00001005','101');
REPLACE INTO `work_info` VALUES('C00001020','101');
REPLACE INTO `work_info` VALUES('C00000001','102');
REPLACE INTO `work_info` VALUES('C00000002','102');
REPLACE INTO `work_info` VALUES('C00000005','102');
REPLACE INTO `work_info` VALUES('C00000014','102');
REPLACE INTO `work_info` VALUES('C00000018','102');
REPLACE INTO `work_info` VALUES('C00000021','102');
REPLACE INTO `work_info` VALUES('C00000022','102');
REPLACE INTO `work_info` VALUES('C00000027','102');
REPLACE INTO `work_info` VALUES('C00000028','102');
REPLACE INTO `work_info` VALUES('C00000034','102');
REPLACE INTO `work_info` VALUES('C00000035','102');
REPLACE INTO `work_info` VALUES('C00000043','102');
REPLACE INTO `work_info` VALUES('C00000045','102');
REPLACE INTO `work_info` VALUES('C00000046','102');
REPLACE INTO `work_info` VALUES('C00001003','102');
REPLACE INTO `work_info` VALUES('C00001006','102');
REPLACE INTO `work_info` VALUES('C00001007','102');
REPLACE INTO `work_info` VALUES('C00001008','102');
REPLACE INTO `work_info` VALUES('C00001011','102');
REPLACE INTO `work_info` VALUES('C00001013','102');
REPLACE INTO `work_info` VALUES('C00001016','102');
REPLACE INTO `work_info` VALUES('C00000008','103');
REPLACE INTO `work_info` VALUES('C00000010','103');
REPLACE INTO `work_info` VALUES('C00000011','103');
REPLACE INTO `work_info` VALUES('C00000013','103');
REPLACE INTO `work_info` VALUES('C00000017','103');
REPLACE INTO `work_info` VALUES('C00000024','103');
REPLACE INTO `work_info` VALUES('C00000029','103');
REPLACE INTO `work_info` VALUES('C00000036','103');
REPLACE INTO `work_info` VALUES('C00000039','103');
REPLACE INTO `work_info` VALUES('C00000040','103');
REPLACE INTO `work_info` VALUES('C00000042','103');
REPLACE INTO `work_info` VALUES('C00000050','103');
REPLACE INTO `work_info` VALUES('C00001009','103');
REPLACE INTO `work_info` VALUES('C00001010','103');
REPLACE INTO `work_info` VALUES('C00001014','103');
REPLACE INTO `work_info` VALUES('C00001015','103');
REPLACE INTO `work_info` VALUES('C00001017','103');
REPLACE INTO `work_info` VALUES('C00000003','104');
REPLACE INTO `work_info` VALUES('C00000004','104');
REPLACE INTO `work_info` VALUES('C00000006','104');
REPLACE INTO `work_info` VALUES('C00000007','104');
REPLACE INTO `work_info` VALUES('C00000009','104');
REPLACE INTO `work_info` VALUES('C00000012','104');
REPLACE INTO `work_info` VALUES('C00000016','104');
REPLACE INTO `work_info` VALUES('C00000025','104');
REPLACE INTO `work_info` VALUES('C00000026','104');
REPLACE INTO `work_info` VALUES('C00000031','104');
REPLACE INTO `work_info` VALUES('C00000033','104');
REPLACE INTO `work_info` VALUES('C00000041','104');
REPLACE INTO `work_info` VALUES('C00000047','104');
REPLACE INTO `work_info` VALUES('C00000048','104');
REPLACE INTO `work_info` VALUES('C00001004','104');
REPLACE INTO `work_info` VALUES('C00001018','104');
REPLACE INTO `work_info` VALUES('C00001019','104');
REPLACE INTO `work_info` VALUES('C00000015','105');
REPLACE INTO `work_info` VALUES('C00000019','105');
REPLACE INTO `work_info` VALUES('C00000020','105');
REPLACE INTO `work_info` VALUES('C00000023','105');
REPLACE INTO `work_info` VALUES('C00000030','105');
REPLACE INTO `work_info` VALUES('C00000032','105');
REPLACE INTO `work_info` VALUES('C00000037','105');
REPLACE INTO `work_info` VALUES('C00000038','105');
REPLACE INTO `work_info` VALUES('C00000044','105');
REPLACE INTO `work_info` VALUES('C00000049','105');
REPLACE INTO `work_info` VALUES('C00001002','105');
REPLACE INTO `work_info` VALUES('C00001005','105');
REPLACE INTO `work_info` VALUES('C00001020','105');
REPLACE INTO `work_info` VALUES('C00000001','106');
REPLACE INTO `work_info` VALUES('C00000002','106');
REPLACE INTO `work_info` VALUES('C00000005','106');
REPLACE INTO `work_info` VALUES('C00000014','106');
REPLACE INTO `work_info` VALUES('C00000018','106');
REPLACE INTO `work_info` VALUES('C00000021','106');
REPLACE INTO `work_info` VALUES('C00000022','106');
REPLACE INTO `work_info` VALUES('C00000027','106');
REPLACE INTO `work_info` VALUES('C00000028','106');
REPLACE INTO `work_info` VALUES('C00000034','106');
REPLACE INTO `work_info` VALUES('C00000035','106');
REPLACE INTO `work_info` VALUES('C00000043','106');
REPLACE INTO `work_info` VALUES('C00000045','106');
REPLACE INTO `work_info` VALUES('C00000046','106');
REPLACE INTO `work_info` VALUES('C00001003','106');
REPLACE INTO `work_info` VALUES('C00001006','106');
REPLACE INTO `work_info` VALUES('C00001007','106');
REPLACE INTO `work_info` VALUES('C00001008','106');
REPLACE INTO `work_info` VALUES('C00001011','106');
REPLACE INTO `work_info` VALUES('C00001013','106');
REPLACE INTO `work_info` VALUES('C00001016','106');
REPLACE INTO `work_info` VALUES('C00000008','107');
REPLACE INTO `work_info` VALUES('C00000010','107');
REPLACE INTO `work_info` VALUES('C00000011','107');
REPLACE INTO `work_info` VALUES('C00000013','107');
REPLACE INTO `work_info` VALUES('C00000017','107');
REPLACE INTO `work_info` VALUES('C00000024','107');
REPLACE INTO `work_info` VALUES('C00000029','107');
REPLACE INTO `work_info` VALUES('C00000036','107');
REPLACE INTO `work_info` VALUES('C00000039','107');
REPLACE INTO `work_info` VALUES('C00000040','107');
REPLACE INTO `work_info` VALUES('C00000042','107');
REPLACE INTO `work_info` VALUES('C00000050','107');
REPLACE INTO `work_info` VALUES('C00001009','107');
REPLACE INTO `work_info` VALUES('C00001010','107');
REPLACE INTO `work_info` VALUES('C00001014','107');
REPLACE INTO `work_info` VALUES('C00001015','107');
REPLACE INTO `work_info` VALUES('C00001017','107');
REPLACE INTO `work_info` VALUES('C00000003','108');
REPLACE INTO `work_info` VALUES('C00000004','108');
REPLACE INTO `work_info` VALUES('C00000006','108');
REPLACE INTO `work_info` VALUES('C00000007','108');
REPLACE INTO `work_info` VALUES('C00000009','108');
REPLACE INTO `work_info` VALUES('C00000012','108');
REPLACE INTO `work_info` VALUES('C00000016','108');
REPLACE INTO `work_info` VALUES('C00000025','108');
REPLACE INTO `work_info` VALUES('C00000026','108');
REPLACE INTO `work_info` VALUES('C00000031','108');
REPLACE INTO `work_info` VALUES('C00000033','108');
REPLACE INTO `work_info` VALUES('C00000041','108');
REPLACE INTO `work_info` VALUES('C00000047','108');
REPLACE INTO `work_info` VALUES('C00000048','108');
REPLACE INTO `work_info` VALUES('C00001004','108');
REPLACE INTO `work_info` VALUES('C00001018','108');
REPLACE INTO `work_info` VALUES('C00001019','108');
REPLACE INTO `work_info` VALUES('C00000015','109');
REPLACE INTO `work_info` VALUES('C00000019','109');
REPLACE INTO `work_info` VALUES('C00000020','109');
REPLACE INTO `work_info` VALUES('C00000023','109');
REPLACE INTO `work_info` VALUES('C00000030','109');
REPLACE INTO `work_info` VALUES('C00000032','109');
REPLACE INTO `work_info` VALUES('C00000037','109');
REPLACE INTO `work_info` VALUES('C00000038','109');
REPLACE INTO `work_info` VALUES('C00000044','109');
REPLACE INTO `work_info` VALUES('C00000049','109');
REPLACE INTO `work_info` VALUES('C00001002','109');
REPLACE INTO `work_info` VALUES('C00001005','109');
REPLACE INTO `work_info` VALUES('C00001020','109');
REPLACE INTO `work_info` VALUES('C00000001','110');
REPLACE INTO `work_info` VALUES('C00000002','110');
REPLACE INTO `work_info` VALUES('C00000005','110');
REPLACE INTO `work_info` VALUES('C00000014','110');
REPLACE INTO `work_info` VALUES('C00000018','110');
REPLACE INTO `work_info` VALUES('C00000021','110');
REPLACE INTO `work_info` VALUES('C00000022','110');
REPLACE INTO `work_info` VALUES('C00000027','110');
REPLACE INTO `work_info` VALUES('C00000028','110');
REPLACE INTO `work_info` VALUES('C00000034','110');
REPLACE INTO `work_info` VALUES('C00000035','110');
REPLACE INTO `work_info` VALUES('C00000043','110');
REPLACE INTO `work_info` VALUES('C00000045','110');
REPLACE INTO `work_info` VALUES('C00000046','110');
REPLACE INTO `work_info` VALUES('C00001003','110');
REPLACE INTO `work_info` VALUES('C00001006','110');
REPLACE INTO `work_info` VALUES('C00001007','110');
REPLACE INTO `work_info` VALUES('C00001008','110');
REPLACE INTO `work_info` VALUES('C00001011','110');
REPLACE INTO `work_info` VALUES('C00001013','110');
REPLACE INTO `work_info` VALUES('C00001016','110');
REPLACE INTO `work_info` VALUES('C00000008','111');
REPLACE INTO `work_info` VALUES('C00000010','111');
REPLACE INTO `work_info` VALUES('C00000011','111');
REPLACE INTO `work_info` VALUES('C00000013','111');
REPLACE INTO `work_info` VALUES('C00000017','111');
REPLACE INTO `work_info` VALUES('C00000024','111');
REPLACE INTO `work_info` VALUES('C00000029','111');
REPLACE INTO `work_info` VALUES('C00000036','111');
REPLACE INTO `work_info` VALUES('C00000039','111');
REPLACE INTO `work_info` VALUES('C00000040','111');
REPLACE INTO `work_info` VALUES('C00000042','111');
REPLACE INTO `work_info` VALUES('C00000050','111');
REPLACE INTO `work_info` VALUES('C00001009','111');
REPLACE INTO `work_info` VALUES('C00001010','111');
REPLACE INTO `work_info` VALUES('C00001014','111');
REPLACE INTO `work_info` VALUES('C00001015','111');
REPLACE INTO `work_info` VALUES('C00001017','111');
REPLACE INTO `work_info` VALUES('C00000003','112');
REPLACE INTO `work_info` VALUES('C00000004','112');
REPLACE INTO `work_info` VALUES('C00000006','112');
REPLACE INTO `work_info` VALUES('C00000007','112');
REPLACE INTO `work_info` VALUES('C00000009','112');
REPLACE INTO `work_info` VALUES('C00000012','112');
REPLACE INTO `work_info` VALUES('C00000016','112');
REPLACE INTO `work_info` VALUES('C00000025','112');
REPLACE INTO `work_info` VALUES('C00000026','112');
REPLACE INTO `work_info` VALUES('C00000031','112');
REPLACE INTO `work_info` VALUES('C00000033','112');
REPLACE INTO `work_info` VALUES('C00000041','112');
REPLACE INTO `work_info` VALUES('C00000047','112');
REPLACE INTO `work_info` VALUES('C00000048','112');
REPLACE INTO `work_info` VALUES('C00001004','112');
REPLACE INTO `work_info` VALUES('C00001018','112');
REPLACE INTO `work_info` VALUES('C00001019','112');
REPLACE INTO `work_info` VALUES('C00000015','113');
REPLACE INTO `work_info` VALUES('C00000019','113');
REPLACE INTO `work_info` VALUES('C00000020','113');
REPLACE INTO `work_info` VALUES('C00000023','113');
REPLACE INTO `work_info` VALUES('C00000030','113');
REPLACE INTO `work_info` VALUES('C00000032','113');
REPLACE INTO `work_info` VALUES('C00000037','113');
REPLACE INTO `work_info` VALUES('C00000038','113');
REPLACE INTO `work_info` VALUES('C00000044','113');
REPLACE INTO `work_info` VALUES('C00000049','113');
REPLACE INTO `work_info` VALUES('C00001002','113');
REPLACE INTO `work_info` VALUES('C00001005','113');
REPLACE INTO `work_info` VALUES('C00001020','113');
REPLACE INTO `work_info` VALUES('C00000001','114');
REPLACE INTO `work_info` VALUES('C00000002','114');
REPLACE INTO `work_info` VALUES('C00000005','114');
REPLACE INTO `work_info` VALUES('C00000014','114');
REPLACE INTO `work_info` VALUES('C00000018','114');
REPLACE INTO `work_info` VALUES('C00000021','114');
REPLACE INTO `work_info` VALUES('C00000022','114');
REPLACE INTO `work_info` VALUES('C00000027','114');
REPLACE INTO `work_info` VALUES('C00000028','114');
REPLACE INTO `work_info` VALUES('C00000034','114');
REPLACE INTO `work_info` VALUES('C00000035','114');
REPLACE INTO `work_info` VALUES('C00000043','114');
REPLACE INTO `work_info` VALUES('C00000045','114');
REPLACE INTO `work_info` VALUES('C00000046','114');
REPLACE INTO `work_info` VALUES('C00001003','114');
REPLACE INTO `work_info` VALUES('C00001006','114');
REPLACE INTO `work_info` VALUES('C00001007','114');
REPLACE INTO `work_info` VALUES('C00001008','114');
REPLACE INTO `work_info` VALUES('C00001011','114');
REPLACE INTO `work_info` VALUES('C00001013','114');
REPLACE INTO `work_info` VALUES('C00001016','114');
REPLACE INTO `work_info` VALUES('C00000008','115');
REPLACE INTO `work_info` VALUES('C00000010','115');
REPLACE INTO `work_info` VALUES('C00000011','115');
REPLACE INTO `work_info` VALUES('C00000013','115');
REPLACE INTO `work_info` VALUES('C00000017','115');
REPLACE INTO `work_info` VALUES('C00000024','115');
REPLACE INTO `work_info` VALUES('C00000029','115');
REPLACE INTO `work_info` VALUES('C00000036','115');
REPLACE INTO `work_info` VALUES('C00000039','115');
REPLACE INTO `work_info` VALUES('C00000040','115');
REPLACE INTO `work_info` VALUES('C00000042','115');
REPLACE INTO `work_info` VALUES('C00000050','115');
REPLACE INTO `work_info` VALUES('C00001009','115');
REPLACE INTO `work_info` VALUES('C00001010','115');
REPLACE INTO `work_info` VALUES('C00001014','115');
REPLACE INTO `work_info` VALUES('C00001015','115');
REPLACE INTO `work_info` VALUES('C00001017','115');
REPLACE INTO `work_info` VALUES('C00000003','116');
REPLACE INTO `work_info` VALUES('C00000004','116');
REPLACE INTO `work_info` VALUES('C00000006','116');
REPLACE INTO `work_info` VALUES('C00000007','116');
REPLACE INTO `work_info` VALUES('C00000009','116');
REPLACE INTO `work_info` VALUES('C00000012','116');
REPLACE INTO `work_info` VALUES('C00000016','116');
REPLACE INTO `work_info` VALUES('C00000025','116');
REPLACE INTO `work_info` VALUES('C00000026','116');
REPLACE INTO `work_info` VALUES('C00000031','116');
REPLACE INTO `work_info` VALUES('C00000033','116');
REPLACE INTO `work_info` VALUES('C00000041','116');
REPLACE INTO `work_info` VALUES('C00000047','116');
REPLACE INTO `work_info` VALUES('C00000048','116');
REPLACE INTO `work_info` VALUES('C00001004','116');
REPLACE INTO `work_info` VALUES('C00001018','116');
REPLACE INTO `work_info` VALUES('C00001019','116');
REPLACE INTO `work_info` VALUES('C00000015','117');
REPLACE INTO `work_info` VALUES('C00000019','117');
REPLACE INTO `work_info` VALUES('C00000020','117');
REPLACE INTO `work_info` VALUES('C00000023','117');
REPLACE INTO `work_info` VALUES('C00000030','117');
REPLACE INTO `work_info` VALUES('C00000032','117');
REPLACE INTO `work_info` VALUES('C00000037','117');
REPLACE INTO `work_info` VALUES('C00000038','117');
REPLACE INTO `work_info` VALUES('C00000044','117');
REPLACE INTO `work_info` VALUES('C00000049','117');
REPLACE INTO `work_info` VALUES('C00001002','117');
REPLACE INTO `work_info` VALUES('C00001005','117');
REPLACE INTO `work_info` VALUES('C00001020','117');
REPLACE INTO `work_info` VALUES('C00000001','118');
REPLACE INTO `work_info` VALUES('C00000002','118');
REPLACE INTO `work_info` VALUES('C00000005','118');
REPLACE INTO `work_info` VALUES('C00000014','118');
REPLACE INTO `work_info` VALUES('C00000018','118');
REPLACE INTO `work_info` VALUES('C00000021','118');
REPLACE INTO `work_info` VALUES('C00000022','118');
REPLACE INTO `work_info` VALUES('C00000027','118');
REPLACE INTO `work_info` VALUES('C00000028','118');
REPLACE INTO `work_info` VALUES('C00000034','118');
REPLACE INTO `work_info` VALUES('C00000035','118');
REPLACE INTO `work_info` VALUES('C00000043','118');
REPLACE INTO `work_info` VALUES('C00000045','118');
REPLACE INTO `work_info` VALUES('C00000046','118');
REPLACE INTO `work_info` VALUES('C00001003','118');
REPLACE INTO `work_info` VALUES('C00001006','118');
REPLACE INTO `work_info` VALUES('C00001007','118');
REPLACE INTO `work_info` VALUES('C00001008','118');
REPLACE INTO `work_info` VALUES('C00001011','118');
REPLACE INTO `work_info` VALUES('C00001013','118');
REPLACE INTO `work_info` VALUES('C00001016','118');
REPLACE INTO `work_info` VALUES('C00000008','119');
REPLACE INTO `work_info` VALUES('C00000010','119');
REPLACE INTO `work_info` VALUES('C00000011','119');
REPLACE INTO `work_info` VALUES('C00000013','119');
REPLACE INTO `work_info` VALUES('C00000017','119');
REPLACE INTO `work_info` VALUES('C00000024','119');
REPLACE INTO `work_info` VALUES('C00000029','119');
REPLACE INTO `work_info` VALUES('C00000036','119');
REPLACE INTO `work_info` VALUES('C00000039','119');
REPLACE INTO `work_info` VALUES('C00000040','119');
REPLACE INTO `work_info` VALUES('C00000042','119');
REPLACE INTO `work_info` VALUES('C00000050','119');
REPLACE INTO `work_info` VALUES('C00001009','119');
REPLACE INTO `work_info` VALUES('C00001010','119');
REPLACE INTO `work_info` VALUES('C00001014','119');
REPLACE INTO `work_info` VALUES('C00001015','119');
REPLACE INTO `work_info` VALUES('C00001017','119');
REPLACE INTO `work_info` VALUES('C00000003','120');
REPLACE INTO `work_info` VALUES('C00000004','120');
REPLACE INTO `work_info` VALUES('C00000006','120');
REPLACE INTO `work_info` VALUES('C00000007','120');
REPLACE INTO `work_info` VALUES('C00000009','120');
REPLACE INTO `work_info` VALUES('C00000012','120');
REPLACE INTO `work_info` VALUES('C00000016','120');
REPLACE INTO `work_info` VALUES('C00000025','120');
REPLACE INTO `work_info` VALUES('C00000026','120');
REPLACE INTO `work_info` VALUES('C00000031','120');
REPLACE INTO `work_info` VALUES('C00000033','120');
REPLACE INTO `work_info` VALUES('C00000041','120');
REPLACE INTO `work_info` VALUES('C00000047','120');
REPLACE INTO `work_info` VALUES('C00000048','120');
REPLACE INTO `work_info` VALUES('C00001004','120');
REPLACE INTO `work_info` VALUES('C00001018','120');
REPLACE INTO `work_info` VALUES('C00001019','120');
REPLACE INTO `work_info` VALUES('C00000015','121');
REPLACE INTO `work_info` VALUES('C00000019','121');
REPLACE INTO `work_info` VALUES('C00000020','121');
REPLACE INTO `work_info` VALUES('C00000023','121');
REPLACE INTO `work_info` VALUES('C00000030','121');
REPLACE INTO `work_info` VALUES('C00000032','121');
REPLACE INTO `work_info` VALUES('C00000037','121');
REPLACE INTO `work_info` VALUES('C00000038','121');
REPLACE INTO `work_info` VALUES('C00000044','121');
REPLACE INTO `work_info` VALUES('C00000049','121');
REPLACE INTO `work_info` VALUES('C00001002','121');
REPLACE INTO `work_info` VALUES('C00001005','121');
REPLACE INTO `work_info` VALUES('C00001020','121');
REPLACE INTO `work_info` VALUES('C00000001','122');
REPLACE INTO `work_info` VALUES('C00000002','122');
REPLACE INTO `work_info` VALUES('C00000005','122');
REPLACE INTO `work_info` VALUES('C00000014','122');
REPLACE INTO `work_info` VALUES('C00000018','122');
REPLACE INTO `work_info` VALUES('C00000021','122');
REPLACE INTO `work_info` VALUES('C00000022','122');
REPLACE INTO `work_info` VALUES('C00000027','122');
REPLACE INTO `work_info` VALUES('C00000028','122');
REPLACE INTO `work_info` VALUES('C00000034','122');
REPLACE INTO `work_info` VALUES('C00000035','122');
REPLACE INTO `work_info` VALUES('C00000043','122');
REPLACE INTO `work_info` VALUES('C00000045','122');
REPLACE INTO `work_info` VALUES('C00000046','122');
REPLACE INTO `work_info` VALUES('C00001003','122');
REPLACE INTO `work_info` VALUES('C00001006','122');
REPLACE INTO `work_info` VALUES('C00001007','122');
REPLACE INTO `work_info` VALUES('C00001008','122');
REPLACE INTO `work_info` VALUES('C00001011','122');
REPLACE INTO `work_info` VALUES('C00001013','122');
REPLACE INTO `work_info` VALUES('C00001016','122');
REPLACE INTO `work_info` VALUES('C00000008','123');
REPLACE INTO `work_info` VALUES('C00000010','123');
REPLACE INTO `work_info` VALUES('C00000011','123');
REPLACE INTO `work_info` VALUES('C00000013','123');
REPLACE INTO `work_info` VALUES('C00000017','123');
REPLACE INTO `work_info` VALUES('C00000024','123');
REPLACE INTO `work_info` VALUES('C00000029','123');
REPLACE INTO `work_info` VALUES('C00000036','123');
REPLACE INTO `work_info` VALUES('C00000039','123');
REPLACE INTO `work_info` VALUES('C00000040','123');
REPLACE INTO `work_info` VALUES('C00000042','123');
REPLACE INTO `work_info` VALUES('C00000050','123');
REPLACE INTO `work_info` VALUES('C00001009','123');
REPLACE INTO `work_info` VALUES('C00001010','123');
REPLACE INTO `work_info` VALUES('C00001014','123');
REPLACE INTO `work_info` VALUES('C00001015','123');
REPLACE INTO `work_info` VALUES('C00001017','123');
REPLACE INTO `work_info` VALUES('C00000003','124');
REPLACE INTO `work_info` VALUES('C00000004','124');
REPLACE INTO `work_info` VALUES('C00000006','124');
REPLACE INTO `work_info` VALUES('C00000007','124');
REPLACE INTO `work_info` VALUES('C00000009','124');
REPLACE INTO `work_info` VALUES('C00000012','124');
REPLACE INTO `work_info` VALUES('C00000016','124');
REPLACE INTO `work_info` VALUES('C00000025','124');
REPLACE INTO `work_info` VALUES('C00000026','124');
REPLACE INTO `work_info` VALUES('C00000031','124');
REPLACE INTO `work_info` VALUES('C00000033','124');
REPLACE INTO `work_info` VALUES('C00000041','124');
REPLACE INTO `work_info` VALUES('C00000047','124');
REPLACE INTO `work_info` VALUES('C00000048','124');
REPLACE INTO `work_info` VALUES('C00001004','124');
REPLACE INTO `work_info` VALUES('C00001018','124');
REPLACE INTO `work_info` VALUES('C00001019','124');
REPLACE INTO `work_info` VALUES('C00000015','125');
REPLACE INTO `work_info` VALUES('C00000019','125');
REPLACE INTO `work_info` VALUES('C00000020','125');
REPLACE INTO `work_info` VALUES('C00000023','125');
REPLACE INTO `work_info` VALUES('C00000030','125');
REPLACE INTO `work_info` VALUES('C00000032','125');
REPLACE INTO `work_info` VALUES('C00000037','125');
REPLACE INTO `work_info` VALUES('C00000038','125');
REPLACE INTO `work_info` VALUES('C00000044','125');
REPLACE INTO `work_info` VALUES('C00000049','125');
REPLACE INTO `work_info` VALUES('C00001002','125');
REPLACE INTO `work_info` VALUES('C00001005','125');
REPLACE INTO `work_info` VALUES('C00001020','125');
REPLACE INTO `work_info` VALUES('C00000001','126');
REPLACE INTO `work_info` VALUES('C00000002','126');
REPLACE INTO `work_info` VALUES('C00000005','126');
REPLACE INTO `work_info` VALUES('C00000014','126');
REPLACE INTO `work_info` VALUES('C00000018','126');
REPLACE INTO `work_info` VALUES('C00000021','126');
REPLACE INTO `work_info` VALUES('C00000022','126');
REPLACE INTO `work_info` VALUES('C00000027','126');
REPLACE INTO `work_info` VALUES('C00000028','126');
REPLACE INTO `work_info` VALUES('C00000034','126');
REPLACE INTO `work_info` VALUES('C00000035','126');
REPLACE INTO `work_info` VALUES('C00000043','126');
REPLACE INTO `work_info` VALUES('C00000045','126');
REPLACE INTO `work_info` VALUES('C00000046','126');
REPLACE INTO `work_info` VALUES('C00001003','126');
REPLACE INTO `work_info` VALUES('C00001006','126');
REPLACE INTO `work_info` VALUES('C00001007','126');
REPLACE INTO `work_info` VALUES('C00001008','126');
REPLACE INTO `work_info` VALUES('C00001011','126');
REPLACE INTO `work_info` VALUES('C00001013','126');
REPLACE INTO `work_info` VALUES('C00001016','126');
REPLACE INTO `work_info` VALUES('C00000008','127');
REPLACE INTO `work_info` VALUES('C00000010','127');
REPLACE INTO `work_info` VALUES('C00000011','127');
REPLACE INTO `work_info` VALUES('C00000013','127');
REPLACE INTO `work_info` VALUES('C00000017','127');
REPLACE INTO `work_info` VALUES('C00000024','127');
REPLACE INTO `work_info` VALUES('C00000029','127');
REPLACE INTO `work_info` VALUES('C00000036','127');
REPLACE INTO `work_info` VALUES('C00000039','127');
REPLACE INTO `work_info` VALUES('C00000040','127');
REPLACE INTO `work_info` VALUES('C00000042','127');
REPLACE INTO `work_info` VALUES('C00000050','127');
REPLACE INTO `work_info` VALUES('C00001009','127');
REPLACE INTO `work_info` VALUES('C00001010','127');
REPLACE INTO `work_info` VALUES('C00001014','127');
REPLACE INTO `work_info` VALUES('C00001015','127');
REPLACE INTO `work_info` VALUES('C00001017','127');
REPLACE INTO `work_info` VALUES('C00000003','128');
REPLACE INTO `work_info` VALUES('C00000004','128');
REPLACE INTO `work_info` VALUES('C00000006','128');
REPLACE INTO `work_info` VALUES('C00000007','128');
REPLACE INTO `work_info` VALUES('C00000009','128');
REPLACE INTO `work_info` VALUES('C00000012','128');
REPLACE INTO `work_info` VALUES('C00000016','128');
REPLACE INTO `work_info` VALUES('C00000025','128');
REPLACE INTO `work_info` VALUES('C00000026','128');
REPLACE INTO `work_info` VALUES('C00000031','128');
REPLACE INTO `work_info` VALUES('C00000033','128');
REPLACE INTO `work_info` VALUES('C00000041','128');
REPLACE INTO `work_info` VALUES('C00000047','128');
REPLACE INTO `work_info` VALUES('C00000048','128');
REPLACE INTO `work_info` VALUES('C00001004','128');
REPLACE INTO `work_info` VALUES('C00001018','128');
REPLACE INTO `work_info` VALUES('C00001019','128');
REPLACE INTO `work_info` VALUES('C00000015','129');
REPLACE INTO `work_info` VALUES('C00000019','129');
REPLACE INTO `work_info` VALUES('C00000020','129');
REPLACE INTO `work_info` VALUES('C00000023','129');
REPLACE INTO `work_info` VALUES('C00000030','129');
REPLACE INTO `work_info` VALUES('C00000032','129');
REPLACE INTO `work_info` VALUES('C00000037','129');
REPLACE INTO `work_info` VALUES('C00000038','129');
REPLACE INTO `work_info` VALUES('C00000044','129');
REPLACE INTO `work_info` VALUES('C00000049','129');
REPLACE INTO `work_info` VALUES('C00001002','129');
REPLACE INTO `work_info` VALUES('C00001005','129');
REPLACE INTO `work_info` VALUES('C00001020','129');
REPLACE INTO `work_info` VALUES('C00000001','130');
REPLACE INTO `work_info` VALUES('C00000002','130');
REPLACE INTO `work_info` VALUES('C00000005','130');
REPLACE INTO `work_info` VALUES('C00000014','130');
REPLACE INTO `work_info` VALUES('C00000018','130');
REPLACE INTO `work_info` VALUES('C00000021','130');
REPLACE INTO `work_info` VALUES('C00000022','130');
REPLACE INTO `work_info` VALUES('C00000027','130');
REPLACE INTO `work_info` VALUES('C00000028','130');
REPLACE INTO `work_info` VALUES('C00000034','130');
REPLACE INTO `work_info` VALUES('C00000035','130');
REPLACE INTO `work_info` VALUES('C00000043','130');
REPLACE INTO `work_info` VALUES('C00000045','130');
REPLACE INTO `work_info` VALUES('C00000046','130');
REPLACE INTO `work_info` VALUES('C00001003','130');
REPLACE INTO `work_info` VALUES('C00001006','130');
REPLACE INTO `work_info` VALUES('C00001007','130');
REPLACE INTO `work_info` VALUES('C00001008','130');
REPLACE INTO `work_info` VALUES('C00001011','130');
REPLACE INTO `work_info` VALUES('C00001013','130');
REPLACE INTO `work_info` VALUES('C00001016','130');
REPLACE INTO `work_info` VALUES('C00000008','131');
REPLACE INTO `work_info` VALUES('C00000010','131');
REPLACE INTO `work_info` VALUES('C00000011','131');
REPLACE INTO `work_info` VALUES('C00000013','131');
REPLACE INTO `work_info` VALUES('C00000017','131');
REPLACE INTO `work_info` VALUES('C00000024','131');
REPLACE INTO `work_info` VALUES('C00000029','131');
REPLACE INTO `work_info` VALUES('C00000036','131');
REPLACE INTO `work_info` VALUES('C00000039','131');
REPLACE INTO `work_info` VALUES('C00000040','131');
REPLACE INTO `work_info` VALUES('C00000042','131');
REPLACE INTO `work_info` VALUES('C00000050','131');
REPLACE INTO `work_info` VALUES('C00001009','131');
REPLACE INTO `work_info` VALUES('C00001010','131');
REPLACE INTO `work_info` VALUES('C00001014','131');
REPLACE INTO `work_info` VALUES('C00001015','131');
REPLACE INTO `work_info` VALUES('C00001017','131');
REPLACE INTO `work_info` VALUES('C00000003','132');
REPLACE INTO `work_info` VALUES('C00000004','132');
REPLACE INTO `work_info` VALUES('C00000006','132');
REPLACE INTO `work_info` VALUES('C00000007','132');
REPLACE INTO `work_info` VALUES('C00000009','132');
REPLACE INTO `work_info` VALUES('C00000012','132');
REPLACE INTO `work_info` VALUES('C00000016','132');
REPLACE INTO `work_info` VALUES('C00000025','132');
REPLACE INTO `work_info` VALUES('C00000026','132');
REPLACE INTO `work_info` VALUES('C00000031','132');
REPLACE INTO `work_info` VALUES('C00000033','132');
REPLACE INTO `work_info` VALUES('C00000041','132');
REPLACE INTO `work_info` VALUES('C00000047','132');
REPLACE INTO `work_info` VALUES('C00000048','132');
REPLACE INTO `work_info` VALUES('C00001004','132');
REPLACE INTO `work_info` VALUES('C00001018','132');
REPLACE INTO `work_info` VALUES('C00001019','132');
REPLACE INTO `work_info` VALUES('C00000015','133');
REPLACE INTO `work_info` VALUES('C00000019','133');
REPLACE INTO `work_info` VALUES('C00000020','133');
REPLACE INTO `work_info` VALUES('C00000023','133');
REPLACE INTO `work_info` VALUES('C00000030','133');
REPLACE INTO `work_info` VALUES('C00000032','133');
REPLACE INTO `work_info` VALUES('C00000037','133');
REPLACE INTO `work_info` VALUES('C00000038','133');
REPLACE INTO `work_info` VALUES('C00000044','133');
REPLACE INTO `work_info` VALUES('C00000049','133');
REPLACE INTO `work_info` VALUES('C00001002','133');
REPLACE INTO `work_info` VALUES('C00001005','133');
REPLACE INTO `work_info` VALUES('C00001020','133');
REPLACE INTO `work_info` VALUES('C00000001','134');
REPLACE INTO `work_info` VALUES('C00000002','134');
REPLACE INTO `work_info` VALUES('C00000005','134');
REPLACE INTO `work_info` VALUES('C00000014','134');
REPLACE INTO `work_info` VALUES('C00000018','134');
REPLACE INTO `work_info` VALUES('C00000021','134');
REPLACE INTO `work_info` VALUES('C00000022','134');
REPLACE INTO `work_info` VALUES('C00000027','134');
REPLACE INTO `work_info` VALUES('C00000028','134');
REPLACE INTO `work_info` VALUES('C00000034','134');
REPLACE INTO `work_info` VALUES('C00000035','134');
REPLACE INTO `work_info` VALUES('C00000043','134');
REPLACE INTO `work_info` VALUES('C00000045','134');
REPLACE INTO `work_info` VALUES('C00000046','134');
REPLACE INTO `work_info` VALUES('C00001003','134');
REPLACE INTO `work_info` VALUES('C00001006','134');
REPLACE INTO `work_info` VALUES('C00001007','134');
REPLACE INTO `work_info` VALUES('C00001008','134');
REPLACE INTO `work_info` VALUES('C00001011','134');
REPLACE INTO `work_info` VALUES('C00001013','134');
REPLACE INTO `work_info` VALUES('C00001016','134');
REPLACE INTO `work_info` VALUES('C00000008','135');
REPLACE INTO `work_info` VALUES('C00000010','135');
REPLACE INTO `work_info` VALUES('C00000011','135');
REPLACE INTO `work_info` VALUES('C00000013','135');
REPLACE INTO `work_info` VALUES('C00000017','135');
REPLACE INTO `work_info` VALUES('C00000024','135');
REPLACE INTO `work_info` VALUES('C00000029','135');
REPLACE INTO `work_info` VALUES('C00000036','135');
REPLACE INTO `work_info` VALUES('C00000039','135');
REPLACE INTO `work_info` VALUES('C00000040','135');
REPLACE INTO `work_info` VALUES('C00000042','135');
REPLACE INTO `work_info` VALUES('C00000050','135');
REPLACE INTO `work_info` VALUES('C00001009','135');
REPLACE INTO `work_info` VALUES('C00001010','135');
REPLACE INTO `work_info` VALUES('C00001014','135');
REPLACE INTO `work_info` VALUES('C00001015','135');
REPLACE INTO `work_info` VALUES('C00001017','135');
REPLACE INTO `work_info` VALUES('C00000003','136');
REPLACE INTO `work_info` VALUES('C00000004','136');
REPLACE INTO `work_info` VALUES('C00000006','136');
REPLACE INTO `work_info` VALUES('C00000007','136');
REPLACE INTO `work_info` VALUES('C00000009','136');
REPLACE INTO `work_info` VALUES('C00000012','136');
REPLACE INTO `work_info` VALUES('C00000016','136');
REPLACE INTO `work_info` VALUES('C00000025','136');
REPLACE INTO `work_info` VALUES('C00000026','136');
REPLACE INTO `work_info` VALUES('C00000031','136');
REPLACE INTO `work_info` VALUES('C00000033','136');
REPLACE INTO `work_info` VALUES('C00000041','136');
REPLACE INTO `work_info` VALUES('C00000047','136');
REPLACE INTO `work_info` VALUES('C00000048','136');
REPLACE INTO `work_info` VALUES('C00001004','136');
REPLACE INTO `work_info` VALUES('C00001018','136');
REPLACE INTO `work_info` VALUES('C00001019','136');
REPLACE INTO `work_info` VALUES('C00000015','137');
REPLACE INTO `work_info` VALUES('C00000019','137');
REPLACE INTO `work_info` VALUES('C00000020','137');
REPLACE INTO `work_info` VALUES('C00000023','137');
REPLACE INTO `work_info` VALUES('C00000030','137');
REPLACE INTO `work_info` VALUES('C00000032','137');
REPLACE INTO `work_info` VALUES('C00000037','137');
REPLACE INTO `work_info` VALUES('C00000038','137');
REPLACE INTO `work_info` VALUES('C00000044','137');
REPLACE INTO `work_info` VALUES('C00000049','137');
REPLACE INTO `work_info` VALUES('C00001002','137');
REPLACE INTO `work_info` VALUES('C00001005','137');
REPLACE INTO `work_info` VALUES('C00001020','137');
REPLACE INTO `work_info` VALUES('C00000001','138');
REPLACE INTO `work_info` VALUES('C00000002','138');
REPLACE INTO `work_info` VALUES('C00000005','138');
REPLACE INTO `work_info` VALUES('C00000014','138');
REPLACE INTO `work_info` VALUES('C00000018','138');
REPLACE INTO `work_info` VALUES('C00000021','138');
REPLACE INTO `work_info` VALUES('C00000022','138');
REPLACE INTO `work_info` VALUES('C00000027','138');
REPLACE INTO `work_info` VALUES('C00000028','138');
REPLACE INTO `work_info` VALUES('C00000034','138');
REPLACE INTO `work_info` VALUES('C00000035','138');
REPLACE INTO `work_info` VALUES('C00000043','138');
REPLACE INTO `work_info` VALUES('C00000045','138');
REPLACE INTO `work_info` VALUES('C00000046','138');
REPLACE INTO `work_info` VALUES('C00001003','138');
REPLACE INTO `work_info` VALUES('C00001006','138');
REPLACE INTO `work_info` VALUES('C00001007','138');
REPLACE INTO `work_info` VALUES('C00001008','138');
REPLACE INTO `work_info` VALUES('C00001011','138');
REPLACE INTO `work_info` VALUES('C00001013','138');
REPLACE INTO `work_info` VALUES('C00001016','138');
REPLACE INTO `work_info` VALUES('C00000008','139');
REPLACE INTO `work_info` VALUES('C00000010','139');
REPLACE INTO `work_info` VALUES('C00000011','139');
REPLACE INTO `work_info` VALUES('C00000013','139');
REPLACE INTO `work_info` VALUES('C00000017','139');
REPLACE INTO `work_info` VALUES('C00000024','139');
REPLACE INTO `work_info` VALUES('C00000029','139');
REPLACE INTO `work_info` VALUES('C00000036','139');
REPLACE INTO `work_info` VALUES('C00000039','139');
REPLACE INTO `work_info` VALUES('C00000040','139');
REPLACE INTO `work_info` VALUES('C00000042','139');
REPLACE INTO `work_info` VALUES('C00000050','139');
REPLACE INTO `work_info` VALUES('C00001009','139');
REPLACE INTO `work_info` VALUES('C00001010','139');
REPLACE INTO `work_info` VALUES('C00001014','139');
REPLACE INTO `work_info` VALUES('C00001015','139');
REPLACE INTO `work_info` VALUES('C00001017','139');
REPLACE INTO `work_info` VALUES('C00000003','140');
REPLACE INTO `work_info` VALUES('C00000004','140');
REPLACE INTO `work_info` VALUES('C00000006','140');
REPLACE INTO `work_info` VALUES('C00000007','140');
REPLACE INTO `work_info` VALUES('C00000009','140');
REPLACE INTO `work_info` VALUES('C00000012','140');
REPLACE INTO `work_info` VALUES('C00000016','140');
REPLACE INTO `work_info` VALUES('C00000025','140');
REPLACE INTO `work_info` VALUES('C00000026','140');
REPLACE INTO `work_info` VALUES('C00000031','140');
REPLACE INTO `work_info` VALUES('C00000033','140');
REPLACE INTO `work_info` VALUES('C00000041','140');
REPLACE INTO `work_info` VALUES('C00000047','140');
REPLACE INTO `work_info` VALUES('C00000048','140');
REPLACE INTO `work_info` VALUES('C00001004','140');
REPLACE INTO `work_info` VALUES('C00001018','140');
REPLACE INTO `work_info` VALUES('C00001019','140');
REPLACE INTO `work_info` VALUES('C00000015','141');
REPLACE INTO `work_info` VALUES('C00000019','141');
REPLACE INTO `work_info` VALUES('C00000020','141');
REPLACE INTO `work_info` VALUES('C00000023','141');
REPLACE INTO `work_info` VALUES('C00000030','141');
REPLACE INTO `work_info` VALUES('C00000032','141');
REPLACE INTO `work_info` VALUES('C00000037','141');
REPLACE INTO `work_info` VALUES('C00000038','141');
REPLACE INTO `work_info` VALUES('C00000044','141');
REPLACE INTO `work_info` VALUES('C00000049','141');
REPLACE INTO `work_info` VALUES('C00001002','141');
REPLACE INTO `work_info` VALUES('C00001005','141');
REPLACE INTO `work_info` VALUES('C00001020','141');
REPLACE INTO `work_info` VALUES('C00000001','142');
REPLACE INTO `work_info` VALUES('C00000002','142');
REPLACE INTO `work_info` VALUES('C00000005','142');
REPLACE INTO `work_info` VALUES('C00000014','142');
REPLACE INTO `work_info` VALUES('C00000018','142');
REPLACE INTO `work_info` VALUES('C00000021','142');
REPLACE INTO `work_info` VALUES('C00000022','142');
REPLACE INTO `work_info` VALUES('C00000027','142');
REPLACE INTO `work_info` VALUES('C00000028','142');
REPLACE INTO `work_info` VALUES('C00000034','142');
REPLACE INTO `work_info` VALUES('C00000035','142');
REPLACE INTO `work_info` VALUES('C00000043','142');
REPLACE INTO `work_info` VALUES('C00000045','142');
REPLACE INTO `work_info` VALUES('C00000046','142');
REPLACE INTO `work_info` VALUES('C00001003','142');
REPLACE INTO `work_info` VALUES('C00001006','142');
REPLACE INTO `work_info` VALUES('C00001007','142');
REPLACE INTO `work_info` VALUES('C00001008','142');
REPLACE INTO `work_info` VALUES('C00001011','142');
REPLACE INTO `work_info` VALUES('C00001013','142');
REPLACE INTO `work_info` VALUES('C00001016','142');
REPLACE INTO `work_info` VALUES('C00000008','143');
REPLACE INTO `work_info` VALUES('C00000010','143');
REPLACE INTO `work_info` VALUES('C00000011','143');
REPLACE INTO `work_info` VALUES('C00000013','143');
REPLACE INTO `work_info` VALUES('C00000017','143');
REPLACE INTO `work_info` VALUES('C00000024','143');
REPLACE INTO `work_info` VALUES('C00000029','143');
REPLACE INTO `work_info` VALUES('C00000036','143');
REPLACE INTO `work_info` VALUES('C00000039','143');
REPLACE INTO `work_info` VALUES('C00000040','143');
REPLACE INTO `work_info` VALUES('C00000042','143');
REPLACE INTO `work_info` VALUES('C00000050','143');
REPLACE INTO `work_info` VALUES('C00001009','143');
REPLACE INTO `work_info` VALUES('C00001010','143');
REPLACE INTO `work_info` VALUES('C00001014','143');
REPLACE INTO `work_info` VALUES('C00001015','143');
REPLACE INTO `work_info` VALUES('C00001017','143');
REPLACE INTO `work_info` VALUES('C00000003','144');
REPLACE INTO `work_info` VALUES('C00000004','144');
REPLACE INTO `work_info` VALUES('C00000006','144');
REPLACE INTO `work_info` VALUES('C00000007','144');
REPLACE INTO `work_info` VALUES('C00000009','144');
REPLACE INTO `work_info` VALUES('C00000012','144');
REPLACE INTO `work_info` VALUES('C00000016','144');
REPLACE INTO `work_info` VALUES('C00000025','144');
REPLACE INTO `work_info` VALUES('C00000026','144');
REPLACE INTO `work_info` VALUES('C00000031','144');
REPLACE INTO `work_info` VALUES('C00000033','144');
REPLACE INTO `work_info` VALUES('C00000041','144');
REPLACE INTO `work_info` VALUES('C00000047','144');
REPLACE INTO `work_info` VALUES('C00000048','144');
REPLACE INTO `work_info` VALUES('C00001004','144');
REPLACE INTO `work_info` VALUES('C00001018','144');
REPLACE INTO `work_info` VALUES('C00001019','144');
REPLACE INTO `work_info` VALUES('C00000015','145');
REPLACE INTO `work_info` VALUES('C00000019','145');
REPLACE INTO `work_info` VALUES('C00000020','145');
REPLACE INTO `work_info` VALUES('C00000023','145');
REPLACE INTO `work_info` VALUES('C00000030','145');
REPLACE INTO `work_info` VALUES('C00000032','145');
REPLACE INTO `work_info` VALUES('C00000037','145');
REPLACE INTO `work_info` VALUES('C00000038','145');
REPLACE INTO `work_info` VALUES('C00000044','145');
REPLACE INTO `work_info` VALUES('C00000049','145');
REPLACE INTO `work_info` VALUES('C00001002','145');
REPLACE INTO `work_info` VALUES('C00001005','145');
REPLACE INTO `work_info` VALUES('C00001020','145');
REPLACE INTO `work_info` VALUES('C00000001','146');
REPLACE INTO `work_info` VALUES('C00000002','146');
REPLACE INTO `work_info` VALUES('C00000005','146');
REPLACE INTO `work_info` VALUES('C00000014','146');
REPLACE INTO `work_info` VALUES('C00000018','146');
REPLACE INTO `work_info` VALUES('C00000021','146');
REPLACE INTO `work_info` VALUES('C00000022','146');
REPLACE INTO `work_info` VALUES('C00000027','146');
REPLACE INTO `work_info` VALUES('C00000028','146');
REPLACE INTO `work_info` VALUES('C00000034','146');
REPLACE INTO `work_info` VALUES('C00000035','146');
REPLACE INTO `work_info` VALUES('C00000043','146');
REPLACE INTO `work_info` VALUES('C00000045','146');
REPLACE INTO `work_info` VALUES('C00000046','146');
REPLACE INTO `work_info` VALUES('C00001003','146');
REPLACE INTO `work_info` VALUES('C00001006','146');
REPLACE INTO `work_info` VALUES('C00001007','146');
REPLACE INTO `work_info` VALUES('C00001008','146');
REPLACE INTO `work_info` VALUES('C00001011','146');
REPLACE INTO `work_info` VALUES('C00001013','146');
REPLACE INTO `work_info` VALUES('C00001016','146');
REPLACE INTO `work_info` VALUES('C00000008','147');
REPLACE INTO `work_info` VALUES('C00000010','147');
REPLACE INTO `work_info` VALUES('C00000011','147');
REPLACE INTO `work_info` VALUES('C00000013','147');
REPLACE INTO `work_info` VALUES('C00000017','147');
REPLACE INTO `work_info` VALUES('C00000024','147');
REPLACE INTO `work_info` VALUES('C00000029','147');
REPLACE INTO `work_info` VALUES('C00000036','147');
REPLACE INTO `work_info` VALUES('C00000039','147');
REPLACE INTO `work_info` VALUES('C00000040','147');
REPLACE INTO `work_info` VALUES('C00000042','147');
REPLACE INTO `work_info` VALUES('C00000050','147');
REPLACE INTO `work_info` VALUES('C00001009','147');
REPLACE INTO `work_info` VALUES('C00001010','147');
REPLACE INTO `work_info` VALUES('C00001014','147');
REPLACE INTO `work_info` VALUES('C00001015','147');
REPLACE INTO `work_info` VALUES('C00001017','147');
REPLACE INTO `work_info` VALUES('C00000003','148');
REPLACE INTO `work_info` VALUES('C00000004','148');
REPLACE INTO `work_info` VALUES('C00000006','148');
REPLACE INTO `work_info` VALUES('C00000007','148');
REPLACE INTO `work_info` VALUES('C00000009','148');
REPLACE INTO `work_info` VALUES('C00000012','148');
REPLACE INTO `work_info` VALUES('C00000016','148');
REPLACE INTO `work_info` VALUES('C00000025','148');
REPLACE INTO `work_info` VALUES('C00000026','148');
REPLACE INTO `work_info` VALUES('C00000031','148');
REPLACE INTO `work_info` VALUES('C00000033','148');
REPLACE INTO `work_info` VALUES('C00000041','148');
REPLACE INTO `work_info` VALUES('C00000047','148');
REPLACE INTO `work_info` VALUES('C00000048','148');
REPLACE INTO `work_info` VALUES('C00001004','148');
REPLACE INTO `work_info` VALUES('C00001018','148');
REPLACE INTO `work_info` VALUES('C00001019','148');
REPLACE INTO `work_info` VALUES('C00000015','149');
REPLACE INTO `work_info` VALUES('C00000019','149');
REPLACE INTO `work_info` VALUES('C00000020','149');
REPLACE INTO `work_info` VALUES('C00000023','149');
REPLACE INTO `work_info` VALUES('C00000030','149');
REPLACE INTO `work_info` VALUES('C00000032','149');
REPLACE INTO `work_info` VALUES('C00000037','149');
REPLACE INTO `work_info` VALUES('C00000038','149');
REPLACE INTO `work_info` VALUES('C00000044','149');
REPLACE INTO `work_info` VALUES('C00000049','149');
REPLACE INTO `work_info` VALUES('C00001002','149');
REPLACE INTO `work_info` VALUES('C00001005','149');
REPLACE INTO `work_info` VALUES('C00001020','149');
REPLACE INTO `work_info` VALUES('C00000001','150');
REPLACE INTO `work_info` VALUES('C00000002','150');
REPLACE INTO `work_info` VALUES('C00000005','150');
REPLACE INTO `work_info` VALUES('C00000014','150');
REPLACE INTO `work_info` VALUES('C00000018','150');
REPLACE INTO `work_info` VALUES('C00000021','150');
REPLACE INTO `work_info` VALUES('C00000022','150');
REPLACE INTO `work_info` VALUES('C00000027','150');
REPLACE INTO `work_info` VALUES('C00000028','150');
REPLACE INTO `work_info` VALUES('C00000034','150');
REPLACE INTO `work_info` VALUES('C00000035','150');
REPLACE INTO `work_info` VALUES('C00000043','150');
REPLACE INTO `work_info` VALUES('C00000045','150');
REPLACE INTO `work_info` VALUES('C00000046','150');
REPLACE INTO `work_info` VALUES('C00001003','150');
REPLACE INTO `work_info` VALUES('C00001006','150');
REPLACE INTO `work_info` VALUES('C00001007','150');
REPLACE INTO `work_info` VALUES('C00001008','150');
REPLACE INTO `work_info` VALUES('C00001011','150');
REPLACE INTO `work_info` VALUES('C00001013','150');
REPLACE INTO `work_info` VALUES('C00001016','150');
REPLACE INTO `work_info` VALUES('C00000008','151');
REPLACE INTO `work_info` VALUES('C00000010','151');
REPLACE INTO `work_info` VALUES('C00000011','151');
REPLACE INTO `work_info` VALUES('C00000013','151');
REPLACE INTO `work_info` VALUES('C00000017','151');
REPLACE INTO `work_info` VALUES('C00000024','151');
REPLACE INTO `work_info` VALUES('C00000029','151');
REPLACE INTO `work_info` VALUES('C00000036','151');
REPLACE INTO `work_info` VALUES('C00000039','151');
REPLACE INTO `work_info` VALUES('C00000040','151');
REPLACE INTO `work_info` VALUES('C00000042','151');
REPLACE INTO `work_info` VALUES('C00000050','151');
REPLACE INTO `work_info` VALUES('C00001009','151');
REPLACE INTO `work_info` VALUES('C00001010','151');
REPLACE INTO `work_info` VALUES('C00001014','151');
REPLACE INTO `work_info` VALUES('C00001015','151');
REPLACE INTO `work_info` VALUES('C00001017','151');
REPLACE INTO `work_info` VALUES('C00000003','152');
REPLACE INTO `work_info` VALUES('C00000004','152');
REPLACE INTO `work_info` VALUES('C00000006','152');
REPLACE INTO `work_info` VALUES('C00000007','152');
REPLACE INTO `work_info` VALUES('C00000009','152');
REPLACE INTO `work_info` VALUES('C00000012','152');
REPLACE INTO `work_info` VALUES('C00000016','152');
REPLACE INTO `work_info` VALUES('C00000025','152');
REPLACE INTO `work_info` VALUES('C00000026','152');
REPLACE INTO `work_info` VALUES('C00000031','152');
REPLACE INTO `work_info` VALUES('C00000033','152');
REPLACE INTO `work_info` VALUES('C00000041','152');
REPLACE INTO `work_info` VALUES('C00000047','152');
REPLACE INTO `work_info` VALUES('C00000048','152');
REPLACE INTO `work_info` VALUES('C00001004','152');
REPLACE INTO `work_info` VALUES('C00001018','152');
REPLACE INTO `work_info` VALUES('C00001019','152');
REPLACE INTO `work_info` VALUES('C00000015','153');
REPLACE INTO `work_info` VALUES('C00000019','153');
REPLACE INTO `work_info` VALUES('C00000020','153');
REPLACE INTO `work_info` VALUES('C00000023','153');
REPLACE INTO `work_info` VALUES('C00000030','153');
REPLACE INTO `work_info` VALUES('C00000032','153');
REPLACE INTO `work_info` VALUES('C00000037','153');
REPLACE INTO `work_info` VALUES('C00000038','153');
REPLACE INTO `work_info` VALUES('C00000044','153');
REPLACE INTO `work_info` VALUES('C00000049','153');
REPLACE INTO `work_info` VALUES('C00001002','153');
REPLACE INTO `work_info` VALUES('C00001005','153');
REPLACE INTO `work_info` VALUES('C00001020','153');
REPLACE INTO `work_info` VALUES('C00000001','154');
REPLACE INTO `work_info` VALUES('C00000002','154');
REPLACE INTO `work_info` VALUES('C00000005','154');
REPLACE INTO `work_info` VALUES('C00000014','154');
REPLACE INTO `work_info` VALUES('C00000018','154');
REPLACE INTO `work_info` VALUES('C00000021','154');
REPLACE INTO `work_info` VALUES('C00000022','154');
REPLACE INTO `work_info` VALUES('C00000027','154');
REPLACE INTO `work_info` VALUES('C00000028','154');
REPLACE INTO `work_info` VALUES('C00000034','154');
REPLACE INTO `work_info` VALUES('C00000035','154');
REPLACE INTO `work_info` VALUES('C00000043','154');
REPLACE INTO `work_info` VALUES('C00000045','154');
REPLACE INTO `work_info` VALUES('C00000046','154');
REPLACE INTO `work_info` VALUES('C00001003','154');
REPLACE INTO `work_info` VALUES('C00001006','154');
REPLACE INTO `work_info` VALUES('C00001007','154');
REPLACE INTO `work_info` VALUES('C00001008','154');
REPLACE INTO `work_info` VALUES('C00001011','154');
REPLACE INTO `work_info` VALUES('C00001013','154');
REPLACE INTO `work_info` VALUES('C00001016','154');
REPLACE INTO `work_info` VALUES('C00000008','155');
REPLACE INTO `work_info` VALUES('C00000010','155');
REPLACE INTO `work_info` VALUES('C00000011','155');
REPLACE INTO `work_info` VALUES('C00000013','155');
REPLACE INTO `work_info` VALUES('C00000017','155');
REPLACE INTO `work_info` VALUES('C00000024','155');
REPLACE INTO `work_info` VALUES('C00000029','155');
REPLACE INTO `work_info` VALUES('C00000036','155');
REPLACE INTO `work_info` VALUES('C00000039','155');
REPLACE INTO `work_info` VALUES('C00000040','155');
REPLACE INTO `work_info` VALUES('C00000042','155');
REPLACE INTO `work_info` VALUES('C00000050','155');
REPLACE INTO `work_info` VALUES('C00001009','155');
REPLACE INTO `work_info` VALUES('C00001010','155');
REPLACE INTO `work_info` VALUES('C00001014','155');
REPLACE INTO `work_info` VALUES('C00001015','155');
REPLACE INTO `work_info` VALUES('C00001017','155');
REPLACE INTO `work_info` VALUES('C00000003','156');
REPLACE INTO `work_info` VALUES('C00000004','156');
REPLACE INTO `work_info` VALUES('C00000006','156');
REPLACE INTO `work_info` VALUES('C00000007','156');
REPLACE INTO `work_info` VALUES('C00000009','156');
REPLACE INTO `work_info` VALUES('C00000012','156');
REPLACE INTO `work_info` VALUES('C00000016','156');
REPLACE INTO `work_info` VALUES('C00000025','156');
REPLACE INTO `work_info` VALUES('C00000026','156');
REPLACE INTO `work_info` VALUES('C00000031','156');
REPLACE INTO `work_info` VALUES('C00000033','156');
REPLACE INTO `work_info` VALUES('C00000041','156');
REPLACE INTO `work_info` VALUES('C00000047','156');
REPLACE INTO `work_info` VALUES('C00000048','156');
REPLACE INTO `work_info` VALUES('C00001004','156');
REPLACE INTO `work_info` VALUES('C00001018','156');
REPLACE INTO `work_info` VALUES('C00001019','156');
REPLACE INTO `work_info` VALUES('C00000015','157');
REPLACE INTO `work_info` VALUES('C00000019','157');
REPLACE INTO `work_info` VALUES('C00000020','157');
REPLACE INTO `work_info` VALUES('C00000023','157');
REPLACE INTO `work_info` VALUES('C00000030','157');
REPLACE INTO `work_info` VALUES('C00000032','157');
REPLACE INTO `work_info` VALUES('C00000037','157');
REPLACE INTO `work_info` VALUES('C00000038','157');
REPLACE INTO `work_info` VALUES('C00000044','157');
REPLACE INTO `work_info` VALUES('C00000049','157');
REPLACE INTO `work_info` VALUES('C00001002','157');
REPLACE INTO `work_info` VALUES('C00001005','157');
REPLACE INTO `work_info` VALUES('C00001020','157');
REPLACE INTO `work_info` VALUES('C00000001','158');
REPLACE INTO `work_info` VALUES('C00000002','158');
REPLACE INTO `work_info` VALUES('C00000005','158');
REPLACE INTO `work_info` VALUES('C00000014','158');
REPLACE INTO `work_info` VALUES('C00000018','158');
REPLACE INTO `work_info` VALUES('C00000021','158');
REPLACE INTO `work_info` VALUES('C00000022','158');
REPLACE INTO `work_info` VALUES('C00000027','158');
REPLACE INTO `work_info` VALUES('C00000028','158');
REPLACE INTO `work_info` VALUES('C00000034','158');
REPLACE INTO `work_info` VALUES('C00000035','158');
REPLACE INTO `work_info` VALUES('C00000043','158');
REPLACE INTO `work_info` VALUES('C00000045','158');
REPLACE INTO `work_info` VALUES('C00000046','158');
REPLACE INTO `work_info` VALUES('C00001003','158');
REPLACE INTO `work_info` VALUES('C00001006','158');
REPLACE INTO `work_info` VALUES('C00001007','158');
REPLACE INTO `work_info` VALUES('C00001008','158');
REPLACE INTO `work_info` VALUES('C00001011','158');
REPLACE INTO `work_info` VALUES('C00001013','158');
REPLACE INTO `work_info` VALUES('C00001016','158');
REPLACE INTO `work_info` VALUES('C00000008','159');
REPLACE INTO `work_info` VALUES('C00000010','159');
REPLACE INTO `work_info` VALUES('C00000011','159');
REPLACE INTO `work_info` VALUES('C00000013','159');
REPLACE INTO `work_info` VALUES('C00000017','159');
REPLACE INTO `work_info` VALUES('C00000024','159');
REPLACE INTO `work_info` VALUES('C00000029','159');
REPLACE INTO `work_info` VALUES('C00000036','159');
REPLACE INTO `work_info` VALUES('C00000039','159');
REPLACE INTO `work_info` VALUES('C00000040','159');
REPLACE INTO `work_info` VALUES('C00000042','159');
REPLACE INTO `work_info` VALUES('C00000050','159');
REPLACE INTO `work_info` VALUES('C00001009','159');
REPLACE INTO `work_info` VALUES('C00001010','159');
REPLACE INTO `work_info` VALUES('C00001014','159');
REPLACE INTO `work_info` VALUES('C00001015','159');
REPLACE INTO `work_info` VALUES('C00001017','159');
REPLACE INTO `work_info` VALUES('C00000003','160');
REPLACE INTO `work_info` VALUES('C00000004','160');
REPLACE INTO `work_info` VALUES('C00000006','160');
REPLACE INTO `work_info` VALUES('C00000007','160');
REPLACE INTO `work_info` VALUES('C00000009','160');
REPLACE INTO `work_info` VALUES('C00000012','160');
REPLACE INTO `work_info` VALUES('C00000016','160');
REPLACE INTO `work_info` VALUES('C00000025','160');
REPLACE INTO `work_info` VALUES('C00000026','160');
REPLACE INTO `work_info` VALUES('C00000031','160');
REPLACE INTO `work_info` VALUES('C00000033','160');
REPLACE INTO `work_info` VALUES('C00000041','160');
REPLACE INTO `work_info` VALUES('C00000047','160');
REPLACE INTO `work_info` VALUES('C00000048','160');
REPLACE INTO `work_info` VALUES('C00001004','160');
REPLACE INTO `work_info` VALUES('C00001018','160');
REPLACE INTO `work_info` VALUES('C00001019','160');
REPLACE INTO `work_info` VALUES('C00000015','161');
REPLACE INTO `work_info` VALUES('C00000019','161');
REPLACE INTO `work_info` VALUES('C00000020','161');
REPLACE INTO `work_info` VALUES('C00000023','161');
REPLACE INTO `work_info` VALUES('C00000030','161');
REPLACE INTO `work_info` VALUES('C00000032','161');
REPLACE INTO `work_info` VALUES('C00000037','161');
REPLACE INTO `work_info` VALUES('C00000038','161');
REPLACE INTO `work_info` VALUES('C00000044','161');
REPLACE INTO `work_info` VALUES('C00000049','161');
REPLACE INTO `work_info` VALUES('C00001002','161');
REPLACE INTO `work_info` VALUES('C00001005','161');
REPLACE INTO `work_info` VALUES('C00001020','161');
REPLACE INTO `work_info` VALUES('C00000001','162');
REPLACE INTO `work_info` VALUES('C00000002','162');
REPLACE INTO `work_info` VALUES('C00000005','162');
REPLACE INTO `work_info` VALUES('C00000014','162');
REPLACE INTO `work_info` VALUES('C00000018','162');
REPLACE INTO `work_info` VALUES('C00000021','162');
REPLACE INTO `work_info` VALUES('C00000022','162');
REPLACE INTO `work_info` VALUES('C00000027','162');
REPLACE INTO `work_info` VALUES('C00000028','162');
REPLACE INTO `work_info` VALUES('C00000034','162');
REPLACE INTO `work_info` VALUES('C00000035','162');
REPLACE INTO `work_info` VALUES('C00000043','162');
REPLACE INTO `work_info` VALUES('C00000045','162');
REPLACE INTO `work_info` VALUES('C00000046','162');
REPLACE INTO `work_info` VALUES('C00001003','162');
REPLACE INTO `work_info` VALUES('C00001006','162');
REPLACE INTO `work_info` VALUES('C00001007','162');
REPLACE INTO `work_info` VALUES('C00001008','162');
REPLACE INTO `work_info` VALUES('C00001011','162');
REPLACE INTO `work_info` VALUES('C00001013','162');
REPLACE INTO `work_info` VALUES('C00001016','162');
REPLACE INTO `work_info` VALUES('C00000008','163');
REPLACE INTO `work_info` VALUES('C00000010','163');
REPLACE INTO `work_info` VALUES('C00000011','163');
REPLACE INTO `work_info` VALUES('C00000013','163');
REPLACE INTO `work_info` VALUES('C00000017','163');
REPLACE INTO `work_info` VALUES('C00000024','163');
REPLACE INTO `work_info` VALUES('C00000029','163');
REPLACE INTO `work_info` VALUES('C00000036','163');
REPLACE INTO `work_info` VALUES('C00000039','163');
REPLACE INTO `work_info` VALUES('C00000040','163');
REPLACE INTO `work_info` VALUES('C00000042','163');
REPLACE INTO `work_info` VALUES('C00000050','163');
REPLACE INTO `work_info` VALUES('C00001009','163');
REPLACE INTO `work_info` VALUES('C00001010','163');
REPLACE INTO `work_info` VALUES('C00001014','163');
REPLACE INTO `work_info` VALUES('C00001015','163');
REPLACE INTO `work_info` VALUES('C00001017','163');
REPLACE INTO `work_info` VALUES('C00000003','164');
REPLACE INTO `work_info` VALUES('C00000004','164');
REPLACE INTO `work_info` VALUES('C00000006','164');
REPLACE INTO `work_info` VALUES('C00000007','164');
REPLACE INTO `work_info` VALUES('C00000009','164');
REPLACE INTO `work_info` VALUES('C00000012','164');
REPLACE INTO `work_info` VALUES('C00000016','164');
REPLACE INTO `work_info` VALUES('C00000025','164');
REPLACE INTO `work_info` VALUES('C00000026','164');
REPLACE INTO `work_info` VALUES('C00000031','164');
REPLACE INTO `work_info` VALUES('C00000033','164');
REPLACE INTO `work_info` VALUES('C00000041','164');
REPLACE INTO `work_info` VALUES('C00000047','164');
REPLACE INTO `work_info` VALUES('C00000048','164');
REPLACE INTO `work_info` VALUES('C00001004','164');
REPLACE INTO `work_info` VALUES('C00001018','164');
REPLACE INTO `work_info` VALUES('C00001019','164');
REPLACE INTO `work_info` VALUES('C00000015','165');
REPLACE INTO `work_info` VALUES('C00000019','165');
REPLACE INTO `work_info` VALUES('C00000020','165');
REPLACE INTO `work_info` VALUES('C00000023','165');
REPLACE INTO `work_info` VALUES('C00000030','165');
REPLACE INTO `work_info` VALUES('C00000032','165');
REPLACE INTO `work_info` VALUES('C00000037','165');
REPLACE INTO `work_info` VALUES('C00000038','165');
REPLACE INTO `work_info` VALUES('C00000044','165');
REPLACE INTO `work_info` VALUES('C00000049','165');
REPLACE INTO `work_info` VALUES('C00001002','165');
REPLACE INTO `work_info` VALUES('C00001005','165');
REPLACE INTO `work_info` VALUES('C00001020','165');
REPLACE INTO `work_info` VALUES('C00000001','166');
REPLACE INTO `work_info` VALUES('C00000002','166');
REPLACE INTO `work_info` VALUES('C00000005','166');
REPLACE INTO `work_info` VALUES('C00000014','166');
REPLACE INTO `work_info` VALUES('C00000018','166');
REPLACE INTO `work_info` VALUES('C00000021','166');
REPLACE INTO `work_info` VALUES('C00000022','166');
REPLACE INTO `work_info` VALUES('C00000027','166');
REPLACE INTO `work_info` VALUES('C00000028','166');
REPLACE INTO `work_info` VALUES('C00000034','166');
REPLACE INTO `work_info` VALUES('C00000035','166');
REPLACE INTO `work_info` VALUES('C00000043','166');
REPLACE INTO `work_info` VALUES('C00000045','166');
REPLACE INTO `work_info` VALUES('C00000046','166');
REPLACE INTO `work_info` VALUES('C00001003','166');
REPLACE INTO `work_info` VALUES('C00001006','166');
REPLACE INTO `work_info` VALUES('C00001007','166');
REPLACE INTO `work_info` VALUES('C00001008','166');
REPLACE INTO `work_info` VALUES('C00001011','166');
REPLACE INTO `work_info` VALUES('C00001013','166');
REPLACE INTO `work_info` VALUES('C00001016','166');
REPLACE INTO `work_info` VALUES('C00000008','167');
REPLACE INTO `work_info` VALUES('C00000010','167');
REPLACE INTO `work_info` VALUES('C00000011','167');
REPLACE INTO `work_info` VALUES('C00000013','167');
REPLACE INTO `work_info` VALUES('C00000017','167');
REPLACE INTO `work_info` VALUES('C00000024','167');
REPLACE INTO `work_info` VALUES('C00000029','167');
REPLACE INTO `work_info` VALUES('C00000036','167');
REPLACE INTO `work_info` VALUES('C00000039','167');
REPLACE INTO `work_info` VALUES('C00000040','167');
REPLACE INTO `work_info` VALUES('C00000042','167');
REPLACE INTO `work_info` VALUES('C00000050','167');
REPLACE INTO `work_info` VALUES('C00001009','167');
REPLACE INTO `work_info` VALUES('C00001010','167');
REPLACE INTO `work_info` VALUES('C00001014','167');
REPLACE INTO `work_info` VALUES('C00001015','167');
REPLACE INTO `work_info` VALUES('C00001017','167');
REPLACE INTO `work_info` VALUES('C00000003','168');
REPLACE INTO `work_info` VALUES('C00000004','168');
REPLACE INTO `work_info` VALUES('C00000006','168');
REPLACE INTO `work_info` VALUES('C00000007','168');
REPLACE INTO `work_info` VALUES('C00000009','168');
REPLACE INTO `work_info` VALUES('C00000012','168');
REPLACE INTO `work_info` VALUES('C00000016','168');
REPLACE INTO `work_info` VALUES('C00000025','168');
REPLACE INTO `work_info` VALUES('C00000026','168');
REPLACE INTO `work_info` VALUES('C00000031','168');
REPLACE INTO `work_info` VALUES('C00000033','168');
REPLACE INTO `work_info` VALUES('C00000041','168');
REPLACE INTO `work_info` VALUES('C00000047','168');
REPLACE INTO `work_info` VALUES('C00000048','168');
REPLACE INTO `work_info` VALUES('C00001004','168');
REPLACE INTO `work_info` VALUES('C00001018','168');
REPLACE INTO `work_info` VALUES('C00001019','168');
REPLACE INTO `work_info` VALUES('C00000015','169');
REPLACE INTO `work_info` VALUES('C00000019','169');
REPLACE INTO `work_info` VALUES('C00000020','169');
REPLACE INTO `work_info` VALUES('C00000023','169');
REPLACE INTO `work_info` VALUES('C00000030','169');
REPLACE INTO `work_info` VALUES('C00000032','169');
REPLACE INTO `work_info` VALUES('C00000037','169');
REPLACE INTO `work_info` VALUES('C00000038','169');
REPLACE INTO `work_info` VALUES('C00000044','169');
REPLACE INTO `work_info` VALUES('C00000049','169');
REPLACE INTO `work_info` VALUES('C00001002','169');
REPLACE INTO `work_info` VALUES('C00001005','169');
REPLACE INTO `work_info` VALUES('C00001020','169');
REPLACE INTO `work_info` VALUES('C00000001','170');
REPLACE INTO `work_info` VALUES('C00000002','170');
REPLACE INTO `work_info` VALUES('C00000005','170');
REPLACE INTO `work_info` VALUES('C00000014','170');
REPLACE INTO `work_info` VALUES('C00000018','170');
REPLACE INTO `work_info` VALUES('C00000021','170');
REPLACE INTO `work_info` VALUES('C00000022','170');
REPLACE INTO `work_info` VALUES('C00000027','170');
REPLACE INTO `work_info` VALUES('C00000028','170');
REPLACE INTO `work_info` VALUES('C00000034','170');
REPLACE INTO `work_info` VALUES('C00000035','170');
REPLACE INTO `work_info` VALUES('C00000043','170');
REPLACE INTO `work_info` VALUES('C00000045','170');
REPLACE INTO `work_info` VALUES('C00000046','170');
REPLACE INTO `work_info` VALUES('C00001003','170');
REPLACE INTO `work_info` VALUES('C00001006','170');
REPLACE INTO `work_info` VALUES('C00001007','170');
REPLACE INTO `work_info` VALUES('C00001008','170');
REPLACE INTO `work_info` VALUES('C00001011','170');
REPLACE INTO `work_info` VALUES('C00001013','170');
REPLACE INTO `work_info` VALUES('C00001016','170');
REPLACE INTO `work_info` VALUES('C00000008','171');
REPLACE INTO `work_info` VALUES('C00000010','171');
REPLACE INTO `work_info` VALUES('C00000011','171');
REPLACE INTO `work_info` VALUES('C00000013','171');
REPLACE INTO `work_info` VALUES('C00000017','171');
REPLACE INTO `work_info` VALUES('C00000024','171');
REPLACE INTO `work_info` VALUES('C00000029','171');
REPLACE INTO `work_info` VALUES('C00000036','171');
REPLACE INTO `work_info` VALUES('C00000039','171');
REPLACE INTO `work_info` VALUES('C00000040','171');
REPLACE INTO `work_info` VALUES('C00000042','171');
REPLACE INTO `work_info` VALUES('C00000050','171');
REPLACE INTO `work_info` VALUES('C00001009','171');
REPLACE INTO `work_info` VALUES('C00001010','171');
REPLACE INTO `work_info` VALUES('C00001014','171');
REPLACE INTO `work_info` VALUES('C00001015','171');
REPLACE INTO `work_info` VALUES('C00001017','171');
REPLACE INTO `work_info` VALUES('C00000003','172');
REPLACE INTO `work_info` VALUES('C00000004','172');
REPLACE INTO `work_info` VALUES('C00000006','172');
REPLACE INTO `work_info` VALUES('C00000007','172');
REPLACE INTO `work_info` VALUES('C00000009','172');
REPLACE INTO `work_info` VALUES('C00000012','172');
REPLACE INTO `work_info` VALUES('C00000016','172');
REPLACE INTO `work_info` VALUES('C00000025','172');
REPLACE INTO `work_info` VALUES('C00000026','172');
REPLACE INTO `work_info` VALUES('C00000031','172');
REPLACE INTO `work_info` VALUES('C00000033','172');
REPLACE INTO `work_info` VALUES('C00000041','172');
REPLACE INTO `work_info` VALUES('C00000047','172');
REPLACE INTO `work_info` VALUES('C00000048','172');
REPLACE INTO `work_info` VALUES('C00001004','172');
REPLACE INTO `work_info` VALUES('C00001018','172');
REPLACE INTO `work_info` VALUES('C00001019','172');
REPLACE INTO `work_info` VALUES('C00000015','173');
REPLACE INTO `work_info` VALUES('C00000019','173');
REPLACE INTO `work_info` VALUES('C00000020','173');
REPLACE INTO `work_info` VALUES('C00000023','173');
REPLACE INTO `work_info` VALUES('C00000030','173');
REPLACE INTO `work_info` VALUES('C00000032','173');
REPLACE INTO `work_info` VALUES('C00000037','173');
REPLACE INTO `work_info` VALUES('C00000038','173');
REPLACE INTO `work_info` VALUES('C00000044','173');
REPLACE INTO `work_info` VALUES('C00000049','173');
REPLACE INTO `work_info` VALUES('C00001002','173');
REPLACE INTO `work_info` VALUES('C00001005','173');
REPLACE INTO `work_info` VALUES('C00001020','173');
REPLACE INTO `work_info` VALUES('C00000001','174');
REPLACE INTO `work_info` VALUES('C00000002','174');
REPLACE INTO `work_info` VALUES('C00000005','174');
REPLACE INTO `work_info` VALUES('C00000014','174');
REPLACE INTO `work_info` VALUES('C00000018','174');
REPLACE INTO `work_info` VALUES('C00000021','174');
REPLACE INTO `work_info` VALUES('C00000022','174');
REPLACE INTO `work_info` VALUES('C00000027','174');
REPLACE INTO `work_info` VALUES('C00000028','174');
REPLACE INTO `work_info` VALUES('C00000034','174');
REPLACE INTO `work_info` VALUES('C00000035','174');
REPLACE INTO `work_info` VALUES('C00000043','174');
REPLACE INTO `work_info` VALUES('C00000045','174');
REPLACE INTO `work_info` VALUES('C00000046','174');
REPLACE INTO `work_info` VALUES('C00001003','174');
REPLACE INTO `work_info` VALUES('C00001006','174');
REPLACE INTO `work_info` VALUES('C00001007','174');
REPLACE INTO `work_info` VALUES('C00001008','174');
REPLACE INTO `work_info` VALUES('C00001011','174');
REPLACE INTO `work_info` VALUES('C00001013','174');
REPLACE INTO `work_info` VALUES('C00001016','174');
REPLACE INTO `work_info` VALUES('C00000008','175');
REPLACE INTO `work_info` VALUES('C00000010','175');
REPLACE INTO `work_info` VALUES('C00000011','175');
REPLACE INTO `work_info` VALUES('C00000013','175');
REPLACE INTO `work_info` VALUES('C00000017','175');
REPLACE INTO `work_info` VALUES('C00000024','175');
REPLACE INTO `work_info` VALUES('C00000029','175');
REPLACE INTO `work_info` VALUES('C00000036','175');
REPLACE INTO `work_info` VALUES('C00000039','175');
REPLACE INTO `work_info` VALUES('C00000040','175');
REPLACE INTO `work_info` VALUES('C00000042','175');
REPLACE INTO `work_info` VALUES('C00000050','175');
REPLACE INTO `work_info` VALUES('C00001009','175');
REPLACE INTO `work_info` VALUES('C00001010','175');
REPLACE INTO `work_info` VALUES('C00001014','175');
REPLACE INTO `work_info` VALUES('C00001015','175');
REPLACE INTO `work_info` VALUES('C00001017','175');
REPLACE INTO `work_info` VALUES('C00000003','176');
REPLACE INTO `work_info` VALUES('C00000004','176');
REPLACE INTO `work_info` VALUES('C00000006','176');
REPLACE INTO `work_info` VALUES('C00000007','176');
REPLACE INTO `work_info` VALUES('C00000009','176');
REPLACE INTO `work_info` VALUES('C00000012','176');
REPLACE INTO `work_info` VALUES('C00000016','176');
REPLACE INTO `work_info` VALUES('C00000025','176');
REPLACE INTO `work_info` VALUES('C00000026','176');
REPLACE INTO `work_info` VALUES('C00000031','176');
REPLACE INTO `work_info` VALUES('C00000033','176');
REPLACE INTO `work_info` VALUES('C00000041','176');
REPLACE INTO `work_info` VALUES('C00000047','176');
REPLACE INTO `work_info` VALUES('C00000048','176');
REPLACE INTO `work_info` VALUES('C00001004','176');
REPLACE INTO `work_info` VALUES('C00001018','176');
REPLACE INTO `work_info` VALUES('C00001019','176');
REPLACE INTO `work_info` VALUES('C00000015','177');
REPLACE INTO `work_info` VALUES('C00000019','177');
REPLACE INTO `work_info` VALUES('C00000020','177');
REPLACE INTO `work_info` VALUES('C00000023','177');
REPLACE INTO `work_info` VALUES('C00000030','177');
REPLACE INTO `work_info` VALUES('C00000032','177');
REPLACE INTO `work_info` VALUES('C00000037','177');
REPLACE INTO `work_info` VALUES('C00000038','177');
REPLACE INTO `work_info` VALUES('C00000044','177');
REPLACE INTO `work_info` VALUES('C00000049','177');
REPLACE INTO `work_info` VALUES('C00001002','177');
REPLACE INTO `work_info` VALUES('C00001005','177');
REPLACE INTO `work_info` VALUES('C00001020','177');
REPLACE INTO `work_info` VALUES('C00000001','178');
REPLACE INTO `work_info` VALUES('C00000002','178');
REPLACE INTO `work_info` VALUES('C00000005','178');
REPLACE INTO `work_info` VALUES('C00000014','178');
REPLACE INTO `work_info` VALUES('C00000018','178');
REPLACE INTO `work_info` VALUES('C00000021','178');
REPLACE INTO `work_info` VALUES('C00000022','178');
REPLACE INTO `work_info` VALUES('C00000027','178');
REPLACE INTO `work_info` VALUES('C00000028','178');
REPLACE INTO `work_info` VALUES('C00000034','178');
REPLACE INTO `work_info` VALUES('C00000035','178');
REPLACE INTO `work_info` VALUES('C00000043','178');
REPLACE INTO `work_info` VALUES('C00000045','178');
REPLACE INTO `work_info` VALUES('C00000046','178');
REPLACE INTO `work_info` VALUES('C00001003','178');
REPLACE INTO `work_info` VALUES('C00001006','178');
REPLACE INTO `work_info` VALUES('C00001007','178');
REPLACE INTO `work_info` VALUES('C00001008','178');
REPLACE INTO `work_info` VALUES('C00001011','178');
REPLACE INTO `work_info` VALUES('C00001013','178');
REPLACE INTO `work_info` VALUES('C00001016','178');
REPLACE INTO `work_info` VALUES('C00000008','179');
REPLACE INTO `work_info` VALUES('C00000010','179');
REPLACE INTO `work_info` VALUES('C00000011','179');
REPLACE INTO `work_info` VALUES('C00000013','179');
REPLACE INTO `work_info` VALUES('C00000017','179');
REPLACE INTO `work_info` VALUES('C00000024','179');
REPLACE INTO `work_info` VALUES('C00000029','179');
REPLACE INTO `work_info` VALUES('C00000036','179');
REPLACE INTO `work_info` VALUES('C00000039','179');
REPLACE INTO `work_info` VALUES('C00000040','179');
REPLACE INTO `work_info` VALUES('C00000042','179');
REPLACE INTO `work_info` VALUES('C00000050','179');
REPLACE INTO `work_info` VALUES('C00001009','179');
REPLACE INTO `work_info` VALUES('C00001010','179');
REPLACE INTO `work_info` VALUES('C00001014','179');
REPLACE INTO `work_info` VALUES('C00001015','179');
REPLACE INTO `work_info` VALUES('C00001017','179');
REPLACE INTO `work_info` VALUES('C00000003','180');
REPLACE INTO `work_info` VALUES('C00000004','180');
REPLACE INTO `work_info` VALUES('C00000006','180');
REPLACE INTO `work_info` VALUES('C00000007','180');
REPLACE INTO `work_info` VALUES('C00000009','180');
REPLACE INTO `work_info` VALUES('C00000012','180');
REPLACE INTO `work_info` VALUES('C00000016','180');
REPLACE INTO `work_info` VALUES('C00000025','180');
REPLACE INTO `work_info` VALUES('C00000026','180');
REPLACE INTO `work_info` VALUES('C00000031','180');
REPLACE INTO `work_info` VALUES('C00000033','180');
REPLACE INTO `work_info` VALUES('C00000041','180');
REPLACE INTO `work_info` VALUES('C00000047','180');
REPLACE INTO `work_info` VALUES('C00000048','180');
REPLACE INTO `work_info` VALUES('C00001004','180');
REPLACE INTO `work_info` VALUES('C00001018','180');
REPLACE INTO `work_info` VALUES('C00001019','180');
REPLACE INTO `work_info` VALUES('C00000015','181');
REPLACE INTO `work_info` VALUES('C00000019','181');
REPLACE INTO `work_info` VALUES('C00000020','181');
REPLACE INTO `work_info` VALUES('C00000023','181');
REPLACE INTO `work_info` VALUES('C00000030','181');
REPLACE INTO `work_info` VALUES('C00000032','181');
REPLACE INTO `work_info` VALUES('C00000037','181');
REPLACE INTO `work_info` VALUES('C00000038','181');
REPLACE INTO `work_info` VALUES('C00000044','181');
REPLACE INTO `work_info` VALUES('C00000049','181');
REPLACE INTO `work_info` VALUES('C00001002','181');
REPLACE INTO `work_info` VALUES('C00001005','181');
REPLACE INTO `work_info` VALUES('C00001020','181');
REPLACE INTO `work_info` VALUES('C00000001','182');
REPLACE INTO `work_info` VALUES('C00000002','182');
REPLACE INTO `work_info` VALUES('C00000005','182');
REPLACE INTO `work_info` VALUES('C00000014','182');
REPLACE INTO `work_info` VALUES('C00000018','182');
REPLACE INTO `work_info` VALUES('C00000021','182');
REPLACE INTO `work_info` VALUES('C00000022','182');
REPLACE INTO `work_info` VALUES('C00000027','182');
REPLACE INTO `work_info` VALUES('C00000028','182');
REPLACE INTO `work_info` VALUES('C00000034','182');
REPLACE INTO `work_info` VALUES('C00000035','182');
REPLACE INTO `work_info` VALUES('C00000043','182');
REPLACE INTO `work_info` VALUES('C00000045','182');
REPLACE INTO `work_info` VALUES('C00000046','182');
REPLACE INTO `work_info` VALUES('C00001003','182');
REPLACE INTO `work_info` VALUES('C00001006','182');
REPLACE INTO `work_info` VALUES('C00001007','182');
REPLACE INTO `work_info` VALUES('C00001008','182');
REPLACE INTO `work_info` VALUES('C00001011','182');
REPLACE INTO `work_info` VALUES('C00001013','182');
REPLACE INTO `work_info` VALUES('C00001016','182');
REPLACE INTO `work_info` VALUES('C00000008','183');
REPLACE INTO `work_info` VALUES('C00000010','183');
REPLACE INTO `work_info` VALUES('C00000011','183');
REPLACE INTO `work_info` VALUES('C00000013','183');
REPLACE INTO `work_info` VALUES('C00000017','183');
REPLACE INTO `work_info` VALUES('C00000024','183');
REPLACE INTO `work_info` VALUES('C00000029','183');
REPLACE INTO `work_info` VALUES('C00000036','183');
REPLACE INTO `work_info` VALUES('C00000039','183');
REPLACE INTO `work_info` VALUES('C00000040','183');
REPLACE INTO `work_info` VALUES('C00000042','183');
REPLACE INTO `work_info` VALUES('C00000050','183');
REPLACE INTO `work_info` VALUES('C00001009','183');
REPLACE INTO `work_info` VALUES('C00001010','183');
REPLACE INTO `work_info` VALUES('C00001014','183');
REPLACE INTO `work_info` VALUES('C00001015','183');
REPLACE INTO `work_info` VALUES('C00001017','183');
REPLACE INTO `work_info` VALUES('C00000003','184');
REPLACE INTO `work_info` VALUES('C00000004','184');
REPLACE INTO `work_info` VALUES('C00000006','184');
REPLACE INTO `work_info` VALUES('C00000007','184');
REPLACE INTO `work_info` VALUES('C00000009','184');
REPLACE INTO `work_info` VALUES('C00000012','184');
REPLACE INTO `work_info` VALUES('C00000016','184');
REPLACE INTO `work_info` VALUES('C00000025','184');
REPLACE INTO `work_info` VALUES('C00000026','184');
REPLACE INTO `work_info` VALUES('C00000031','184');
REPLACE INTO `work_info` VALUES('C00000033','184');
REPLACE INTO `work_info` VALUES('C00000041','184');
REPLACE INTO `work_info` VALUES('C00000047','184');
REPLACE INTO `work_info` VALUES('C00000048','184');
REPLACE INTO `work_info` VALUES('C00001004','184');
REPLACE INTO `work_info` VALUES('C00001018','184');
REPLACE INTO `work_info` VALUES('C00001019','184');
REPLACE INTO `work_info` VALUES('C00000015','185');
REPLACE INTO `work_info` VALUES('C00000019','185');
REPLACE INTO `work_info` VALUES('C00000020','185');
REPLACE INTO `work_info` VALUES('C00000023','185');
REPLACE INTO `work_info` VALUES('C00000030','185');
REPLACE INTO `work_info` VALUES('C00000032','185');
REPLACE INTO `work_info` VALUES('C00000037','185');
REPLACE INTO `work_info` VALUES('C00000038','185');
REPLACE INTO `work_info` VALUES('C00000044','185');
REPLACE INTO `work_info` VALUES('C00000049','185');
REPLACE INTO `work_info` VALUES('C00001002','185');
REPLACE INTO `work_info` VALUES('C00001005','185');
REPLACE INTO `work_info` VALUES('C00001020','185');
REPLACE INTO `work_info` VALUES('C00000001','186');
REPLACE INTO `work_info` VALUES('C00000002','186');
REPLACE INTO `work_info` VALUES('C00000005','186');
REPLACE INTO `work_info` VALUES('C00000014','186');
REPLACE INTO `work_info` VALUES('C00000018','186');
REPLACE INTO `work_info` VALUES('C00000021','186');
REPLACE INTO `work_info` VALUES('C00000022','186');
REPLACE INTO `work_info` VALUES('C00000027','186');
REPLACE INTO `work_info` VALUES('C00000028','186');
REPLACE INTO `work_info` VALUES('C00000034','186');
REPLACE INTO `work_info` VALUES('C00000035','186');
REPLACE INTO `work_info` VALUES('C00000043','186');
REPLACE INTO `work_info` VALUES('C00000045','186');
REPLACE INTO `work_info` VALUES('C00000046','186');
REPLACE INTO `work_info` VALUES('C00001003','186');
REPLACE INTO `work_info` VALUES('C00001006','186');
REPLACE INTO `work_info` VALUES('C00001007','186');
REPLACE INTO `work_info` VALUES('C00001008','186');
REPLACE INTO `work_info` VALUES('C00001011','186');
REPLACE INTO `work_info` VALUES('C00001013','186');
REPLACE INTO `work_info` VALUES('C00001016','186');
REPLACE INTO `work_info` VALUES('C00000008','187');
REPLACE INTO `work_info` VALUES('C00000010','187');
REPLACE INTO `work_info` VALUES('C00000011','187');
REPLACE INTO `work_info` VALUES('C00000013','187');
REPLACE INTO `work_info` VALUES('C00000017','187');
REPLACE INTO `work_info` VALUES('C00000024','187');
REPLACE INTO `work_info` VALUES('C00000029','187');
REPLACE INTO `work_info` VALUES('C00000036','187');
REPLACE INTO `work_info` VALUES('C00000039','187');
REPLACE INTO `work_info` VALUES('C00000040','187');
REPLACE INTO `work_info` VALUES('C00000042','187');
REPLACE INTO `work_info` VALUES('C00000050','187');
REPLACE INTO `work_info` VALUES('C00001009','187');
REPLACE INTO `work_info` VALUES('C00001010','187');
REPLACE INTO `work_info` VALUES('C00001014','187');
REPLACE INTO `work_info` VALUES('C00001015','187');
REPLACE INTO `work_info` VALUES('C00001017','187');
REPLACE INTO `work_info` VALUES('C00000003','188');
REPLACE INTO `work_info` VALUES('C00000004','188');
REPLACE INTO `work_info` VALUES('C00000006','188');
REPLACE INTO `work_info` VALUES('C00000007','188');
REPLACE INTO `work_info` VALUES('C00000009','188');
REPLACE INTO `work_info` VALUES('C00000012','188');
REPLACE INTO `work_info` VALUES('C00000016','188');
REPLACE INTO `work_info` VALUES('C00000025','188');
REPLACE INTO `work_info` VALUES('C00000026','188');
REPLACE INTO `work_info` VALUES('C00000031','188');
REPLACE INTO `work_info` VALUES('C00000033','188');
REPLACE INTO `work_info` VALUES('C00000041','188');
REPLACE INTO `work_info` VALUES('C00000047','188');
REPLACE INTO `work_info` VALUES('C00000048','188');
REPLACE INTO `work_info` VALUES('C00001004','188');
REPLACE INTO `work_info` VALUES('C00001018','188');
REPLACE INTO `work_info` VALUES('C00001019','188');
REPLACE INTO `work_info` VALUES('C00000015','189');
REPLACE INTO `work_info` VALUES('C00000019','189');
REPLACE INTO `work_info` VALUES('C00000020','189');
REPLACE INTO `work_info` VALUES('C00000023','189');
REPLACE INTO `work_info` VALUES('C00000030','189');
REPLACE INTO `work_info` VALUES('C00000032','189');
REPLACE INTO `work_info` VALUES('C00000037','189');
REPLACE INTO `work_info` VALUES('C00000038','189');
REPLACE INTO `work_info` VALUES('C00000044','189');
REPLACE INTO `work_info` VALUES('C00000049','189');
REPLACE INTO `work_info` VALUES('C00001002','189');
REPLACE INTO `work_info` VALUES('C00001005','189');
REPLACE INTO `work_info` VALUES('C00001020','189');
REPLACE INTO `work_info` VALUES('C00000001','190');
REPLACE INTO `work_info` VALUES('C00000002','190');
REPLACE INTO `work_info` VALUES('C00000005','190');
REPLACE INTO `work_info` VALUES('C00000014','190');
REPLACE INTO `work_info` VALUES('C00000018','190');
REPLACE INTO `work_info` VALUES('C00000021','190');
REPLACE INTO `work_info` VALUES('C00000022','190');
REPLACE INTO `work_info` VALUES('C00000027','190');
REPLACE INTO `work_info` VALUES('C00000028','190');
REPLACE INTO `work_info` VALUES('C00000034','190');
REPLACE INTO `work_info` VALUES('C00000035','190');
REPLACE INTO `work_info` VALUES('C00000043','190');
REPLACE INTO `work_info` VALUES('C00000045','190');
REPLACE INTO `work_info` VALUES('C00000046','190');
REPLACE INTO `work_info` VALUES('C00001003','190');
REPLACE INTO `work_info` VALUES('C00001006','190');
REPLACE INTO `work_info` VALUES('C00001007','190');
REPLACE INTO `work_info` VALUES('C00001008','190');
REPLACE INTO `work_info` VALUES('C00001011','190');
REPLACE INTO `work_info` VALUES('C00001013','190');
REPLACE INTO `work_info` VALUES('C00001016','190');
REPLACE INTO `work_info` VALUES('C00000008','191');
REPLACE INTO `work_info` VALUES('C00000010','191');
REPLACE INTO `work_info` VALUES('C00000011','191');
REPLACE INTO `work_info` VALUES('C00000013','191');
REPLACE INTO `work_info` VALUES('C00000017','191');
REPLACE INTO `work_info` VALUES('C00000024','191');
REPLACE INTO `work_info` VALUES('C00000029','191');
REPLACE INTO `work_info` VALUES('C00000036','191');
REPLACE INTO `work_info` VALUES('C00000039','191');
REPLACE INTO `work_info` VALUES('C00000040','191');
REPLACE INTO `work_info` VALUES('C00000042','191');
REPLACE INTO `work_info` VALUES('C00000050','191');
REPLACE INTO `work_info` VALUES('C00001009','191');
REPLACE INTO `work_info` VALUES('C00001010','191');
REPLACE INTO `work_info` VALUES('C00001014','191');
REPLACE INTO `work_info` VALUES('C00001015','191');
REPLACE INTO `work_info` VALUES('C00001017','191');
REPLACE INTO `work_info` VALUES('C00000003','192');
REPLACE INTO `work_info` VALUES('C00000004','192');
REPLACE INTO `work_info` VALUES('C00000006','192');
REPLACE INTO `work_info` VALUES('C00000007','192');
REPLACE INTO `work_info` VALUES('C00000009','192');
REPLACE INTO `work_info` VALUES('C00000012','192');
REPLACE INTO `work_info` VALUES('C00000016','192');
REPLACE INTO `work_info` VALUES('C00000025','192');
REPLACE INTO `work_info` VALUES('C00000026','192');
REPLACE INTO `work_info` VALUES('C00000031','192');
REPLACE INTO `work_info` VALUES('C00000033','192');
REPLACE INTO `work_info` VALUES('C00000041','192');
REPLACE INTO `work_info` VALUES('C00000047','192');
REPLACE INTO `work_info` VALUES('C00000048','192');
REPLACE INTO `work_info` VALUES('C00001004','192');
REPLACE INTO `work_info` VALUES('C00001018','192');
REPLACE INTO `work_info` VALUES('C00001019','192');
REPLACE INTO `work_info` VALUES('C00000015','193');
REPLACE INTO `work_info` VALUES('C00000019','193');
REPLACE INTO `work_info` VALUES('C00000020','193');
REPLACE INTO `work_info` VALUES('C00000023','193');
REPLACE INTO `work_info` VALUES('C00000030','193');
REPLACE INTO `work_info` VALUES('C00000032','193');
REPLACE INTO `work_info` VALUES('C00000037','193');
REPLACE INTO `work_info` VALUES('C00000038','193');
REPLACE INTO `work_info` VALUES('C00000044','193');
REPLACE INTO `work_info` VALUES('C00000049','193');
REPLACE INTO `work_info` VALUES('C00001002','193');
REPLACE INTO `work_info` VALUES('C00001005','193');
REPLACE INTO `work_info` VALUES('C00001020','193');
REPLACE INTO `work_info` VALUES('C00000001','194');
REPLACE INTO `work_info` VALUES('C00000002','194');
REPLACE INTO `work_info` VALUES('C00000005','194');
REPLACE INTO `work_info` VALUES('C00000014','194');
REPLACE INTO `work_info` VALUES('C00000018','194');
REPLACE INTO `work_info` VALUES('C00000021','194');
REPLACE INTO `work_info` VALUES('C00000022','194');
REPLACE INTO `work_info` VALUES('C00000027','194');
REPLACE INTO `work_info` VALUES('C00000028','194');
REPLACE INTO `work_info` VALUES('C00000034','194');
REPLACE INTO `work_info` VALUES('C00000035','194');
REPLACE INTO `work_info` VALUES('C00000043','194');
REPLACE INTO `work_info` VALUES('C00000045','194');
REPLACE INTO `work_info` VALUES('C00000046','194');
REPLACE INTO `work_info` VALUES('C00001003','194');
REPLACE INTO `work_info` VALUES('C00001006','194');
REPLACE INTO `work_info` VALUES('C00001007','194');
REPLACE INTO `work_info` VALUES('C00001008','194');
REPLACE INTO `work_info` VALUES('C00001011','194');
REPLACE INTO `work_info` VALUES('C00001013','194');
REPLACE INTO `work_info` VALUES('C00001016','194');
REPLACE INTO `work_info` VALUES('C00000008','195');
REPLACE INTO `work_info` VALUES('C00000011','195');
REPLACE INTO `work_info` VALUES('C00000013','195');
REPLACE INTO `work_info` VALUES('C00000017','195');
REPLACE INTO `work_info` VALUES('C00000024','195');
REPLACE INTO `work_info` VALUES('C00000029','195');
REPLACE INTO `work_info` VALUES('C00000036','195');
REPLACE INTO `work_info` VALUES('C00000039','195');
REPLACE INTO `work_info` VALUES('C00000040','195');
REPLACE INTO `work_info` VALUES('C00000042','195');
REPLACE INTO `work_info` VALUES('C00000050','195');
REPLACE INTO `work_info` VALUES('C00001002','195');
REPLACE INTO `work_info` VALUES('C00001009','195');
REPLACE INTO `work_info` VALUES('C00001010','195');
REPLACE INTO `work_info` VALUES('C00001014','195');
REPLACE INTO `work_info` VALUES('C00001015','195');
REPLACE INTO `work_info` VALUES('C00001017','195');
REPLACE INTO `work_info` VALUES('C00000003','196');
REPLACE INTO `work_info` VALUES('C00000004','196');
REPLACE INTO `work_info` VALUES('C00000006','196');
REPLACE INTO `work_info` VALUES('C00000007','196');
REPLACE INTO `work_info` VALUES('C00000009','196');
REPLACE INTO `work_info` VALUES('C00000012','196');
REPLACE INTO `work_info` VALUES('C00000016','196');
REPLACE INTO `work_info` VALUES('C00000025','196');
REPLACE INTO `work_info` VALUES('C00000026','196');
REPLACE INTO `work_info` VALUES('C00000031','196');
REPLACE INTO `work_info` VALUES('C00000033','196');
REPLACE INTO `work_info` VALUES('C00000041','196');
REPLACE INTO `work_info` VALUES('C00000047','196');
REPLACE INTO `work_info` VALUES('C00000048','196');
REPLACE INTO `work_info` VALUES('C00001004','196');
REPLACE INTO `work_info` VALUES('C00001018','196');
REPLACE INTO `work_info` VALUES('C00001019','196');
REPLACE INTO `work_info` VALUES('C00000015','197');
REPLACE INTO `work_info` VALUES('C00000019','197');
REPLACE INTO `work_info` VALUES('C00000020','197');
REPLACE INTO `work_info` VALUES('C00000023','197');
REPLACE INTO `work_info` VALUES('C00000030','197');
REPLACE INTO `work_info` VALUES('C00000032','197');
REPLACE INTO `work_info` VALUES('C00000037','197');
REPLACE INTO `work_info` VALUES('C00000038','197');
REPLACE INTO `work_info` VALUES('C00000044','197');
REPLACE INTO `work_info` VALUES('C00000049','197');
REPLACE INTO `work_info` VALUES('C00001002','197');
REPLACE INTO `work_info` VALUES('C00001005','197');
REPLACE INTO `work_info` VALUES('C00001020','197');
REPLACE INTO `work_info` VALUES('C00000001','198');
REPLACE INTO `work_info` VALUES('C00000002','198');
REPLACE INTO `work_info` VALUES('C00000005','198');
REPLACE INTO `work_info` VALUES('C00000014','198');
REPLACE INTO `work_info` VALUES('C00000018','198');
REPLACE INTO `work_info` VALUES('C00000021','198');
REPLACE INTO `work_info` VALUES('C00000022','198');
REPLACE INTO `work_info` VALUES('C00000027','198');
REPLACE INTO `work_info` VALUES('C00000028','198');
REPLACE INTO `work_info` VALUES('C00000034','198');
REPLACE INTO `work_info` VALUES('C00000035','198');
REPLACE INTO `work_info` VALUES('C00000043','198');
REPLACE INTO `work_info` VALUES('C00000045','198');
REPLACE INTO `work_info` VALUES('C00000046','198');
REPLACE INTO `work_info` VALUES('C00001003','198');
REPLACE INTO `work_info` VALUES('C00001006','198');
REPLACE INTO `work_info` VALUES('C00001007','198');
REPLACE INTO `work_info` VALUES('C00001008','198');
REPLACE INTO `work_info` VALUES('C00001011','198');
REPLACE INTO `work_info` VALUES('C00001013','198');
REPLACE INTO `work_info` VALUES('C00001016','198');
REPLACE INTO `work_info` VALUES('C00000008','199');
REPLACE INTO `work_info` VALUES('C00000010','199');
REPLACE INTO `work_info` VALUES('C00000011','199');
REPLACE INTO `work_info` VALUES('C00000013','199');
REPLACE INTO `work_info` VALUES('C00000017','199');
REPLACE INTO `work_info` VALUES('C00000024','199');
REPLACE INTO `work_info` VALUES('C00000029','199');
REPLACE INTO `work_info` VALUES('C00000036','199');
REPLACE INTO `work_info` VALUES('C00000039','199');
REPLACE INTO `work_info` VALUES('C00000040','199');
REPLACE INTO `work_info` VALUES('C00000042','199');
REPLACE INTO `work_info` VALUES('C00000050','199');
REPLACE INTO `work_info` VALUES('C00001009','199');
REPLACE INTO `work_info` VALUES('C00001010','199');
REPLACE INTO `work_info` VALUES('C00001014','199');
REPLACE INTO `work_info` VALUES('C00001015','199');
REPLACE INTO `work_info` VALUES('C00001017','199');
REPLACE INTO `work_info` VALUES('C00000003','200');
REPLACE INTO `work_info` VALUES('C00000004','200');
REPLACE INTO `work_info` VALUES('C00000006','200');
REPLACE INTO `work_info` VALUES('C00000007','200');
REPLACE INTO `work_info` VALUES('C00000009','200');
REPLACE INTO `work_info` VALUES('C00000012','200');
REPLACE INTO `work_info` VALUES('C00000016','200');
REPLACE INTO `work_info` VALUES('C00000025','200');
REPLACE INTO `work_info` VALUES('C00000026','200');
REPLACE INTO `work_info` VALUES('C00000031','200');
REPLACE INTO `work_info` VALUES('C00000033','200');
REPLACE INTO `work_info` VALUES('C00000041','200');
REPLACE INTO `work_info` VALUES('C00000047','200');
REPLACE INTO `work_info` VALUES('C00000048','200');
REPLACE INTO `work_info` VALUES('C00001004','200');
REPLACE INTO `work_info` VALUES('C00001018','200');
REPLACE INTO `work_info` VALUES('C00001019','200');
REPLACE INTO `work_info` VALUES('C00000015','201');
REPLACE INTO `work_info` VALUES('C00000019','201');
REPLACE INTO `work_info` VALUES('C00000020','201');
REPLACE INTO `work_info` VALUES('C00000023','201');
REPLACE INTO `work_info` VALUES('C00000030','201');
REPLACE INTO `work_info` VALUES('C00000032','201');
REPLACE INTO `work_info` VALUES('C00000037','201');
REPLACE INTO `work_info` VALUES('C00000038','201');
REPLACE INTO `work_info` VALUES('C00000044','201');
REPLACE INTO `work_info` VALUES('C00000049','201');
REPLACE INTO `work_info` VALUES('C00001002','201');
REPLACE INTO `work_info` VALUES('C00001005','201');
REPLACE INTO `work_info` VALUES('C00001020','201');
REPLACE INTO `work_info` VALUES('C00000001','202');
REPLACE INTO `work_info` VALUES('C00000002','202');
REPLACE INTO `work_info` VALUES('C00000005','202');
REPLACE INTO `work_info` VALUES('C00000014','202');
REPLACE INTO `work_info` VALUES('C00000018','202');
REPLACE INTO `work_info` VALUES('C00000021','202');
REPLACE INTO `work_info` VALUES('C00000022','202');
REPLACE INTO `work_info` VALUES('C00000027','202');
REPLACE INTO `work_info` VALUES('C00000028','202');
REPLACE INTO `work_info` VALUES('C00000034','202');
REPLACE INTO `work_info` VALUES('C00000035','202');
REPLACE INTO `work_info` VALUES('C00000043','202');
REPLACE INTO `work_info` VALUES('C00000045','202');
REPLACE INTO `work_info` VALUES('C00000046','202');
REPLACE INTO `work_info` VALUES('C00001003','202');
REPLACE INTO `work_info` VALUES('C00001006','202');
REPLACE INTO `work_info` VALUES('C00001007','202');
REPLACE INTO `work_info` VALUES('C00001008','202');
REPLACE INTO `work_info` VALUES('C00001011','202');
REPLACE INTO `work_info` VALUES('C00001013','202');
REPLACE INTO `work_info` VALUES('C00001016','202');
REPLACE INTO `work_info` VALUES('C00000008','203');
REPLACE INTO `work_info` VALUES('C00000010','203');
REPLACE INTO `work_info` VALUES('C00000011','203');
REPLACE INTO `work_info` VALUES('C00000013','203');
REPLACE INTO `work_info` VALUES('C00000017','203');
REPLACE INTO `work_info` VALUES('C00000024','203');
REPLACE INTO `work_info` VALUES('C00000029','203');
REPLACE INTO `work_info` VALUES('C00000036','203');
REPLACE INTO `work_info` VALUES('C00000039','203');
REPLACE INTO `work_info` VALUES('C00000040','203');
REPLACE INTO `work_info` VALUES('C00000042','203');
REPLACE INTO `work_info` VALUES('C00000050','203');
REPLACE INTO `work_info` VALUES('C00001009','203');
REPLACE INTO `work_info` VALUES('C00001010','203');
REPLACE INTO `work_info` VALUES('C00001014','203');
REPLACE INTO `work_info` VALUES('C00001015','203');
REPLACE INTO `work_info` VALUES('C00001017','203');
REPLACE INTO `work_info` VALUES('C00000003','204');
REPLACE INTO `work_info` VALUES('C00000004','204');
REPLACE INTO `work_info` VALUES('C00000006','204');
REPLACE INTO `work_info` VALUES('C00000007','204');
REPLACE INTO `work_info` VALUES('C00000009','204');
REPLACE INTO `work_info` VALUES('C00000012','204');
REPLACE INTO `work_info` VALUES('C00000016','204');
REPLACE INTO `work_info` VALUES('C00000025','204');
REPLACE INTO `work_info` VALUES('C00000026','204');
REPLACE INTO `work_info` VALUES('C00000031','204');
REPLACE INTO `work_info` VALUES('C00000033','204');
REPLACE INTO `work_info` VALUES('C00000041','204');
REPLACE INTO `work_info` VALUES('C00000047','204');
REPLACE INTO `work_info` VALUES('C00000048','204');
REPLACE INTO `work_info` VALUES('C00001004','204');
REPLACE INTO `work_info` VALUES('C00001018','204');
REPLACE INTO `work_info` VALUES('C00001019','204');
REPLACE INTO `work_info` VALUES('C00000015','205');
REPLACE INTO `work_info` VALUES('C00000019','205');
REPLACE INTO `work_info` VALUES('C00000020','205');
REPLACE INTO `work_info` VALUES('C00000023','205');
REPLACE INTO `work_info` VALUES('C00000030','205');
REPLACE INTO `work_info` VALUES('C00000032','205');
REPLACE INTO `work_info` VALUES('C00000037','205');
REPLACE INTO `work_info` VALUES('C00000038','205');
REPLACE INTO `work_info` VALUES('C00000044','205');
REPLACE INTO `work_info` VALUES('C00000049','205');
REPLACE INTO `work_info` VALUES('C00001002','205');
REPLACE INTO `work_info` VALUES('C00001005','205');
REPLACE INTO `work_info` VALUES('C00001020','205');
REPLACE INTO `work_info` VALUES('C00000001','206');
REPLACE INTO `work_info` VALUES('C00000002','206');
REPLACE INTO `work_info` VALUES('C00000005','206');
REPLACE INTO `work_info` VALUES('C00000014','206');
REPLACE INTO `work_info` VALUES('C00000018','206');
REPLACE INTO `work_info` VALUES('C00000021','206');
REPLACE INTO `work_info` VALUES('C00000022','206');
REPLACE INTO `work_info` VALUES('C00000027','206');
REPLACE INTO `work_info` VALUES('C00000028','206');
REPLACE INTO `work_info` VALUES('C00000034','206');
REPLACE INTO `work_info` VALUES('C00000035','206');
REPLACE INTO `work_info` VALUES('C00000043','206');
REPLACE INTO `work_info` VALUES('C00000045','206');
REPLACE INTO `work_info` VALUES('C00000046','206');
REPLACE INTO `work_info` VALUES('C00001003','206');
REPLACE INTO `work_info` VALUES('C00001006','206');
REPLACE INTO `work_info` VALUES('C00001007','206');
REPLACE INTO `work_info` VALUES('C00001008','206');
REPLACE INTO `work_info` VALUES('C00001011','206');
REPLACE INTO `work_info` VALUES('C00001013','206');
REPLACE INTO `work_info` VALUES('C00001016','206');
REPLACE INTO `work_info` VALUES('C00000008','207');
REPLACE INTO `work_info` VALUES('C00000010','207');
REPLACE INTO `work_info` VALUES('C00000011','207');
REPLACE INTO `work_info` VALUES('C00000013','207');
REPLACE INTO `work_info` VALUES('C00000017','207');
REPLACE INTO `work_info` VALUES('C00000024','207');
REPLACE INTO `work_info` VALUES('C00000029','207');
REPLACE INTO `work_info` VALUES('C00000036','207');
REPLACE INTO `work_info` VALUES('C00000039','207');
REPLACE INTO `work_info` VALUES('C00000040','207');
REPLACE INTO `work_info` VALUES('C00000042','207');
REPLACE INTO `work_info` VALUES('C00000050','207');
REPLACE INTO `work_info` VALUES('C00001009','207');
REPLACE INTO `work_info` VALUES('C00001010','207');
REPLACE INTO `work_info` VALUES('C00001014','207');
REPLACE INTO `work_info` VALUES('C00001015','207');
REPLACE INTO `work_info` VALUES('C00001017','207');
REPLACE INTO `work_info` VALUES('C00000003','208');
REPLACE INTO `work_info` VALUES('C00000004','208');
REPLACE INTO `work_info` VALUES('C00000006','208');
REPLACE INTO `work_info` VALUES('C00000007','208');
REPLACE INTO `work_info` VALUES('C00000009','208');
REPLACE INTO `work_info` VALUES('C00000012','208');
REPLACE INTO `work_info` VALUES('C00000016','208');
REPLACE INTO `work_info` VALUES('C00000025','208');
REPLACE INTO `work_info` VALUES('C00000026','208');
REPLACE INTO `work_info` VALUES('C00000031','208');
REPLACE INTO `work_info` VALUES('C00000033','208');
REPLACE INTO `work_info` VALUES('C00000041','208');
REPLACE INTO `work_info` VALUES('C00000047','208');
REPLACE INTO `work_info` VALUES('C00000048','208');
REPLACE INTO `work_info` VALUES('C00001004','208');
REPLACE INTO `work_info` VALUES('C00001018','208');
REPLACE INTO `work_info` VALUES('C00001019','208');
REPLACE INTO `work_info` VALUES('C00000015','209');
REPLACE INTO `work_info` VALUES('C00000019','209');
REPLACE INTO `work_info` VALUES('C00000020','209');
REPLACE INTO `work_info` VALUES('C00000023','209');
REPLACE INTO `work_info` VALUES('C00000030','209');
REPLACE INTO `work_info` VALUES('C00000032','209');
REPLACE INTO `work_info` VALUES('C00000037','209');
REPLACE INTO `work_info` VALUES('C00000038','209');
REPLACE INTO `work_info` VALUES('C00000044','209');
REPLACE INTO `work_info` VALUES('C00000049','209');
REPLACE INTO `work_info` VALUES('C00001002','209');
REPLACE INTO `work_info` VALUES('C00001005','209');
REPLACE INTO `work_info` VALUES('C00001020','209');
REPLACE INTO `work_info` VALUES('C00000001','210');
REPLACE INTO `work_info` VALUES('C00000002','210');
REPLACE INTO `work_info` VALUES('C00000005','210');
REPLACE INTO `work_info` VALUES('C00000014','210');
REPLACE INTO `work_info` VALUES('C00000018','210');
REPLACE INTO `work_info` VALUES('C00000021','210');
REPLACE INTO `work_info` VALUES('C00000022','210');
REPLACE INTO `work_info` VALUES('C00000027','210');
REPLACE INTO `work_info` VALUES('C00000028','210');
REPLACE INTO `work_info` VALUES('C00000034','210');
REPLACE INTO `work_info` VALUES('C00000035','210');
REPLACE INTO `work_info` VALUES('C00000043','210');
REPLACE INTO `work_info` VALUES('C00000045','210');
REPLACE INTO `work_info` VALUES('C00000046','210');
REPLACE INTO `work_info` VALUES('C00001003','210');
REPLACE INTO `work_info` VALUES('C00001006','210');
REPLACE INTO `work_info` VALUES('C00001007','210');
REPLACE INTO `work_info` VALUES('C00001008','210');
REPLACE INTO `work_info` VALUES('C00001011','210');
REPLACE INTO `work_info` VALUES('C00001013','210');
REPLACE INTO `work_info` VALUES('C00001016','210');
REPLACE INTO `work_info` VALUES('C00000008','211');
REPLACE INTO `work_info` VALUES('C00000010','211');
REPLACE INTO `work_info` VALUES('C00000011','211');
REPLACE INTO `work_info` VALUES('C00000013','211');
REPLACE INTO `work_info` VALUES('C00000017','211');
REPLACE INTO `work_info` VALUES('C00000024','211');
REPLACE INTO `work_info` VALUES('C00000029','211');
REPLACE INTO `work_info` VALUES('C00000036','211');
REPLACE INTO `work_info` VALUES('C00000039','211');
REPLACE INTO `work_info` VALUES('C00000040','211');
REPLACE INTO `work_info` VALUES('C00000042','211');
REPLACE INTO `work_info` VALUES('C00000050','211');
REPLACE INTO `work_info` VALUES('C00001009','211');
REPLACE INTO `work_info` VALUES('C00001010','211');
REPLACE INTO `work_info` VALUES('C00001014','211');
REPLACE INTO `work_info` VALUES('C00001015','211');
REPLACE INTO `work_info` VALUES('C00001017','211');
REPLACE INTO `work_info` VALUES('C00000003','212');
REPLACE INTO `work_info` VALUES('C00000004','212');
REPLACE INTO `work_info` VALUES('C00000006','212');
REPLACE INTO `work_info` VALUES('C00000007','212');
REPLACE INTO `work_info` VALUES('C00000009','212');
REPLACE INTO `work_info` VALUES('C00000012','212');
REPLACE INTO `work_info` VALUES('C00000016','212');
REPLACE INTO `work_info` VALUES('C00000025','212');
REPLACE INTO `work_info` VALUES('C00000026','212');
REPLACE INTO `work_info` VALUES('C00000031','212');
REPLACE INTO `work_info` VALUES('C00000033','212');
REPLACE INTO `work_info` VALUES('C00000041','212');
REPLACE INTO `work_info` VALUES('C00000047','212');
REPLACE INTO `work_info` VALUES('C00000048','212');
REPLACE INTO `work_info` VALUES('C00001004','212');
REPLACE INTO `work_info` VALUES('C00001018','212');
REPLACE INTO `work_info` VALUES('C00001019','212');
REPLACE INTO `work_info` VALUES('C00000015','213');
REPLACE INTO `work_info` VALUES('C00000019','213');
REPLACE INTO `work_info` VALUES('C00000020','213');
REPLACE INTO `work_info` VALUES('C00000023','213');
REPLACE INTO `work_info` VALUES('C00000030','213');
REPLACE INTO `work_info` VALUES('C00000032','213');
REPLACE INTO `work_info` VALUES('C00000037','213');
REPLACE INTO `work_info` VALUES('C00000038','213');
REPLACE INTO `work_info` VALUES('C00000044','213');
REPLACE INTO `work_info` VALUES('C00000049','213');
REPLACE INTO `work_info` VALUES('C00001002','213');
REPLACE INTO `work_info` VALUES('C00001005','213');
REPLACE INTO `work_info` VALUES('C00001020','213');
REPLACE INTO `work_info` VALUES('C00000001','214');
REPLACE INTO `work_info` VALUES('C00000002','214');
REPLACE INTO `work_info` VALUES('C00000005','214');
REPLACE INTO `work_info` VALUES('C00000014','214');
REPLACE INTO `work_info` VALUES('C00000018','214');
REPLACE INTO `work_info` VALUES('C00000021','214');
REPLACE INTO `work_info` VALUES('C00000022','214');
REPLACE INTO `work_info` VALUES('C00000027','214');
REPLACE INTO `work_info` VALUES('C00000028','214');
REPLACE INTO `work_info` VALUES('C00000034','214');
REPLACE INTO `work_info` VALUES('C00000035','214');
REPLACE INTO `work_info` VALUES('C00000043','214');
REPLACE INTO `work_info` VALUES('C00000045','214');
REPLACE INTO `work_info` VALUES('C00000046','214');
REPLACE INTO `work_info` VALUES('C00001003','214');
REPLACE INTO `work_info` VALUES('C00001006','214');
REPLACE INTO `work_info` VALUES('C00001007','214');
REPLACE INTO `work_info` VALUES('C00001008','214');
REPLACE INTO `work_info` VALUES('C00001011','214');
REPLACE INTO `work_info` VALUES('C00001013','214');
REPLACE INTO `work_info` VALUES('C00001016','214');
REPLACE INTO `work_info` VALUES('C00000008','215');
REPLACE INTO `work_info` VALUES('C00000010','215');
REPLACE INTO `work_info` VALUES('C00000011','215');
REPLACE INTO `work_info` VALUES('C00000013','215');
REPLACE INTO `work_info` VALUES('C00000017','215');
REPLACE INTO `work_info` VALUES('C00000024','215');
REPLACE INTO `work_info` VALUES('C00000029','215');
REPLACE INTO `work_info` VALUES('C00000036','215');
REPLACE INTO `work_info` VALUES('C00000039','215');
REPLACE INTO `work_info` VALUES('C00000040','215');
REPLACE INTO `work_info` VALUES('C00000042','215');
REPLACE INTO `work_info` VALUES('C00000050','215');
REPLACE INTO `work_info` VALUES('C00001009','215');
REPLACE INTO `work_info` VALUES('C00001010','215');
REPLACE INTO `work_info` VALUES('C00001014','215');
REPLACE INTO `work_info` VALUES('C00001015','215');
REPLACE INTO `work_info` VALUES('C00001017','215');
REPLACE INTO `work_info` VALUES('C00000003','216');
REPLACE INTO `work_info` VALUES('C00000004','216');
REPLACE INTO `work_info` VALUES('C00000006','216');
REPLACE INTO `work_info` VALUES('C00000007','216');
REPLACE INTO `work_info` VALUES('C00000009','216');
REPLACE INTO `work_info` VALUES('C00000012','216');
REPLACE INTO `work_info` VALUES('C00000016','216');
REPLACE INTO `work_info` VALUES('C00000025','216');
REPLACE INTO `work_info` VALUES('C00000026','216');
REPLACE INTO `work_info` VALUES('C00000031','216');
REPLACE INTO `work_info` VALUES('C00000033','216');
REPLACE INTO `work_info` VALUES('C00000041','216');
REPLACE INTO `work_info` VALUES('C00000047','216');
REPLACE INTO `work_info` VALUES('C00000048','216');
REPLACE INTO `work_info` VALUES('C00001004','216');
REPLACE INTO `work_info` VALUES('C00001018','216');
REPLACE INTO `work_info` VALUES('C00001019','216');
REPLACE INTO `work_info` VALUES('C00000015','217');
REPLACE INTO `work_info` VALUES('C00000019','217');
REPLACE INTO `work_info` VALUES('C00000020','217');
REPLACE INTO `work_info` VALUES('C00000023','217');
REPLACE INTO `work_info` VALUES('C00000030','217');
REPLACE INTO `work_info` VALUES('C00000032','217');
REPLACE INTO `work_info` VALUES('C00000037','217');
REPLACE INTO `work_info` VALUES('C00000038','217');
REPLACE INTO `work_info` VALUES('C00000044','217');
REPLACE INTO `work_info` VALUES('C00000049','217');
REPLACE INTO `work_info` VALUES('C00001002','217');
REPLACE INTO `work_info` VALUES('C00001005','217');
REPLACE INTO `work_info` VALUES('C00001020','217');
REPLACE INTO `work_info` VALUES('C00000001','218');
REPLACE INTO `work_info` VALUES('C00000002','218');
REPLACE INTO `work_info` VALUES('C00000005','218');
REPLACE INTO `work_info` VALUES('C00000014','218');
REPLACE INTO `work_info` VALUES('C00000018','218');
REPLACE INTO `work_info` VALUES('C00000021','218');
REPLACE INTO `work_info` VALUES('C00000022','218');
REPLACE INTO `work_info` VALUES('C00000027','218');
REPLACE INTO `work_info` VALUES('C00000028','218');
REPLACE INTO `work_info` VALUES('C00000034','218');
REPLACE INTO `work_info` VALUES('C00000035','218');
REPLACE INTO `work_info` VALUES('C00000043','218');
REPLACE INTO `work_info` VALUES('C00000045','218');
REPLACE INTO `work_info` VALUES('C00000046','218');
REPLACE INTO `work_info` VALUES('C00001003','218');
REPLACE INTO `work_info` VALUES('C00001006','218');
REPLACE INTO `work_info` VALUES('C00001007','218');
REPLACE INTO `work_info` VALUES('C00001008','218');
REPLACE INTO `work_info` VALUES('C00001011','218');
REPLACE INTO `work_info` VALUES('C00001013','218');
REPLACE INTO `work_info` VALUES('C00001016','218');
REPLACE INTO `work_info` VALUES('C00000008','219');
REPLACE INTO `work_info` VALUES('C00000010','219');
REPLACE INTO `work_info` VALUES('C00000011','219');
REPLACE INTO `work_info` VALUES('C00000013','219');
REPLACE INTO `work_info` VALUES('C00000017','219');
REPLACE INTO `work_info` VALUES('C00000024','219');
REPLACE INTO `work_info` VALUES('C00000029','219');
REPLACE INTO `work_info` VALUES('C00000036','219');
REPLACE INTO `work_info` VALUES('C00000039','219');
REPLACE INTO `work_info` VALUES('C00000040','219');
REPLACE INTO `work_info` VALUES('C00000042','219');
REPLACE INTO `work_info` VALUES('C00000050','219');
REPLACE INTO `work_info` VALUES('C00001009','219');
REPLACE INTO `work_info` VALUES('C00001010','219');
REPLACE INTO `work_info` VALUES('C00001014','219');
REPLACE INTO `work_info` VALUES('C00001015','219');
REPLACE INTO `work_info` VALUES('C00001017','219');
REPLACE INTO `work_info` VALUES('C00000003','220');
REPLACE INTO `work_info` VALUES('C00000004','220');
REPLACE INTO `work_info` VALUES('C00000006','220');
REPLACE INTO `work_info` VALUES('C00000007','220');
REPLACE INTO `work_info` VALUES('C00000009','220');
REPLACE INTO `work_info` VALUES('C00000012','220');
REPLACE INTO `work_info` VALUES('C00000016','220');
REPLACE INTO `work_info` VALUES('C00000025','220');
REPLACE INTO `work_info` VALUES('C00000026','220');
REPLACE INTO `work_info` VALUES('C00000031','220');
REPLACE INTO `work_info` VALUES('C00000033','220');
REPLACE INTO `work_info` VALUES('C00000041','220');
REPLACE INTO `work_info` VALUES('C00000047','220');
REPLACE INTO `work_info` VALUES('C00000048','220');
REPLACE INTO `work_info` VALUES('C00001004','220');
REPLACE INTO `work_info` VALUES('C00001018','220');
REPLACE INTO `work_info` VALUES('C00001019','220');
REPLACE INTO `work_info` VALUES('C00000015','221');
REPLACE INTO `work_info` VALUES('C00000019','221');
REPLACE INTO `work_info` VALUES('C00000020','221');
REPLACE INTO `work_info` VALUES('C00000023','221');
REPLACE INTO `work_info` VALUES('C00000030','221');
REPLACE INTO `work_info` VALUES('C00000032','221');
REPLACE INTO `work_info` VALUES('C00000037','221');
REPLACE INTO `work_info` VALUES('C00000038','221');
REPLACE INTO `work_info` VALUES('C00000044','221');
REPLACE INTO `work_info` VALUES('C00000049','221');
REPLACE INTO `work_info` VALUES('C00001002','221');
REPLACE INTO `work_info` VALUES('C00001005','221');
REPLACE INTO `work_info` VALUES('C00001020','221');
REPLACE INTO `work_info` VALUES('C00000001','222');
REPLACE INTO `work_info` VALUES('C00000002','222');
REPLACE INTO `work_info` VALUES('C00000005','222');
REPLACE INTO `work_info` VALUES('C00000014','222');
REPLACE INTO `work_info` VALUES('C00000018','222');
REPLACE INTO `work_info` VALUES('C00000021','222');
REPLACE INTO `work_info` VALUES('C00000022','222');
REPLACE INTO `work_info` VALUES('C00000027','222');
REPLACE INTO `work_info` VALUES('C00000028','222');
REPLACE INTO `work_info` VALUES('C00000034','222');
REPLACE INTO `work_info` VALUES('C00000035','222');
REPLACE INTO `work_info` VALUES('C00000043','222');
REPLACE INTO `work_info` VALUES('C00000045','222');
REPLACE INTO `work_info` VALUES('C00000046','222');
REPLACE INTO `work_info` VALUES('C00001003','222');
REPLACE INTO `work_info` VALUES('C00001006','222');
REPLACE INTO `work_info` VALUES('C00001007','222');
REPLACE INTO `work_info` VALUES('C00001008','222');
REPLACE INTO `work_info` VALUES('C00001011','222');
REPLACE INTO `work_info` VALUES('C00001013','222');
REPLACE INTO `work_info` VALUES('C00001016','222');
REPLACE INTO `work_info` VALUES('C00000008','223');
REPLACE INTO `work_info` VALUES('C00000010','223');
REPLACE INTO `work_info` VALUES('C00000011','223');
REPLACE INTO `work_info` VALUES('C00000013','223');
REPLACE INTO `work_info` VALUES('C00000017','223');
REPLACE INTO `work_info` VALUES('C00000024','223');
REPLACE INTO `work_info` VALUES('C00000029','223');
REPLACE INTO `work_info` VALUES('C00000036','223');
REPLACE INTO `work_info` VALUES('C00000039','223');
REPLACE INTO `work_info` VALUES('C00000040','223');
REPLACE INTO `work_info` VALUES('C00000042','223');
REPLACE INTO `work_info` VALUES('C00000050','223');
REPLACE INTO `work_info` VALUES('C00001009','223');
REPLACE INTO `work_info` VALUES('C00001010','223');
REPLACE INTO `work_info` VALUES('C00001014','223');
REPLACE INTO `work_info` VALUES('C00001015','223');
REPLACE INTO `work_info` VALUES('C00001017','223');
REPLACE INTO `work_info` VALUES('C00000003','224');
REPLACE INTO `work_info` VALUES('C00000004','224');
REPLACE INTO `work_info` VALUES('C00000006','224');
REPLACE INTO `work_info` VALUES('C00000007','224');
REPLACE INTO `work_info` VALUES('C00000009','224');
REPLACE INTO `work_info` VALUES('C00000012','224');
REPLACE INTO `work_info` VALUES('C00000016','224');
REPLACE INTO `work_info` VALUES('C00000025','224');
REPLACE INTO `work_info` VALUES('C00000026','224');
REPLACE INTO `work_info` VALUES('C00000031','224');
REPLACE INTO `work_info` VALUES('C00000033','224');
REPLACE INTO `work_info` VALUES('C00000041','224');
REPLACE INTO `work_info` VALUES('C00000047','224');
REPLACE INTO `work_info` VALUES('C00000048','224');
REPLACE INTO `work_info` VALUES('C00001004','224');
REPLACE INTO `work_info` VALUES('C00001018','224');
REPLACE INTO `work_info` VALUES('C00001019','224');
REPLACE INTO `work_info` VALUES('C00000015','225');
REPLACE INTO `work_info` VALUES('C00000019','225');
REPLACE INTO `work_info` VALUES('C00000020','225');
REPLACE INTO `work_info` VALUES('C00000023','225');
REPLACE INTO `work_info` VALUES('C00000030','225');
REPLACE INTO `work_info` VALUES('C00000032','225');
REPLACE INTO `work_info` VALUES('C00000037','225');
REPLACE INTO `work_info` VALUES('C00000038','225');
REPLACE INTO `work_info` VALUES('C00000044','225');
REPLACE INTO `work_info` VALUES('C00000049','225');
REPLACE INTO `work_info` VALUES('C00001002','225');
REPLACE INTO `work_info` VALUES('C00001005','225');
REPLACE INTO `work_info` VALUES('C00001020','225');
REPLACE INTO `work_info` VALUES('C00000001','226');
REPLACE INTO `work_info` VALUES('C00000002','226');
REPLACE INTO `work_info` VALUES('C00000005','226');
REPLACE INTO `work_info` VALUES('C00000014','226');
REPLACE INTO `work_info` VALUES('C00000018','226');
REPLACE INTO `work_info` VALUES('C00000021','226');
REPLACE INTO `work_info` VALUES('C00000022','226');
REPLACE INTO `work_info` VALUES('C00000027','226');
REPLACE INTO `work_info` VALUES('C00000028','226');
REPLACE INTO `work_info` VALUES('C00000034','226');
REPLACE INTO `work_info` VALUES('C00000035','226');
REPLACE INTO `work_info` VALUES('C00000043','226');
REPLACE INTO `work_info` VALUES('C00000045','226');
REPLACE INTO `work_info` VALUES('C00000046','226');
REPLACE INTO `work_info` VALUES('C00001003','226');
REPLACE INTO `work_info` VALUES('C00001006','226');
REPLACE INTO `work_info` VALUES('C00001007','226');
REPLACE INTO `work_info` VALUES('C00001008','226');
REPLACE INTO `work_info` VALUES('C00001011','226');
REPLACE INTO `work_info` VALUES('C00001013','226');
REPLACE INTO `work_info` VALUES('C00001016','226');
REPLACE INTO `work_info` VALUES('C00000008','227');
REPLACE INTO `work_info` VALUES('C00000010','227');
REPLACE INTO `work_info` VALUES('C00000011','227');
REPLACE INTO `work_info` VALUES('C00000013','227');
REPLACE INTO `work_info` VALUES('C00000017','227');
REPLACE INTO `work_info` VALUES('C00000024','227');
REPLACE INTO `work_info` VALUES('C00000029','227');
REPLACE INTO `work_info` VALUES('C00000036','227');
REPLACE INTO `work_info` VALUES('C00000039','227');
REPLACE INTO `work_info` VALUES('C00000040','227');
REPLACE INTO `work_info` VALUES('C00000042','227');
REPLACE INTO `work_info` VALUES('C00000050','227');
REPLACE INTO `work_info` VALUES('C00001009','227');
REPLACE INTO `work_info` VALUES('C00001010','227');
REPLACE INTO `work_info` VALUES('C00001014','227');
REPLACE INTO `work_info` VALUES('C00001015','227');
REPLACE INTO `work_info` VALUES('C00001017','227');
REPLACE INTO `work_info` VALUES('C00000003','228');
REPLACE INTO `work_info` VALUES('C00000004','228');
REPLACE INTO `work_info` VALUES('C00000006','228');
REPLACE INTO `work_info` VALUES('C00000007','228');
REPLACE INTO `work_info` VALUES('C00000009','228');
REPLACE INTO `work_info` VALUES('C00000012','228');
REPLACE INTO `work_info` VALUES('C00000016','228');
REPLACE INTO `work_info` VALUES('C00000025','228');
REPLACE INTO `work_info` VALUES('C00000026','228');
REPLACE INTO `work_info` VALUES('C00000031','228');
REPLACE INTO `work_info` VALUES('C00000033','228');
REPLACE INTO `work_info` VALUES('C00000041','228');
REPLACE INTO `work_info` VALUES('C00000047','228');
REPLACE INTO `work_info` VALUES('C00000048','228');
REPLACE INTO `work_info` VALUES('C00001004','228');
REPLACE INTO `work_info` VALUES('C00001018','228');
REPLACE INTO `work_info` VALUES('C00001019','228');
REPLACE INTO `work_info` VALUES('C00000015','229');
REPLACE INTO `work_info` VALUES('C00000019','229');
REPLACE INTO `work_info` VALUES('C00000020','229');
REPLACE INTO `work_info` VALUES('C00000023','229');
REPLACE INTO `work_info` VALUES('C00000030','229');
REPLACE INTO `work_info` VALUES('C00000032','229');
REPLACE INTO `work_info` VALUES('C00000037','229');
REPLACE INTO `work_info` VALUES('C00000038','229');
REPLACE INTO `work_info` VALUES('C00000044','229');
REPLACE INTO `work_info` VALUES('C00000049','229');
REPLACE INTO `work_info` VALUES('C00001002','229');
REPLACE INTO `work_info` VALUES('C00001005','229');
REPLACE INTO `work_info` VALUES('C00001020','229');
REPLACE INTO `work_info` VALUES('C00000001','230');
REPLACE INTO `work_info` VALUES('C00000002','230');
REPLACE INTO `work_info` VALUES('C00000005','230');
REPLACE INTO `work_info` VALUES('C00000014','230');
REPLACE INTO `work_info` VALUES('C00000018','230');
REPLACE INTO `work_info` VALUES('C00000021','230');
REPLACE INTO `work_info` VALUES('C00000022','230');
REPLACE INTO `work_info` VALUES('C00000027','230');
REPLACE INTO `work_info` VALUES('C00000028','230');
REPLACE INTO `work_info` VALUES('C00000034','230');
REPLACE INTO `work_info` VALUES('C00000035','230');
REPLACE INTO `work_info` VALUES('C00000043','230');
REPLACE INTO `work_info` VALUES('C00000045','230');
REPLACE INTO `work_info` VALUES('C00000046','230');
REPLACE INTO `work_info` VALUES('C00001003','230');
REPLACE INTO `work_info` VALUES('C00001006','230');
REPLACE INTO `work_info` VALUES('C00001007','230');
REPLACE INTO `work_info` VALUES('C00001008','230');
REPLACE INTO `work_info` VALUES('C00001011','230');
REPLACE INTO `work_info` VALUES('C00001013','230');
REPLACE INTO `work_info` VALUES('C00001016','230');
REPLACE INTO `work_info` VALUES('C00000008','231');
REPLACE INTO `work_info` VALUES('C00000010','231');
REPLACE INTO `work_info` VALUES('C00000011','231');
REPLACE INTO `work_info` VALUES('C00000013','231');
REPLACE INTO `work_info` VALUES('C00000017','231');
REPLACE INTO `work_info` VALUES('C00000024','231');
REPLACE INTO `work_info` VALUES('C00000029','231');
REPLACE INTO `work_info` VALUES('C00000036','231');
REPLACE INTO `work_info` VALUES('C00000039','231');
REPLACE INTO `work_info` VALUES('C00000040','231');
REPLACE INTO `work_info` VALUES('C00000042','231');
REPLACE INTO `work_info` VALUES('C00000050','231');
REPLACE INTO `work_info` VALUES('C00001009','231');
REPLACE INTO `work_info` VALUES('C00001010','231');
REPLACE INTO `work_info` VALUES('C00001014','231');
REPLACE INTO `work_info` VALUES('C00001015','231');
REPLACE INTO `work_info` VALUES('C00001017','231');
REPLACE INTO `work_info` VALUES('C00000003','232');
REPLACE INTO `work_info` VALUES('C00000004','232');
REPLACE INTO `work_info` VALUES('C00000006','232');
REPLACE INTO `work_info` VALUES('C00000007','232');
REPLACE INTO `work_info` VALUES('C00000009','232');
REPLACE INTO `work_info` VALUES('C00000012','232');
REPLACE INTO `work_info` VALUES('C00000016','232');
REPLACE INTO `work_info` VALUES('C00000025','232');
REPLACE INTO `work_info` VALUES('C00000026','232');
REPLACE INTO `work_info` VALUES('C00000031','232');
REPLACE INTO `work_info` VALUES('C00000033','232');
REPLACE INTO `work_info` VALUES('C00000041','232');
REPLACE INTO `work_info` VALUES('C00000047','232');
REPLACE INTO `work_info` VALUES('C00000048','232');
REPLACE INTO `work_info` VALUES('C00001004','232');
REPLACE INTO `work_info` VALUES('C00001018','232');
REPLACE INTO `work_info` VALUES('C00001019','232');
REPLACE INTO `work_info` VALUES('C00000015','233');
REPLACE INTO `work_info` VALUES('C00000019','233');
REPLACE INTO `work_info` VALUES('C00000020','233');
REPLACE INTO `work_info` VALUES('C00000023','233');
REPLACE INTO `work_info` VALUES('C00000030','233');
REPLACE INTO `work_info` VALUES('C00000032','233');
REPLACE INTO `work_info` VALUES('C00000037','233');
REPLACE INTO `work_info` VALUES('C00000038','233');
REPLACE INTO `work_info` VALUES('C00000044','233');
REPLACE INTO `work_info` VALUES('C00000049','233');
REPLACE INTO `work_info` VALUES('C00001002','233');
REPLACE INTO `work_info` VALUES('C00001005','233');
REPLACE INTO `work_info` VALUES('C00001020','233');
REPLACE INTO `work_info` VALUES('C00000001','234');
REPLACE INTO `work_info` VALUES('C00000002','234');
REPLACE INTO `work_info` VALUES('C00000005','234');
REPLACE INTO `work_info` VALUES('C00000014','234');
REPLACE INTO `work_info` VALUES('C00000018','234');
REPLACE INTO `work_info` VALUES('C00000021','234');
REPLACE INTO `work_info` VALUES('C00000022','234');
REPLACE INTO `work_info` VALUES('C00000027','234');
REPLACE INTO `work_info` VALUES('C00000028','234');
REPLACE INTO `work_info` VALUES('C00000034','234');
REPLACE INTO `work_info` VALUES('C00000035','234');
REPLACE INTO `work_info` VALUES('C00000043','234');
REPLACE INTO `work_info` VALUES('C00000045','234');
REPLACE INTO `work_info` VALUES('C00000046','234');
REPLACE INTO `work_info` VALUES('C00001003','234');
REPLACE INTO `work_info` VALUES('C00001006','234');
REPLACE INTO `work_info` VALUES('C00001007','234');
REPLACE INTO `work_info` VALUES('C00001008','234');
REPLACE INTO `work_info` VALUES('C00001011','234');
REPLACE INTO `work_info` VALUES('C00001013','234');
REPLACE INTO `work_info` VALUES('C00001016','234');
REPLACE INTO `work_info` VALUES('C00000008','235');
REPLACE INTO `work_info` VALUES('C00000010','235');
REPLACE INTO `work_info` VALUES('C00000011','235');
REPLACE INTO `work_info` VALUES('C00000013','235');
REPLACE INTO `work_info` VALUES('C00000017','235');
REPLACE INTO `work_info` VALUES('C00000024','235');
REPLACE INTO `work_info` VALUES('C00000029','235');
REPLACE INTO `work_info` VALUES('C00000036','235');
REPLACE INTO `work_info` VALUES('C00000039','235');
REPLACE INTO `work_info` VALUES('C00000040','235');
REPLACE INTO `work_info` VALUES('C00000042','235');
REPLACE INTO `work_info` VALUES('C00000050','235');
REPLACE INTO `work_info` VALUES('C00001009','235');
REPLACE INTO `work_info` VALUES('C00001010','235');
REPLACE INTO `work_info` VALUES('C00001014','235');
REPLACE INTO `work_info` VALUES('C00001015','235');
REPLACE INTO `work_info` VALUES('C00001017','235');
REPLACE INTO `work_info` VALUES('C00000003','236');
REPLACE INTO `work_info` VALUES('C00000004','236');
REPLACE INTO `work_info` VALUES('C00000006','236');
REPLACE INTO `work_info` VALUES('C00000007','236');
REPLACE INTO `work_info` VALUES('C00000009','236');
REPLACE INTO `work_info` VALUES('C00000012','236');
REPLACE INTO `work_info` VALUES('C00000016','236');
REPLACE INTO `work_info` VALUES('C00000025','236');
REPLACE INTO `work_info` VALUES('C00000026','236');
REPLACE INTO `work_info` VALUES('C00000031','236');
REPLACE INTO `work_info` VALUES('C00000033','236');
REPLACE INTO `work_info` VALUES('C00000041','236');
REPLACE INTO `work_info` VALUES('C00000047','236');
REPLACE INTO `work_info` VALUES('C00000048','236');
REPLACE INTO `work_info` VALUES('C00001004','236');
REPLACE INTO `work_info` VALUES('C00001018','236');
REPLACE INTO `work_info` VALUES('C00001019','236');
REPLACE INTO `work_info` VALUES('C00000015','237');
REPLACE INTO `work_info` VALUES('C00000019','237');
REPLACE INTO `work_info` VALUES('C00000020','237');
REPLACE INTO `work_info` VALUES('C00000023','237');
REPLACE INTO `work_info` VALUES('C00000030','237');
REPLACE INTO `work_info` VALUES('C00000032','237');
REPLACE INTO `work_info` VALUES('C00000037','237');
REPLACE INTO `work_info` VALUES('C00000038','237');
REPLACE INTO `work_info` VALUES('C00000044','237');
REPLACE INTO `work_info` VALUES('C00000049','237');
REPLACE INTO `work_info` VALUES('C00001002','237');
REPLACE INTO `work_info` VALUES('C00001005','237');
REPLACE INTO `work_info` VALUES('C00001020','237');
REPLACE INTO `work_info` VALUES('C00000001','238');
REPLACE INTO `work_info` VALUES('C00000002','238');
REPLACE INTO `work_info` VALUES('C00000005','238');
REPLACE INTO `work_info` VALUES('C00000014','238');
REPLACE INTO `work_info` VALUES('C00000018','238');
REPLACE INTO `work_info` VALUES('C00000021','238');
REPLACE INTO `work_info` VALUES('C00000022','238');
REPLACE INTO `work_info` VALUES('C00000027','238');
REPLACE INTO `work_info` VALUES('C00000028','238');
REPLACE INTO `work_info` VALUES('C00000034','238');
REPLACE INTO `work_info` VALUES('C00000035','238');
REPLACE INTO `work_info` VALUES('C00000043','238');
REPLACE INTO `work_info` VALUES('C00000045','238');
REPLACE INTO `work_info` VALUES('C00000046','238');
REPLACE INTO `work_info` VALUES('C00001003','238');
REPLACE INTO `work_info` VALUES('C00001006','238');
REPLACE INTO `work_info` VALUES('C00001007','238');
REPLACE INTO `work_info` VALUES('C00001008','238');
REPLACE INTO `work_info` VALUES('C00001011','238');
REPLACE INTO `work_info` VALUES('C00001013','238');
REPLACE INTO `work_info` VALUES('C00001016','238');
REPLACE INTO `work_info` VALUES('C00000008','239');
REPLACE INTO `work_info` VALUES('C00000010','239');
REPLACE INTO `work_info` VALUES('C00000011','239');
REPLACE INTO `work_info` VALUES('C00000013','239');
REPLACE INTO `work_info` VALUES('C00000017','239');
REPLACE INTO `work_info` VALUES('C00000024','239');
REPLACE INTO `work_info` VALUES('C00000029','239');
REPLACE INTO `work_info` VALUES('C00000036','239');
REPLACE INTO `work_info` VALUES('C00000039','239');
REPLACE INTO `work_info` VALUES('C00000040','239');
REPLACE INTO `work_info` VALUES('C00000042','239');
REPLACE INTO `work_info` VALUES('C00000050','239');
REPLACE INTO `work_info` VALUES('C00001009','239');
REPLACE INTO `work_info` VALUES('C00001010','239');
REPLACE INTO `work_info` VALUES('C00001014','239');
REPLACE INTO `work_info` VALUES('C00001015','239');
REPLACE INTO `work_info` VALUES('C00001017','239');
REPLACE INTO `work_info` VALUES('C00000003','240');
REPLACE INTO `work_info` VALUES('C00000004','240');
REPLACE INTO `work_info` VALUES('C00000006','240');
REPLACE INTO `work_info` VALUES('C00000007','240');
REPLACE INTO `work_info` VALUES('C00000009','240');
REPLACE INTO `work_info` VALUES('C00000012','240');
REPLACE INTO `work_info` VALUES('C00000016','240');
REPLACE INTO `work_info` VALUES('C00000025','240');
REPLACE INTO `work_info` VALUES('C00000026','240');
REPLACE INTO `work_info` VALUES('C00000031','240');
REPLACE INTO `work_info` VALUES('C00000033','240');
REPLACE INTO `work_info` VALUES('C00000041','240');
REPLACE INTO `work_info` VALUES('C00000047','240');
REPLACE INTO `work_info` VALUES('C00000048','240');
REPLACE INTO `work_info` VALUES('C00001004','240');
REPLACE INTO `work_info` VALUES('C00001018','240');
REPLACE INTO `work_info` VALUES('C00001019','240');
REPLACE INTO `work_info` VALUES('C00000015','241');
REPLACE INTO `work_info` VALUES('C00000019','241');
REPLACE INTO `work_info` VALUES('C00000020','241');
REPLACE INTO `work_info` VALUES('C00000023','241');
REPLACE INTO `work_info` VALUES('C00000030','241');
REPLACE INTO `work_info` VALUES('C00000032','241');
REPLACE INTO `work_info` VALUES('C00000037','241');
REPLACE INTO `work_info` VALUES('C00000038','241');
REPLACE INTO `work_info` VALUES('C00000044','241');
REPLACE INTO `work_info` VALUES('C00000049','241');
REPLACE INTO `work_info` VALUES('C00001002','241');
REPLACE INTO `work_info` VALUES('C00001005','241');
REPLACE INTO `work_info` VALUES('C00001020','241');
REPLACE INTO `work_info` VALUES('C00000001','242');
REPLACE INTO `work_info` VALUES('C00000002','242');
REPLACE INTO `work_info` VALUES('C00000005','242');
REPLACE INTO `work_info` VALUES('C00000014','242');
REPLACE INTO `work_info` VALUES('C00000018','242');
REPLACE INTO `work_info` VALUES('C00000021','242');
REPLACE INTO `work_info` VALUES('C00000022','242');
REPLACE INTO `work_info` VALUES('C00000027','242');
REPLACE INTO `work_info` VALUES('C00000028','242');
REPLACE INTO `work_info` VALUES('C00000034','242');
REPLACE INTO `work_info` VALUES('C00000035','242');
REPLACE INTO `work_info` VALUES('C00000043','242');
REPLACE INTO `work_info` VALUES('C00000045','242');
REPLACE INTO `work_info` VALUES('C00000046','242');
REPLACE INTO `work_info` VALUES('C00001003','242');
REPLACE INTO `work_info` VALUES('C00001006','242');
REPLACE INTO `work_info` VALUES('C00001007','242');
REPLACE INTO `work_info` VALUES('C00001008','242');
REPLACE INTO `work_info` VALUES('C00001011','242');
REPLACE INTO `work_info` VALUES('C00001013','242');
REPLACE INTO `work_info` VALUES('C00001016','242');
REPLACE INTO `work_info` VALUES('C00000008','243');
REPLACE INTO `work_info` VALUES('C00000010','243');
REPLACE INTO `work_info` VALUES('C00000011','243');
REPLACE INTO `work_info` VALUES('C00000013','243');
REPLACE INTO `work_info` VALUES('C00000017','243');
REPLACE INTO `work_info` VALUES('C00000024','243');
REPLACE INTO `work_info` VALUES('C00000029','243');
REPLACE INTO `work_info` VALUES('C00000036','243');
REPLACE INTO `work_info` VALUES('C00000039','243');
REPLACE INTO `work_info` VALUES('C00000040','243');
REPLACE INTO `work_info` VALUES('C00000042','243');
REPLACE INTO `work_info` VALUES('C00000050','243');
REPLACE INTO `work_info` VALUES('C00001009','243');
REPLACE INTO `work_info` VALUES('C00001010','243');
REPLACE INTO `work_info` VALUES('C00001014','243');
REPLACE INTO `work_info` VALUES('C00001015','243');
REPLACE INTO `work_info` VALUES('C00001017','243');
REPLACE INTO `work_info` VALUES('C00000003','244');
REPLACE INTO `work_info` VALUES('C00000004','244');
REPLACE INTO `work_info` VALUES('C00000006','244');
REPLACE INTO `work_info` VALUES('C00000007','244');
REPLACE INTO `work_info` VALUES('C00000009','244');
REPLACE INTO `work_info` VALUES('C00000012','244');
REPLACE INTO `work_info` VALUES('C00000016','244');
REPLACE INTO `work_info` VALUES('C00000025','244');
REPLACE INTO `work_info` VALUES('C00000026','244');
REPLACE INTO `work_info` VALUES('C00000031','244');
REPLACE INTO `work_info` VALUES('C00000033','244');
REPLACE INTO `work_info` VALUES('C00000041','244');
REPLACE INTO `work_info` VALUES('C00000047','244');
REPLACE INTO `work_info` VALUES('C00000048','244');
REPLACE INTO `work_info` VALUES('C00001004','244');
REPLACE INTO `work_info` VALUES('C00001018','244');
REPLACE INTO `work_info` VALUES('C00001019','244');
REPLACE INTO `work_info` VALUES('C00000015','245');
REPLACE INTO `work_info` VALUES('C00000019','245');
REPLACE INTO `work_info` VALUES('C00000020','245');
REPLACE INTO `work_info` VALUES('C00000023','245');
REPLACE INTO `work_info` VALUES('C00000030','245');
REPLACE INTO `work_info` VALUES('C00000032','245');
REPLACE INTO `work_info` VALUES('C00000037','245');
REPLACE INTO `work_info` VALUES('C00000038','245');
REPLACE INTO `work_info` VALUES('C00000044','245');
REPLACE INTO `work_info` VALUES('C00000049','245');
REPLACE INTO `work_info` VALUES('C00001002','245');
REPLACE INTO `work_info` VALUES('C00001005','245');
REPLACE INTO `work_info` VALUES('C00001020','245');
REPLACE INTO `work_info` VALUES('C00000001','246');
REPLACE INTO `work_info` VALUES('C00000002','246');
REPLACE INTO `work_info` VALUES('C00000005','246');
REPLACE INTO `work_info` VALUES('C00000014','246');
REPLACE INTO `work_info` VALUES('C00000018','246');
REPLACE INTO `work_info` VALUES('C00000021','246');
REPLACE INTO `work_info` VALUES('C00000022','246');
REPLACE INTO `work_info` VALUES('C00000027','246');
REPLACE INTO `work_info` VALUES('C00000028','246');
REPLACE INTO `work_info` VALUES('C00000034','246');
REPLACE INTO `work_info` VALUES('C00000035','246');
REPLACE INTO `work_info` VALUES('C00000043','246');
REPLACE INTO `work_info` VALUES('C00000045','246');
REPLACE INTO `work_info` VALUES('C00000046','246');
REPLACE INTO `work_info` VALUES('C00001003','246');
REPLACE INTO `work_info` VALUES('C00001006','246');
REPLACE INTO `work_info` VALUES('C00001007','246');
REPLACE INTO `work_info` VALUES('C00001008','246');
REPLACE INTO `work_info` VALUES('C00001011','246');
REPLACE INTO `work_info` VALUES('C00001013','246');
REPLACE INTO `work_info` VALUES('C00001016','246');
REPLACE INTO `work_info` VALUES('C00000008','247');
REPLACE INTO `work_info` VALUES('C00000010','247');
REPLACE INTO `work_info` VALUES('C00000011','247');
REPLACE INTO `work_info` VALUES('C00000013','247');
REPLACE INTO `work_info` VALUES('C00000017','247');
REPLACE INTO `work_info` VALUES('C00000024','247');
REPLACE INTO `work_info` VALUES('C00000029','247');
REPLACE INTO `work_info` VALUES('C00000036','247');
REPLACE INTO `work_info` VALUES('C00000039','247');
REPLACE INTO `work_info` VALUES('C00000040','247');
REPLACE INTO `work_info` VALUES('C00000042','247');
REPLACE INTO `work_info` VALUES('C00000050','247');
REPLACE INTO `work_info` VALUES('C00001009','247');
REPLACE INTO `work_info` VALUES('C00001010','247');
REPLACE INTO `work_info` VALUES('C00001014','247');
REPLACE INTO `work_info` VALUES('C00001015','247');
REPLACE INTO `work_info` VALUES('C00001017','247');
REPLACE INTO `work_info` VALUES('C00000003','248');
REPLACE INTO `work_info` VALUES('C00000004','248');
REPLACE INTO `work_info` VALUES('C00000006','248');
REPLACE INTO `work_info` VALUES('C00000007','248');
REPLACE INTO `work_info` VALUES('C00000009','248');
REPLACE INTO `work_info` VALUES('C00000012','248');
REPLACE INTO `work_info` VALUES('C00000016','248');
REPLACE INTO `work_info` VALUES('C00000025','248');
REPLACE INTO `work_info` VALUES('C00000026','248');
REPLACE INTO `work_info` VALUES('C00000031','248');
REPLACE INTO `work_info` VALUES('C00000033','248');
REPLACE INTO `work_info` VALUES('C00000041','248');
REPLACE INTO `work_info` VALUES('C00000047','248');
REPLACE INTO `work_info` VALUES('C00000048','248');
REPLACE INTO `work_info` VALUES('C00001004','248');
REPLACE INTO `work_info` VALUES('C00001018','248');
REPLACE INTO `work_info` VALUES('C00001019','248');
REPLACE INTO `work_info` VALUES('C00000015','249');
REPLACE INTO `work_info` VALUES('C00000019','249');
REPLACE INTO `work_info` VALUES('C00000020','249');
REPLACE INTO `work_info` VALUES('C00000023','249');
REPLACE INTO `work_info` VALUES('C00000030','249');
REPLACE INTO `work_info` VALUES('C00000032','249');
REPLACE INTO `work_info` VALUES('C00000037','249');
REPLACE INTO `work_info` VALUES('C00000038','249');
REPLACE INTO `work_info` VALUES('C00000044','249');
REPLACE INTO `work_info` VALUES('C00000049','249');
REPLACE INTO `work_info` VALUES('C00001002','249');
REPLACE INTO `work_info` VALUES('C00001005','249');
REPLACE INTO `work_info` VALUES('C00001020','249');
REPLACE INTO `work_info` VALUES('C00000001','250');
REPLACE INTO `work_info` VALUES('C00000002','250');
REPLACE INTO `work_info` VALUES('C00000005','250');
REPLACE INTO `work_info` VALUES('C00000014','250');
REPLACE INTO `work_info` VALUES('C00000018','250');
REPLACE INTO `work_info` VALUES('C00000021','250');
REPLACE INTO `work_info` VALUES('C00000022','250');
REPLACE INTO `work_info` VALUES('C00000027','250');
REPLACE INTO `work_info` VALUES('C00000028','250');
REPLACE INTO `work_info` VALUES('C00000034','250');
REPLACE INTO `work_info` VALUES('C00000035','250');
REPLACE INTO `work_info` VALUES('C00000043','250');
REPLACE INTO `work_info` VALUES('C00000045','250');
REPLACE INTO `work_info` VALUES('C00000046','250');
REPLACE INTO `work_info` VALUES('C00001003','250');
REPLACE INTO `work_info` VALUES('C00001006','250');
REPLACE INTO `work_info` VALUES('C00001007','250');
REPLACE INTO `work_info` VALUES('C00001008','250');
REPLACE INTO `work_info` VALUES('C00001011','250');
REPLACE INTO `work_info` VALUES('C00001013','250');
REPLACE INTO `work_info` VALUES('C00001016','250');
REPLACE INTO `work_info` VALUES('C00000008','251');
REPLACE INTO `work_info` VALUES('C00000010','251');
REPLACE INTO `work_info` VALUES('C00000011','251');
REPLACE INTO `work_info` VALUES('C00000013','251');
REPLACE INTO `work_info` VALUES('C00000017','251');
REPLACE INTO `work_info` VALUES('C00000024','251');
REPLACE INTO `work_info` VALUES('C00000029','251');
REPLACE INTO `work_info` VALUES('C00000036','251');
REPLACE INTO `work_info` VALUES('C00000039','251');
REPLACE INTO `work_info` VALUES('C00000040','251');
REPLACE INTO `work_info` VALUES('C00000042','251');
REPLACE INTO `work_info` VALUES('C00000050','251');
REPLACE INTO `work_info` VALUES('C00001009','251');
REPLACE INTO `work_info` VALUES('C00001010','251');
REPLACE INTO `work_info` VALUES('C00001014','251');
REPLACE INTO `work_info` VALUES('C00001015','251');
REPLACE INTO `work_info` VALUES('C00001017','251');
REPLACE INTO `work_info` VALUES('C00000003','252');
REPLACE INTO `work_info` VALUES('C00000004','252');
REPLACE INTO `work_info` VALUES('C00000006','252');
REPLACE INTO `work_info` VALUES('C00000007','252');
REPLACE INTO `work_info` VALUES('C00000009','252');
REPLACE INTO `work_info` VALUES('C00000012','252');
REPLACE INTO `work_info` VALUES('C00000016','252');
REPLACE INTO `work_info` VALUES('C00000025','252');
REPLACE INTO `work_info` VALUES('C00000026','252');
REPLACE INTO `work_info` VALUES('C00000031','252');
REPLACE INTO `work_info` VALUES('C00000033','252');
REPLACE INTO `work_info` VALUES('C00000041','252');
REPLACE INTO `work_info` VALUES('C00000047','252');
REPLACE INTO `work_info` VALUES('C00000048','252');
REPLACE INTO `work_info` VALUES('C00001004','252');
REPLACE INTO `work_info` VALUES('C00001018','252');
REPLACE INTO `work_info` VALUES('C00001019','252');
REPLACE INTO `work_info` VALUES('C00000015','253');
REPLACE INTO `work_info` VALUES('C00000019','253');
REPLACE INTO `work_info` VALUES('C00000020','253');
REPLACE INTO `work_info` VALUES('C00000023','253');
REPLACE INTO `work_info` VALUES('C00000030','253');
REPLACE INTO `work_info` VALUES('C00000032','253');
REPLACE INTO `work_info` VALUES('C00000037','253');
REPLACE INTO `work_info` VALUES('C00000038','253');
REPLACE INTO `work_info` VALUES('C00000044','253');
REPLACE INTO `work_info` VALUES('C00000049','253');
REPLACE INTO `work_info` VALUES('C00001002','253');
REPLACE INTO `work_info` VALUES('C00001005','253');
REPLACE INTO `work_info` VALUES('C00001020','253');
REPLACE INTO `work_info` VALUES('C00000001','254');
REPLACE INTO `work_info` VALUES('C00000002','254');
REPLACE INTO `work_info` VALUES('C00000005','254');
REPLACE INTO `work_info` VALUES('C00000014','254');
REPLACE INTO `work_info` VALUES('C00000018','254');
REPLACE INTO `work_info` VALUES('C00000021','254');
REPLACE INTO `work_info` VALUES('C00000022','254');
REPLACE INTO `work_info` VALUES('C00000027','254');
REPLACE INTO `work_info` VALUES('C00000028','254');
REPLACE INTO `work_info` VALUES('C00000034','254');
REPLACE INTO `work_info` VALUES('C00000035','254');
REPLACE INTO `work_info` VALUES('C00000043','254');
REPLACE INTO `work_info` VALUES('C00000045','254');
REPLACE INTO `work_info` VALUES('C00000046','254');
REPLACE INTO `work_info` VALUES('C00001003','254');
REPLACE INTO `work_info` VALUES('C00001006','254');
REPLACE INTO `work_info` VALUES('C00001007','254');
REPLACE INTO `work_info` VALUES('C00001008','254');
REPLACE INTO `work_info` VALUES('C00001011','254');
REPLACE INTO `work_info` VALUES('C00001013','254');
REPLACE INTO `work_info` VALUES('C00001016','254');
REPLACE INTO `work_info` VALUES('C00000008','255');
REPLACE INTO `work_info` VALUES('C00000010','255');
REPLACE INTO `work_info` VALUES('C00000011','255');
REPLACE INTO `work_info` VALUES('C00000013','255');
REPLACE INTO `work_info` VALUES('C00000017','255');
REPLACE INTO `work_info` VALUES('C00000024','255');
REPLACE INTO `work_info` VALUES('C00000029','255');
REPLACE INTO `work_info` VALUES('C00000036','255');
REPLACE INTO `work_info` VALUES('C00000039','255');
REPLACE INTO `work_info` VALUES('C00000040','255');
REPLACE INTO `work_info` VALUES('C00000042','255');
REPLACE INTO `work_info` VALUES('C00000050','255');
REPLACE INTO `work_info` VALUES('C00001009','255');
REPLACE INTO `work_info` VALUES('C00001010','255');
REPLACE INTO `work_info` VALUES('C00001014','255');
REPLACE INTO `work_info` VALUES('C00001015','255');
REPLACE INTO `work_info` VALUES('C00001017','255');
REPLACE INTO `work_info` VALUES('C00000003','256');
REPLACE INTO `work_info` VALUES('C00000004','256');
REPLACE INTO `work_info` VALUES('C00000006','256');
REPLACE INTO `work_info` VALUES('C00000007','256');
REPLACE INTO `work_info` VALUES('C00000009','256');
REPLACE INTO `work_info` VALUES('C00000012','256');
REPLACE INTO `work_info` VALUES('C00000016','256');
REPLACE INTO `work_info` VALUES('C00000025','256');
REPLACE INTO `work_info` VALUES('C00000026','256');
REPLACE INTO `work_info` VALUES('C00000031','256');
REPLACE INTO `work_info` VALUES('C00000033','256');
REPLACE INTO `work_info` VALUES('C00000041','256');
REPLACE INTO `work_info` VALUES('C00000047','256');
REPLACE INTO `work_info` VALUES('C00000048','256');
REPLACE INTO `work_info` VALUES('C00001004','256');
REPLACE INTO `work_info` VALUES('C00001018','256');
REPLACE INTO `work_info` VALUES('C00001019','256');
REPLACE INTO `work_info` VALUES('C00000015','257');
REPLACE INTO `work_info` VALUES('C00000019','257');
REPLACE INTO `work_info` VALUES('C00000020','257');
REPLACE INTO `work_info` VALUES('C00000023','257');
REPLACE INTO `work_info` VALUES('C00000030','257');
REPLACE INTO `work_info` VALUES('C00000032','257');
REPLACE INTO `work_info` VALUES('C00000037','257');
REPLACE INTO `work_info` VALUES('C00000038','257');
REPLACE INTO `work_info` VALUES('C00000044','257');
REPLACE INTO `work_info` VALUES('C00000049','257');
REPLACE INTO `work_info` VALUES('C00001002','257');
REPLACE INTO `work_info` VALUES('C00001005','257');
REPLACE INTO `work_info` VALUES('C00001020','257');
REPLACE INTO `work_info` VALUES('C00000001','258');
REPLACE INTO `work_info` VALUES('C00000002','258');
REPLACE INTO `work_info` VALUES('C00000005','258');
REPLACE INTO `work_info` VALUES('C00000014','258');
REPLACE INTO `work_info` VALUES('C00000018','258');
REPLACE INTO `work_info` VALUES('C00000021','258');
REPLACE INTO `work_info` VALUES('C00000022','258');
REPLACE INTO `work_info` VALUES('C00000027','258');
REPLACE INTO `work_info` VALUES('C00000028','258');
REPLACE INTO `work_info` VALUES('C00000034','258');
REPLACE INTO `work_info` VALUES('C00000035','258');
REPLACE INTO `work_info` VALUES('C00000043','258');
REPLACE INTO `work_info` VALUES('C00000045','258');
REPLACE INTO `work_info` VALUES('C00000046','258');
REPLACE INTO `work_info` VALUES('C00001003','258');
REPLACE INTO `work_info` VALUES('C00001006','258');
REPLACE INTO `work_info` VALUES('C00001007','258');
REPLACE INTO `work_info` VALUES('C00001008','258');
REPLACE INTO `work_info` VALUES('C00001011','258');
REPLACE INTO `work_info` VALUES('C00001013','258');
REPLACE INTO `work_info` VALUES('C00001016','258');
REPLACE INTO `work_info` VALUES('C00000008','259');
REPLACE INTO `work_info` VALUES('C00000010','259');
REPLACE INTO `work_info` VALUES('C00000011','259');
REPLACE INTO `work_info` VALUES('C00000013','259');
REPLACE INTO `work_info` VALUES('C00000017','259');
REPLACE INTO `work_info` VALUES('C00000024','259');
REPLACE INTO `work_info` VALUES('C00000029','259');
REPLACE INTO `work_info` VALUES('C00000036','259');
REPLACE INTO `work_info` VALUES('C00000039','259');
REPLACE INTO `work_info` VALUES('C00000040','259');
REPLACE INTO `work_info` VALUES('C00000042','259');
REPLACE INTO `work_info` VALUES('C00000050','259');
REPLACE INTO `work_info` VALUES('C00001009','259');
REPLACE INTO `work_info` VALUES('C00001010','259');
REPLACE INTO `work_info` VALUES('C00001014','259');
REPLACE INTO `work_info` VALUES('C00001015','259');
REPLACE INTO `work_info` VALUES('C00001017','259');
REPLACE INTO `work_info` VALUES('C00000003','260');
REPLACE INTO `work_info` VALUES('C00000004','260');
REPLACE INTO `work_info` VALUES('C00000006','260');
REPLACE INTO `work_info` VALUES('C00000007','260');
REPLACE INTO `work_info` VALUES('C00000009','260');
REPLACE INTO `work_info` VALUES('C00000012','260');
REPLACE INTO `work_info` VALUES('C00000016','260');
REPLACE INTO `work_info` VALUES('C00000025','260');
REPLACE INTO `work_info` VALUES('C00000026','260');
REPLACE INTO `work_info` VALUES('C00000031','260');
REPLACE INTO `work_info` VALUES('C00000033','260');
REPLACE INTO `work_info` VALUES('C00000041','260');
REPLACE INTO `work_info` VALUES('C00000047','260');
REPLACE INTO `work_info` VALUES('C00000048','260');
REPLACE INTO `work_info` VALUES('C00001004','260');
REPLACE INTO `work_info` VALUES('C00001018','260');
REPLACE INTO `work_info` VALUES('C00001019','260');
REPLACE INTO `work_info` VALUES('C00000015','261');
REPLACE INTO `work_info` VALUES('C00000019','261');
REPLACE INTO `work_info` VALUES('C00000020','261');
REPLACE INTO `work_info` VALUES('C00000023','261');
REPLACE INTO `work_info` VALUES('C00000030','261');
REPLACE INTO `work_info` VALUES('C00000032','261');
REPLACE INTO `work_info` VALUES('C00000037','261');
REPLACE INTO `work_info` VALUES('C00000038','261');
REPLACE INTO `work_info` VALUES('C00000044','261');
REPLACE INTO `work_info` VALUES('C00000049','261');
REPLACE INTO `work_info` VALUES('C00001002','261');
REPLACE INTO `work_info` VALUES('C00001005','261');
REPLACE INTO `work_info` VALUES('C00001020','261');
REPLACE INTO `work_info` VALUES('C00000001','262');
REPLACE INTO `work_info` VALUES('C00000002','262');
REPLACE INTO `work_info` VALUES('C00000005','262');
REPLACE INTO `work_info` VALUES('C00000014','262');
REPLACE INTO `work_info` VALUES('C00000018','262');
REPLACE INTO `work_info` VALUES('C00000021','262');
REPLACE INTO `work_info` VALUES('C00000022','262');
REPLACE INTO `work_info` VALUES('C00000027','262');
REPLACE INTO `work_info` VALUES('C00000028','262');
REPLACE INTO `work_info` VALUES('C00000034','262');
REPLACE INTO `work_info` VALUES('C00000035','262');
REPLACE INTO `work_info` VALUES('C00000043','262');
REPLACE INTO `work_info` VALUES('C00000045','262');
REPLACE INTO `work_info` VALUES('C00000046','262');
REPLACE INTO `work_info` VALUES('C00001003','262');
REPLACE INTO `work_info` VALUES('C00001006','262');
REPLACE INTO `work_info` VALUES('C00001007','262');
REPLACE INTO `work_info` VALUES('C00001008','262');
REPLACE INTO `work_info` VALUES('C00001011','262');
REPLACE INTO `work_info` VALUES('C00001013','262');
REPLACE INTO `work_info` VALUES('C00001016','262');
REPLACE INTO `work_info` VALUES('C00000008','263');
REPLACE INTO `work_info` VALUES('C00000010','263');
REPLACE INTO `work_info` VALUES('C00000011','263');
REPLACE INTO `work_info` VALUES('C00000013','263');
REPLACE INTO `work_info` VALUES('C00000017','263');
REPLACE INTO `work_info` VALUES('C00000024','263');
REPLACE INTO `work_info` VALUES('C00000029','263');
REPLACE INTO `work_info` VALUES('C00000036','263');
REPLACE INTO `work_info` VALUES('C00000039','263');
REPLACE INTO `work_info` VALUES('C00000040','263');
REPLACE INTO `work_info` VALUES('C00000042','263');
REPLACE INTO `work_info` VALUES('C00000050','263');
REPLACE INTO `work_info` VALUES('C00001009','263');
REPLACE INTO `work_info` VALUES('C00001010','263');
REPLACE INTO `work_info` VALUES('C00001014','263');
REPLACE INTO `work_info` VALUES('C00001015','263');
REPLACE INTO `work_info` VALUES('C00001017','263');
REPLACE INTO `work_info` VALUES('C00000003','264');
REPLACE INTO `work_info` VALUES('C00000004','264');
REPLACE INTO `work_info` VALUES('C00000006','264');
REPLACE INTO `work_info` VALUES('C00000007','264');
REPLACE INTO `work_info` VALUES('C00000009','264');
REPLACE INTO `work_info` VALUES('C00000012','264');
REPLACE INTO `work_info` VALUES('C00000016','264');
REPLACE INTO `work_info` VALUES('C00000025','264');
REPLACE INTO `work_info` VALUES('C00000026','264');
REPLACE INTO `work_info` VALUES('C00000031','264');
REPLACE INTO `work_info` VALUES('C00000033','264');
REPLACE INTO `work_info` VALUES('C00000041','264');
REPLACE INTO `work_info` VALUES('C00000047','264');
REPLACE INTO `work_info` VALUES('C00000048','264');
REPLACE INTO `work_info` VALUES('C00001004','264');
REPLACE INTO `work_info` VALUES('C00001018','264');
REPLACE INTO `work_info` VALUES('C00001019','264');
REPLACE INTO `work_info` VALUES('C00000015','265');
REPLACE INTO `work_info` VALUES('C00000019','265');
REPLACE INTO `work_info` VALUES('C00000020','265');
REPLACE INTO `work_info` VALUES('C00000023','265');
REPLACE INTO `work_info` VALUES('C00000030','265');
REPLACE INTO `work_info` VALUES('C00000032','265');
REPLACE INTO `work_info` VALUES('C00000037','265');
REPLACE INTO `work_info` VALUES('C00000038','265');
REPLACE INTO `work_info` VALUES('C00000044','265');
REPLACE INTO `work_info` VALUES('C00000049','265');
REPLACE INTO `work_info` VALUES('C00001002','265');
REPLACE INTO `work_info` VALUES('C00001005','265');
REPLACE INTO `work_info` VALUES('C00001020','265');
REPLACE INTO `work_info` VALUES('C00000001','266');
REPLACE INTO `work_info` VALUES('C00000002','266');
REPLACE INTO `work_info` VALUES('C00000005','266');
REPLACE INTO `work_info` VALUES('C00000014','266');
REPLACE INTO `work_info` VALUES('C00000018','266');
REPLACE INTO `work_info` VALUES('C00000021','266');
REPLACE INTO `work_info` VALUES('C00000022','266');
REPLACE INTO `work_info` VALUES('C00000027','266');
REPLACE INTO `work_info` VALUES('C00000028','266');
REPLACE INTO `work_info` VALUES('C00000034','266');
REPLACE INTO `work_info` VALUES('C00000035','266');
REPLACE INTO `work_info` VALUES('C00000043','266');
REPLACE INTO `work_info` VALUES('C00000045','266');
REPLACE INTO `work_info` VALUES('C00000046','266');
REPLACE INTO `work_info` VALUES('C00001003','266');
REPLACE INTO `work_info` VALUES('C00001006','266');
REPLACE INTO `work_info` VALUES('C00001007','266');
REPLACE INTO `work_info` VALUES('C00001008','266');
REPLACE INTO `work_info` VALUES('C00001011','266');
REPLACE INTO `work_info` VALUES('C00001013','266');
REPLACE INTO `work_info` VALUES('C00001016','266');
REPLACE INTO `work_info` VALUES('C00000008','267');
REPLACE INTO `work_info` VALUES('C00000010','267');
REPLACE INTO `work_info` VALUES('C00000011','267');
REPLACE INTO `work_info` VALUES('C00000013','267');
REPLACE INTO `work_info` VALUES('C00000017','267');
REPLACE INTO `work_info` VALUES('C00000024','267');
REPLACE INTO `work_info` VALUES('C00000029','267');
REPLACE INTO `work_info` VALUES('C00000036','267');
REPLACE INTO `work_info` VALUES('C00000039','267');
REPLACE INTO `work_info` VALUES('C00000040','267');
REPLACE INTO `work_info` VALUES('C00000042','267');
REPLACE INTO `work_info` VALUES('C00000050','267');
REPLACE INTO `work_info` VALUES('C00001009','267');
REPLACE INTO `work_info` VALUES('C00001010','267');
REPLACE INTO `work_info` VALUES('C00001014','267');
REPLACE INTO `work_info` VALUES('C00001015','267');
REPLACE INTO `work_info` VALUES('C00001017','267');
REPLACE INTO `work_info` VALUES('C00000003','268');
REPLACE INTO `work_info` VALUES('C00000004','268');
REPLACE INTO `work_info` VALUES('C00000006','268');
REPLACE INTO `work_info` VALUES('C00000007','268');
REPLACE INTO `work_info` VALUES('C00000009','268');
REPLACE INTO `work_info` VALUES('C00000012','268');
REPLACE INTO `work_info` VALUES('C00000016','268');
REPLACE INTO `work_info` VALUES('C00000025','268');
REPLACE INTO `work_info` VALUES('C00000026','268');
REPLACE INTO `work_info` VALUES('C00000031','268');
REPLACE INTO `work_info` VALUES('C00000033','268');
REPLACE INTO `work_info` VALUES('C00000041','268');
REPLACE INTO `work_info` VALUES('C00000047','268');
REPLACE INTO `work_info` VALUES('C00000048','268');
REPLACE INTO `work_info` VALUES('C00001004','268');
REPLACE INTO `work_info` VALUES('C00001018','268');
REPLACE INTO `work_info` VALUES('C00001019','268');
REPLACE INTO `work_info` VALUES('C00000010','269');
REPLACE INTO `work_info` VALUES('C00000015','269');
REPLACE INTO `work_info` VALUES('C00000019','269');
REPLACE INTO `work_info` VALUES('C00000020','269');
REPLACE INTO `work_info` VALUES('C00000023','269');
REPLACE INTO `work_info` VALUES('C00000030','269');
REPLACE INTO `work_info` VALUES('C00000032','269');
REPLACE INTO `work_info` VALUES('C00000037','269');
REPLACE INTO `work_info` VALUES('C00000038','269');
REPLACE INTO `work_info` VALUES('C00000044','269');
REPLACE INTO `work_info` VALUES('C00000049','269');
REPLACE INTO `work_info` VALUES('C00001005','269');
REPLACE INTO `work_info` VALUES('C00001020','269');
REPLACE INTO `work_info` VALUES('C00000001','270');
REPLACE INTO `work_info` VALUES('C00000002','270');
REPLACE INTO `work_info` VALUES('C00000005','270');
REPLACE INTO `work_info` VALUES('C00000014','270');
REPLACE INTO `work_info` VALUES('C00000018','270');
REPLACE INTO `work_info` VALUES('C00000021','270');
REPLACE INTO `work_info` VALUES('C00000022','270');
REPLACE INTO `work_info` VALUES('C00000027','270');
REPLACE INTO `work_info` VALUES('C00000028','270');
REPLACE INTO `work_info` VALUES('C00000034','270');
REPLACE INTO `work_info` VALUES('C00000035','270');
REPLACE INTO `work_info` VALUES('C00000043','270');
REPLACE INTO `work_info` VALUES('C00000045','270');
REPLACE INTO `work_info` VALUES('C00000046','270');
REPLACE INTO `work_info` VALUES('C00001003','270');
REPLACE INTO `work_info` VALUES('C00001006','270');
REPLACE INTO `work_info` VALUES('C00001007','270');
REPLACE INTO `work_info` VALUES('C00001008','270');
REPLACE INTO `work_info` VALUES('C00001011','270');
REPLACE INTO `work_info` VALUES('C00001013','270');
REPLACE INTO `work_info` VALUES('C00001016','270');
